# Created by Octave 11.3.0, Mon Aug 24 20:13:22 2026 CEST
# name: tpos
# type: matrix
# rows: 8269
# columns: 1
 0
 0.000522
 0.0010440454545454546
 0.0015660454545454545
 0.0020880454545454544
 0.0026010454545454544
 0.0031140454545454544
 0.0036270454545454544
 0.004139818181818182
 0.0046440454545454545
 0.0052200454545454546
 0.005786818181818182
 0.0063540454545454542
 0.0069210454545454549
 0.0074878181818181814
 0.008046045454545455
 0.0086040454545454545
 0.009162045454545454
 0.0097110454545454548
 0.010260045454545454
 0.010809045454545455
 0.011358045454545454
 0.011898045454545455
 0.012438045454545455
 0.012978045454545454
 0.013518045454545454
 0.014049045454545455
 0.014580045454545455
 0.015111045454545455
 0.015633045454545455
 0.016155045454545453
 0.016677045454545455
 0.017199045454545453
 0.017712045454545456
 0.018297045454545455
 0.018873045454545455
 0.019449045454545455
 0.020025045454545455
 0.020601045454545455
 0.021168045454545453
 0.021735045454545455
 0.022302045454545453
 0.022869045454545454
 0.023427045454545454
 0.023985045454545453
 0.024543045454545456
 0.025092045454545454
 0.025641045454545455
 0.026190045454545455
 0.026739045454545453
 0.027279045454545455
 0.027819045454545454
 0.028359045454545456
 0.028899045454545455
 0.029430045454545455
 0.029961045454545455
 0.030492045454545456
 0.031014045454545454
 0.031535909090909094
 0.032058045454545457
 0.032580045454545452
 0.033093045454545451
 0.033606045454545458
 0.034119045454545457
 0.034632045454545457
 0.035136045454545455
 0.035640090909090906
 0.036143863636363634
 0.036639090909090906
 0.037134090909090908
 0.037629090909090911
 0.038124090909090906
 0.038610090909090906
 0.039095863636363637
 0.039582090909090907
 0.040068090909090907
 0.040545090909090906
 0.041022090909090911
 0.041499090909090909
 0.041966863636363635
 0.042435090909090908
 0.042903090909090912
 0.043371090909090908
 0.043830090909090909
 0.044360863636363636
 0.044892090909090909
 0.045423090909090906
 0.045945090909090908
 0.046467090909090909
 0.046989090909090911
 0.047511090909090913
 0.048024090909090912
 0.048537090909090912
 0.049050090909090911
 0.049563090909090911
 0.050067090909090908
 0.050571090909090906
 0.05107509090909091
 0.051570090909090906
 0.052065090909090908
 0.05256009090909091
 0.053055090909090906
 0.053541090909090906
 0.054027090909090907
 0.054513090909090907
 0.054999090909090907
 0.055476090909090912
 0.055953090909090911
 0.056430090909090909
 0.056898090909090912
 0.057438090909090911
 0.05797809090909091
 0.058518090909090908
 0.059058090909090907
 0.059589090909090911
 0.060120090909090908
 0.060651090909090911
 0.061173090909090906
 0.061695090909090908
 0.062217090909090909
 0.062739090909090911
 0.063252090909090911
 0.06376509090909091
 0.06427809090909091
 0.064791090909090909
 0.065295090909090914
 0.065799090909090904
 0.066303090909090909
 0.066798090909090904
 0.067293090909090914
 0.067788090909090909
 0.068283090909090904
 0.068769090909090905
 0.069255090909090905
 0.069741136363636366
 0.07029013636363636
 0.070839136363636368
 0.071388136363636362
 0.07193713636363637
 0.072477136363636369
 0.073017136363636367
 0.073557136363636366
 0.074097136363636365
 0.074628136363636369
 0.075159136363636359
 0.075690136363636362
 0.076212136363636357
 0.076734136363636365
 0.07725613636363636
 0.077778136363636369
 0.078291136363636368
 0.078804136363636368
 0.079317136363636367
 0.079830136363636367
 0.080334136363636358
 0.080838136363636362
 0.081342136363636366
 0.081837136363636362
 0.082332136363636357
 0.082899136363636369
 0.083457136363636358
 0.084015136363636361
 0.084573136363636364
 0.085122136363636358
 0.085671136363636366
 0.08622013636363636
 0.086769136363636368
 0.087309136363636367
 0.087849136363636365
 0.088389136363636364
 0.088929136363636363
 0.089460136363636367
 0.08999113636363637
 0.09052213636363636
 0.091044136363636369
 0.091566136363636363
 0.092088136363636358
 0.092610136363636367
 0.093123136363636366
 0.093636136363636366
 0.094149136363636365
 0.094662136363636365
 0.095166136363636369
 0.095742136363636363
 0.096309136363636361
 0.096876136363636359
 0.097443136363636357
 0.098010136363636369
 0.098568136363636358
 0.099126136363636361
 0.099684136363636364
 0.10023313636363636
 0.10078213636363637
 0.10133113636363636
 0.10188013636363637
 0.10242013636363637
 0.10296013636363636
 0.10350013636363636
 0.10404013636363636
 0.10457118181818181
 0.10510213636363637
 0.10563318181818182
 0.10615518181818182
 0.10667718181818182
 0.10719918181818182
 0.10772118181818181
 0.10823418181818181
 0.10881918181818181
 0.10939518181818182
 0.10997118181818182
 0.11054718181818182
 0.11112318181818182
 0.11169018181818181
 0.11225718181818181
 0.11282418181818182
 0.11339118181818182
 0.11394918181818182
 0.11450718181818181
 0.11506518181818182
 0.11561418181818182
 0.11616318181818182
 0.11671218181818181
 0.11726118181818182
 0.11780118181818182
 0.11834118181818182
 0.11888118181818182
 0.11942118181818182
 0.11995218181818182
 0.12048318181818182
 0.12101418181818181
 0.12153618181818182
 0.12205818181818182
 0.12258018181818182
 0.12310218181818182
 0.12361518181818182
 0.12412818181818182
 0.12464118181818182
 0.12515418181818183
 0.12565818181818181
 0.12616218181818181
 0.12666618181818182
 0.12716118181818181
 0.12765618181818181
 0.12815118181818183
 0.12864618181818183
 0.12913218181818181
 0.12961818181818183
 0.13010418181818181
 0.13059018181818183
 0.1310671818181818
 0.13154418181818181
 0.13202118181818182
 0.13248918181818181
 0.13295718181818181
 0.13342518181818183
 0.13389318181818183
 0.13435218181818182
 0.13488318181818182
 0.13541418181818182
 0.13594518181818183
 0.13646718181818182
 0.13698918181818182
 0.13751118181818181
 0.1380331818181818
 0.13854618181818182
 0.13905922727272726
 0.13957222727272728
 0.14008499999999999
 0.14058922727272727
 0.14109322727272727
 0.14159722727272728
 0.14209222727272727
 0.14258699999999999
 0.14308222727272726
 0.14357722727272726
 0.14406322727272727
 0.14454922727272726
 0.14503522727272727
 0.14552122727272726
 0.14599822727272727
 0.14647499999999999
 0.14695222727272728
 0.14742022727272727
 0.14796022727272728
 0.14849999999999999
 0.14904022727272728
 0.14958022727272727
 0.15011122727272727
 0.15064222727272727
 0.15117322727272728
 0.15169522727272727
 0.15221722727272727
 0.15273922727272726
 0.15326122727272729
 0.15377422727272727
 0.15428722727272728
 0.15480022727272727
 0.15531322727272728
 0.15581722727272726
 0.15632122727272726
 0.15682522727272727
 0.15732022727272726
 0.15781522727272726
 0.15831022727272728
 0.15880522727272728
 0.15929122727272726
 0.15977722727272728
 0.16026322727272727
 0.16081222727272726
 0.16136122727272728
 0.16191022727272728
 0.16245922727272727
 0.16299922727272728
 0.16353922727272727
 0.16407922727272728
 0.16461922727272726
 0.16515022727272727
 0.16568122727272727
 0.16621222727272728
 0.16673422727272727
 0.16725622727272726
 0.16777822727272726
 0.16830022727272728
 0.16881322727272727
 0.16932622727272728
 0.16983922727272727
 0.17035222727272728
 0.17085622727272728
 0.17136022727272726
 0.17186422727272727
 0.17235922727272726
 0.17285427272727272
 0.17342127272727273
 0.17397927272727273
 0.17453727272727274
 0.17509527272727274
 0.17564427272727273
 0.17619327272727273
 0.17674227272727272
 0.17729104545454547
 0.17783104545454545
 0.17837104545454546
 0.17891127272727272
 0.17945127272727274
 0.17998227272727274
 0.18051327272727272
 0.18104427272727272
 0.18156627272727272
 0.18208827272727274
 0.18261027272727273
 0.18313204545454545
 0.18364527272727274
 0.18415827272727273
 0.18467127272727274
 0.18518427272727273
 0.18568827272727273
 0.18626427272727272
 0.18683127272727273
 0.18739827272727272
 0.18796527272727273
 0.18853227272727272
 0.18909027272727272
 0.18964827272727272
 0.19020627272727272
 0.19075527272727272
 0.19130427272727274
 0.19185327272727273
 0.19240227272727273
 0.19294227272727274
 0.19348227272727272
 0.19402227272727274
 0.19456227272727272
 0.19509327272727273
 0.19562427272727273
 0.19615527272727273
 0.19667727272727273
 0.19719927272727272
 0.19772127272727272
 0.19824327272727274
 0.19875627272727273
 0.19934127272727273
 0.19991727272727272
 0.20049327272727271
 0.20106927272727274
 0.20164527272727273
 0.20221227272727274
 0.20277927272727272
 0.20334627272727274
 0.20391327272727272
 0.20447127272727272
 0.20502927272727273
 0.20558727272727273
 0.20613627272727272
 0.20668527272727272
 0.20723431818181817
 0.20778331818181819
 0.20832331818181818
 0.20886331818181819
 0.20940331818181818
 0.20994309090909091
 0.21047431818181819
 0.21100531818181817
 0.21153631818181817
 0.2120583181818182
 0.21258031818181819
 0.21310231818181818
 0.21362431818181818
 0.21413731818181819
 0.21465031818181818
 0.21516331818181819
 0.21567631818181818
 0.21618031818181818
 0.21668431818181819
 0.21718831818181819
 0.21768331818181819
 0.21817831818181818
 0.21867331818181818
 0.21916831818181817
 0.21965431818181819
 0.22014031818181817
 0.22062631818181819
 0.22111231818181817
 0.22158931818181818
 0.22206631818181818
 0.22254331818181819
 0.22301131818181819
 0.22347931818181818
 0.22394731818181818
 0.22441531818181817
 0.22487431818181819
 0.22540531818181819
 0.22593631818181817
 0.22646731818181817
 0.22698931818181819
 0.22751131818181819
 0.22803331818181818
 0.22855531818181818
 0.22906831818181819
 0.22958131818181818
 0.23009431818181819
 0.23060731818181818
 0.23111131818181818
 0.23161531818181819
 0.23211931818181819
 0.23261431818181819
 0.23310931818181818
 0.23360422727272728
 0.23409931818181817
 0.23458531818181819
 0.23507131818181817
 0.23555731818181819
 0.23604331818181817
 0.23652031818181818
 0.23699731818181818
 0.23747431818181819
 0.23794222727272726
 0.23848222727272728
 0.23902231818181818
 0.23956222727272727
 0.24010222727272729
 0.24063331818181818
 0.24116436363636365
 0.24169531818181819
 0.24221736363636365
 0.24273936363636364
 0.24326136363636364
 0.24378336363636363
 0.24429636363636364
 0.24480936363636363
 0.24532213636363637
 0.24583536363636363
 0.24633936363636363
 0.24684313636363636
 0.24734736363636364
 0.24784213636363636
 0.24833736363636363
 0.24883236363636363
 0.24932736363636362
 0.24981336363636364
 0.25029936363636363
 0.25078513636363636
 0.25133436363636363
 0.25188336363636366
 0.25243236363636362
 0.25298136363636364
 0.25352136363636363
 0.25406136363636361
 0.25460136363636365
 0.25514136363636364
 0.25567236363636364
 0.25620336363636365
 0.25673436363636365
 0.25725636363636362
 0.25777836363636364
 0.25830036363636366
 0.25882236363636363
 0.25933536363636361
 0.25984836363636366
 0.26036136363636364
 0.26087436363636363
 0.26137836363636363
 0.26188236363636364
 0.26238636363636364
 0.26288136363636366
 0.26337636363636363
 0.26394336363636361
 0.26450136363636362
 0.26505936363636362
 0.26561736363636362
 0.26616636363636365
 0.26671536363636361
 0.26726436363636363
 0.26781336363636365
 0.26835336363636364
 0.26889336363636362
 0.26943336363636361
 0.26997336363636365
 0.27050436363636365
 0.27103536363636366
 0.27156627272727274
 0.27208836363636363
 0.27261036363636365
 0.27313236363636362
 0.27365427272727272
 0.2741672727272727
 0.27468040909090907
 0.27519340909090911
 0.27570618181818179
 0.2762104090909091
 0.27678640909090907
 0.2773531818181818
 0.27792040909090909
 0.27848740909090908
 0.27905418181818181
 0.27961218181818182
 0.28017040909090907
 0.28072840909090907
 0.28127718181818184
 0.28182640909090911
 0.28237540909090908
 0.2829244090909091
 0.28346440909090909
 0.28400440909090907
 0.28454440909090911
 0.2850844090909091
 0.2856151818181818
 0.2861464090909091
 0.28667740909090911
 0.28719918181818183
 0.2877214090909091
 0.28824340909090906
 0.28876540909090909
 0.28927818181818182
 0.28986340909090907
 0.2904394090909091
 0.29101540909090912
 0.29159140909090908
 0.2921674090909091
 0.29273440909090909
 0.29330140909090907
 0.29386840909090911
 0.29443540909090909
 0.2949934090909091
 0.2955514090909091
 0.2961094090909091
 0.29665840909090907
 0.29720740909090909
 0.29775640909090911
 0.29830540909090908
 0.29884540909090906
 0.2993854090909091
 0.29992531818181817
 0.30046540909090907
 0.30099640909090908
 0.30152740909090908
 0.30205840909090909
 0.30258040909090911
 0.30310240909090908
 0.30362431818181818
 0.30414640909090906
 0.30465931818181818
 0.30517240909090909
 0.30568540909090908
 0.3061983181818182
 0.3067023181818182
 0.30720631818181821
 0.30771031818181815
 0.30820531818181818
 0.3087003181818182
 0.30919531818181817
 0.30969031818181819
 0.31017631818181818
 0.31066231818181816
 0.31114831818181821
 0.31163431818181819
 0.3121113181818182
 0.3125883181818182
 0.31306545454545454
 0.31353345454545456
 0.31400145454545453
 0.31446931818181817
 0.31493745454545452
 0.31539622727272726
 0.31592722727272726
 0.31645845454545457
 0.31698945454545452
 0.31751145454545454
 0.31803322727272726
 0.31855522727272728
 0.31907722727272725
 0.31959045454545454
 0.32010345454545452
 0.32061622727272726
 0.32112945454545455
 0.32163345454545456
 0.32213722727272726
 0.32264122727272726
 0.32313622727272728
 0.32363122727272725
 0.32412645454545452
 0.32462145454545455
 0.32510745454545453
 0.32559345454545452
 0.32607945454545456
 0.32656545454545455
 0.32704245454545455
 0.32751945454545456
 0.32799645454545456
 0.32846445454545453
 0.32900445454545457
 0.32954445454545456
 0.33008445454545454
 0.33062445454545453
 0.33115545454545453
 0.33168645454545453
 0.33221745454545454
 0.33273945454545456
 0.33326145454545453
 0.33378336363636363
 0.33430545454545457
 0.33481845454545456
 0.33533145454545454
 0.33584436363636366
 0.33635736363636365
 0.33686145454545452
 0.33736536363636366
 0.33786945454545453
 0.33836436363636363
 0.33885936363636365
 0.33935445454545454
 0.33984936363636364
 0.34033536363636363
 0.34082136363636362
 0.34130736363636366
 0.34185636363636362
 0.34240536363636365
 0.34295436363636361
 0.34350336363636363
 0.34404336363636362
 0.34458336363636366
 0.34512350000000003
 0.34566336363636363
 0.34619436363636363
 0.34672536363636364
 0.34725627272727272
 0.34777849999999999
 0.34830027272727271
 0.34882227272727273
 0.3493445
 0.34985749999999999
 0.35037027272727272
 0.35088327272727271
 0.35139627272727275
 0.3519005
 0.3524042727272727
 0.35290827272727271
 0.35340327272727273
 0.3538985
 0.35446527272727274
 0.35502327272727274
 0.35558127272727275
 0.3561395
 0.35668850000000002
 0.35723749999999999
 0.35778650000000001
 0.35833549999999997
 0.35887550000000001
 0.3594155
 0.35995549999999998
 0.36049550000000002
 0.36102649999999997
 0.36155749999999998
 0.36208849999999998
 0.3626105
 0.36313250000000002
 0.36365449999999999
 0.36417650000000001
 0.3646895
 0.36520249999999999
 0.36571550000000003
 0.36622850000000001
 0.36673250000000002
 0.36730849999999998
 0.36844250000000001
 0.36900949999999999
 0.36957649999999997
 0.37013440909090911
 0.37069249999999998
 0.37125049999999998
 0.37179940909090908
 0.37234850000000003
 0.37289749999999999
 0.37344640909090909
 0.37398640909090908
 0.37452649999999998
 0.3750664090909091
 0.37560640909090909
 0.37613740909090909
 0.37666850000000002
 0.3771994090909091
 0.37772140909090907
 0.37824340909090909
 0.37876531818181819
 0.37928740909090908
 0.3798003181818182
 0.3803853181818182
 0.38096131818181816
 0.38153731818181819
 0.38211331818181821
 0.38268931818181817
 0.38325631818181816
 0.3838233181818182
 0.38439031818181818
 0.38495731818181816
 0.38551531818181817
 0.38607331818181817
 0.38663131818181817
 0.38718031818181819
 0.38772931818181816
 0.38827831818181818
 0.3888273181818182
 0.38936731818181819
 0.38990731818181817
 0.39044754545454546
 0.39098754545454545
 0.39151854545454545
 0.39204931818181821
 0.39258031818181816
 0.39310231818181818
 0.3936243181818182
 0.39414631818181817
 0.39466854545454544
 0.39518154545454548
 0.39569454545454547
 0.39620754545454545
 0.39672054545454544
 0.39722454545454544
 0.39772854545454545
 0.39823254545454545
 0.39872754545454547
 0.39922254545454544
 0.39971754545454546
 0.40021254545454543
 0.40069854545454547
 0.40118445454545454
 0.40167045454545452
 0.40215654545454543
 0.40263354545454544
 0.40311045454545452
 0.40358754545454545
 0.40405545454545455
 0.40452345454545452
 0.40499145454545454
 0.40545945454545457
 0.40591845454545455
 0.40644945454545456
 0.40698045454545456
 0.40751145454545457
 0.40803345454545453
 0.40855554545454548
 0.40907745454545452
 0.40959945454545454
 0.41011245454545453
 0.41062545454545457
 0.41113845454545456
 0.41165145454545454
 0.41215545454545455
 0.41265945454545455
 0.41316336363636363
 0.41365845454545452
 0.41415345454545455
 0.41464845454545457
 0.41514345454545454
 0.41562945454545452
 0.41611536363636364
 0.41660136363636363
 0.41708736363636362
 0.41756436363636362
 0.41804136363636363
 0.41851836363636363
 0.41898636363636366
 0.41952636363636364
 0.42006636363636363
 0.42060636363636361
 0.42114636363636365
 0.42167736363636366
 0.42220836363636366
 0.42273936363636366
 0.42326136363636363
 0.42378336363636365
 0.42430536363636362
 0.42482736363636364
 0.42534036363636363
 0.42585336363636361
 0.42636636363636365
 0.42687959090909089
 0.42738336363636364
 0.4278875909090909
 0.4283915909090909
 0.42888636363636362
 0.42938159090909089
 0.42987659090909092
 0.43037150000000002
 0.4308575
 0.43134349999999999
 0.43182949999999998
 0.4323785
 0.43292750000000002
 0.43347649999999999
 0.43402550000000001
 0.43456549999999999
 0.43510549999999998
 0.43564550000000002
 0.4361855
 0.43671650000000001
 0.43724750000000001
 0.43777850000000001
 0.43830049999999998
 0.4388225
 0.43934450000000003
 0.43986649999999999
 0.44037949999999998
 0.44089250000000002
 0.44140550000000001
 0.44191849999999999
 0.4424225
 0.4429265
 0.44343050000000001
 0.44392549999999997
 0.4444205
 0.44498749999999998
 0.44554549999999998
 0.44610349999999999
 0.44666149999999999
 0.44721050000000001
 0.44775949999999998
 0.44830840909090908
 0.4488574090909091
 0.44939740909090908
 0.44993740909090907
 0.45047740909090911
 0.45101740909090909
 0.4515484090909091
 0.4520794090909091
 0.4526104090909091
 0.45313240909090907
 0.45365440909090909
 0.45417640909090912
 0.45469840909090908
 0.45521140909090907
 0.45572440909090911
 0.4562374090909091
 0.45675040909090908
 0.45725440909090909
 0.45783040909090911
 0.45839740909090909
 0.45896440909090908
 0.45953140909090912
 0.4600984090909091
 0.4606564090909091
 0.46121440909090911
 0.46177240909090911
 0.46232140909090907
 0.4628704090909091
 0.46341940909090912
 0.46396854545454547
 0.46450840909090907
 0.46504863636363636
 0.46558854545454548
 0.46612854545454546
 0.46665954545454547
 0.46719054545454547
 0.46772154545454547
 0.46824354545454544
 0.46876554545454546
 0.46928754545454543
 0.46980954545454545
 0.47032254545454544
 0.47090754545454544
 0.47148354545454546
 0.47205954545454548
 0.47263554545454545
 0.47321154545454547
 0.47377854545454545
 0.47434554545454544
 0.47491254545454548
 0.47547954545454546
 0.47603754545454546
 0.47659554545454547
 0.47715354545454547
 0.47770254545454544
 0.47825154545454546
 0.47880054545454548
 0.47934954545454544
 0.47988945454545456
 0.48042945454545455
 0.48096945454545453
 0.48150945454545452
 0.48204045454545452
 0.48257145454545453
 0.48310245454545453
 0.48362445454545455
 0.48414645454545452
 0.48466845454545454
 0.48519045454545456
 0.48570345454545455
 0.48621645454545454
 0.48672945454545452
 0.48724245454545456
 0.48774645454545457
 0.48825045454545457
 0.48875445454545452
 0.48924945454545454
 0.48974445454545457
 0.49023945454545453
 0.49073445454545456
 0.49122045454545454
 0.49170645454545453
 0.49219245454545457
 0.49267845454545456
 0.49315545454545456
 0.49363245454545457
 0.49410945454545452
 0.49457745454545454
 0.49504559090909089
 0.49551359090909092
 0.49598145454545456
 0.49644059090909093
 0.49697159090909093
 0.49750259090909094
 0.49803359090909088
 0.49855559090909091
 0.49907759090909093
 0.4995995909090909
 0.50012159090909092
 0.5006345909090909
 0.50114759090909089
 0.50166059090909088
 0.50217359090909086
 0.50267759090909092
 0.50318159090909087
 0.50368559090909093
 0.50418059090909095
 0.50467559090909087
 0.50517059090909089
 0.50566559090909091
 0.5061515909090909
 0.50663759090909088
 0.50712359090909087
 0.50760959090909086
 0.50808659090909092
 0.50856359090909087
 0.50904059090909093
 0.50950859090909095
 0.51004859090909094
 0.51058859090909092
 0.51112859090909091
 0.51166859090909089
 0.51219959090909095
 0.5127305909090909
 0.51326159090909096
 0.51378359090909087
 0.51430559090909089
 0.51482759090909092
 0.51534950000000002
 0.51586259090909092
 0.51637549999999999
 0.51688849999999997
 0.51740149999999996
 0.51790550000000002
 0.51840949999999997
 0.51891350000000003
 0.51940850000000005
 0.51990349999999996
 0.52039849999999999
 0.52089350000000001
 0.5213795
 0.52186549999999998
 0.52235149999999997
 0.52290049999999999
 0.52344950000000001
 0.52399850000000003
 0.52454750000000006
 0.52508750000000004
 0.52562750000000003
 0.52616750000000001
 0.5267075
 0.52723850000000005
 0.5277695
 0.52830049999999995
 0.52882263636363636
 0.52934463636363638
 0.5298666363636364
 0.53038863636363631
 0.53090163636363641
 0.53141463636363639
 0.53192763636363638
 0.53244063636363637
 0.53294463636363631
 0.53344863636363637
 0.53395263636363632
 0.53444763636363635
 0.53494263636363637
 0.53550963636363635
 0.53606763636363641
 0.53662563636363636
 0.53718363636363642
 0.53773263636363633
 0.53828163636363635
 0.53883063636363637
 0.53937963636363639
 0.53991963636363638
 0.54045963636363636
 0.54099963636363635
 0.54153963636363633
 0.54207063636363639
 0.54260163636363634
 0.5431326363636364
 0.54365463636363631
 0.54417663636363633
 0.54469863636363636
 0.54522063636363638
 0.54573363636363637
 0.54624663636363635
 0.54675963636363634
 0.54727263636363632
 0.54777663636363638
 0.54835254545454548
 0.54891963636363639
 0.54948663636363637
 0.55005354545454543
 0.55062054545454542
 0.55117854545454548
 0.55173654545454542
 0.55229454545454548
 0.5528435454545455
 0.55339254545454541
 0.55394154545454544
 0.55449054545454546
 0.55503054545454544
 0.55557054545454543
 0.55611054545454541
 0.55665054545454551
 0.55718154545454546
 0.55771254545454541
 0.55824354545454546
 0.55876554545454549
 0.55928754545454551
 0.55980954545454542
 0.56033154545454544
 0.56084454545454543
 0.56142968181818187
 0.56200554545454551
 0.5625816818181818
 0.56315768181818182
 0.56373368181818184
 0.56430068181818183
 0.56486768181818181
 0.56543468181818179
 0.56600168181818178
 0.56655968181818184
 0.56711768181818178
 0.56767568181818184
 0.56822468181818186
 0.56877368181818178
 0.5693226818181818
 0.56987168181818182
 0.5704116818181818
 0.57095168181818179
 0.57149168181818177
 0.57203168181818187
 0.57256268181818182
 0.57309368181818177
 0.57362468181818183
 0.57414668181818185
 0.57466868181818187
 0.57519068181818178
 0.5757126818181818
 0.57622568181818179
 0.57673868181818178
 0.57725168181818187
 0.57776468181818186
 0.57826868181818181
 0.57877268181818187
 0.57927668181818182
 0.57977168181818184
 0.58026668181818186
 0.58076159090909096
 0.5812566818181818
 0.58174268181818178
 0.58222859090909096
 0.58271459090909095
 0.58320059090909093
 0.58367759090909088
 0.58415459090909094
 0.58463159090909089
 0.58509959090909092
 0.58556759090909094
 0.58603559090909096
 0.58650359090909088
 0.58696259090909086
 0.58749359090909092
 0.58802459090909087
 0.58855559090909093
 0.58907759090909095
 0.58959959090909086
 0.59012159090909089
 0.59064359090909091
 0.5911565909090909
 0.59166959090909088
 0.59218259090909087
 0.59269559090909096
 0.59319959090909091
 0.59370359090909086
 0.5942077272727273
 0.59470272727272733
 0.59519772727272724
 0.59569272727272726
 0.59618772727272729
 0.59667372727272727
 0.59715972727272726
 0.59764572727272725
 0.59813172727272723
 0.59860872727272729
 0.59908572727272724
 0.5995627272727273
 0.60003072727272733
 0.60057072727272731
 0.6011107272727273
 0.60165072727272728
 0.60219072727272727
 0.60272172727272733
 0.60325272727272727
 0.60378372727272722
 0.60430572727272724
 0.60482772727272727
 0.60534972727272729
 0.60587172727272731
 0.6063847272727273
 0.60689772727272728
 0.60741072727272727
 0.60792372727272725
 0.60842772727272731
 0.60893172727272726
 0.60943572727272732
 0.60993072727272724
 0.61042572727272726
 0.61092072727272728
 0.61141572727272731
 0.61190172727272729
 0.61238772727272728
 0.61287372727272726
 0.61342272727272729
 0.61397172727272731
 0.61452072727272722
 0.61506963636363632
 0.61560972727272723
 0.61614972727272732
 0.61668963636363638
 0.61722963636363637
 0.61776063636363632
 0.61829163636363638
 0.61882263636363632
 0.61934463636363635
 0.61986663636363637
 0.62038863636363639
 0.62091063636363641
 0.6214236363636364
 0.62193663636363639
 0.62244963636363637
 0.62296263636363636
 0.62346663636363642
 0.62397063636363637
 0.62447463636363632
 0.62496963636363634
 0.62546477272727274
 0.62603177272727273
 0.62658977272727268
 0.62714777272727273
 0.62770577272727268
 0.6282547727272727
 0.62880377272727273
 0.62935277272727275
 0.62990177272727277
 0.63044177272727275
 0.63098177272727274
 0.63152177272727272
 0.63206177272727271
 0.63259277272727277
 0.63312377272727272
 0.63365477272727277
 0.63417677272727269
 0.63469877272727271
 0.63522077272727273
 0.63574277272727275
 0.63625577272727274
 0.63676877272727272
 0.63728177272727271
 0.6377947727272727
 0.63829877272727276
 0.63887477272727278
 0.63944177272727276
 0.64000877272727275
 0.64057577272727273
 0.64114277272727271
 0.64170077272727277
 0.64225877272727272
 0.64281677272727278
 0.64336577272727269
 0.64391477272727271
 0.64446377272727273
 0.64501277272727275
 0.64555277272727274
 0.64609277272727272
 0.64663277272727271
 0.64717277272727269
 0.64770377272727275
 0.6482347727272727
 0.64876577272727276
 0.64928768181818186
 0.64980968181818177
 0.65033168181818179
 0.65085368181818182
 0.6513666818181818
 0.65195168181818186
 0.65252768181818177
 0.65310368181818179
 0.65367968181818181
 0.65425568181818183
 0.65482268181818182
 0.6553896818181818
 0.65595668181818179
 0.65652368181818177
 0.65708168181818183
 0.65763968181818178
 0.65819781818181822
 0.65874668181818186
 0.65929581818181815
 0.65984481818181817
 0.66039381818181819
 0.66093381818181818
 0.66147381818181816
 0.66201381818181815
 0.66255381818181813
 0.66308481818181819
 0.66361581818181814
 0.6641468181818182
 0.66466881818181822
 0.66519081818181813
 0.66571281818181816
 0.66623481818181818
 0.66674781818181816
 0.66726081818181815
 0.66777381818181814
 0.66828681818181823
 0.66879081818181818
 0.66929481818181813
 0.66979881818181819
 0.67029381818181821
 0.67078881818181824
 0.67128381818181815
 0.67177881818181817
 0.67226481818181816
 0.67275081818181814
 0.67323681818181813
 0.67372281818181823
 0.67419981818181818
 0.67467681818181813
 0.67515381818181819
 0.67562181818181821
 0.67608981818181824
 0.67655781818181815
 0.67702581818181817
 0.67748481818181816
 0.67801581818181822
 0.67854681818181817
 0.67907781818181823
 0.67959981818181814
 0.68012181818181816
 0.68064381818181818
 0.68116572727272728
 0.68167881818181819
 0.68219181818181818
 0.68270481818181816
 0.68321772727272723
 0.68372172727272729
 0.68422572727272724
 0.68472981818181822
 0.68522472727272732
 0.68571972727272723
 0.68621472727272725
 0.68670972727272728
 0.68719572727272726
 0.68768181818181817
 0.68816786363636362
 0.68865372727272722
 0.68913072727272728
 0.68960786363636362
 0.69008486363636368
 0.69055286363636359
 0.69109286363636369
 0.69163286363636367
 0.69217286363636366
 0.69271286363636364
 0.69324386363636359
 0.69377486363636365
 0.6943058636363636
 0.69482786363636362
 0.69534986363636364
 0.69587186363636366
 0.69639386363636369
 0.69690686363636367
 0.69741986363636366
 0.69793286363636364
 0.69844586363636363
 0.69894986363636369
 0.69945386363636364
 0.69995786363636359
 0.70045286363636361
 0.70094786363636363
 0.70144286363636366
 0.70193786363636368
 0.70242386363636367
 0.70290986363636365
 0.70339586363636364
 0.70394486363636366
 0.70449386363636368
 0.70504286363636359
 0.70559186363636361
 0.7061318636363636
 0.70667186363636358
 0.70721186363636368
 0.70775186363636367
 0.70828286363636361
 0.70881386363636367
 0.70934486363636362
 0.70986686363636364
 0.71038886363636367
 0.71091086363636369
 0.7114328636363636
 0.71194586363636359
 0.71245886363636368
 0.71297186363636367
 0.71348486363636365
 0.7139888636363636
 0.71449286363636366
 0.71499686363636361
 0.71549186363636363
 0.71598686363636366
 0.71655386363636364
 0.71711186363636359
 0.71766986363636365
 0.71822777272727267
 0.71877677272727269
 0.71932577272727272
 0.71987490909090912
 0.72042390909090914
 0.72096390909090913
 0.72150390909090911
 0.7220439090909091
 0.72258390909090908
 0.72311490909090914
 0.72364590909090909
 0.72417690909090904
 0.72469890909090906
 0.72522090909090908
 0.72574290909090911
 0.72626490909090913
 0.72677790909090911
 0.7272909090909091
 0.72780390909090908
 0.72831690909090907
 0.72882090909090913
 0.72939690909090904
 0.72996390909090914
 0.73053090909090912
 0.7310979090909091
 0.73166490909090909
 0.73222290909090904
 0.73278090909090909
 0.73333890909090904
 0.73388790909090906
 0.73443690909090908
 0.73498590909090911
 0.73553490909090913
 0.73607490909090911
 0.7366149090909091
 0.73715490909090908
 0.73769490909090907
 0.73822590909090913
 0.73875690909090908
 0.73928790909090913
 0.73980990909090905
 0.74033190909090907
 0.74085390909090909
 0.74137590909090911
 0.7418889090909091
 0.74247390909090905
 0.74304990909090907
 0.74362590909090909
 0.74420190909090911
 0.74477790909090913
 0.74534490909090911
 0.7459119090909091
 0.74647890909090908
 0.74704590909090907
 0.74760390909090912
 0.74816190909090907
 0.74871990909090913
 0.74926881818181823
 0.74981781818181814
 0.75036681818181816
 0.75091581818181818
 0.75145595454545455
 0.75199595454545454
 0.75253595454545452
 0.75307595454545451
 0.75360695454545457
 0.75413795454545451
 0.75466895454545457
 0.7551909545454546
 0.75571295454545451
 0.75623495454545453
 0.75675695454545455
 0.75726995454545454
 0.75778295454545452
 0.75829595454545451
 0.75880895454545449
 0.75931295454545455
 0.7598169545454545
 0.76032095454545456
 0.76081595454545459
 0.7613109545454545
 0.76180595454545452
 0.76230095454545455
 0.76278695454545453
 0.76327295454545452
 0.7637589545454545
 0.76424495454545449
 0.76472195454545455
 0.7651989545454545
 0.76567595454545456
 0.76614395454545459
 0.7666119545454545
 0.76707995454545452
 0.76754795454545455
 0.76800695454545453
 0.76853795454545459
 0.76906895454545454
 0.7695999545454546
 0.77012195454545451
 0.77064395454545453
 0.77116595454545456
 0.77168795454545458
 0.77220095454545457
 0.77271395454545455
 0.77322695454545454
 0.77373995454545452
 0.77424395454545458
 0.77474795454545453
 0.77525195454545459
 0.7757469545454545
 0.77624195454545453
 0.77673695454545455
 0.77723195454545457
 0.77771795454545456
 0.77820395454545455
 0.77868995454545453
 0.77917595454545452
 0.77965295454545458
 0.78012995454545453
 0.78060695454545459
 0.7810749545454545
 0.7816149545454546
 0.78215495454545458
 0.78269495454545457
 0.78323500000000001
 0.78376599999999996
 0.78429700000000002
 0.78482799999999997
 0.78534999999999999
 0.78587200000000001
 0.78639400000000004
 0.78691599999999995
 0.78742900000000005
 0.78794200000000003
 0.78845500000000002
 0.788968
 0.78947199999999995
 0.78997600000000001
 0.79047999999999996
 0.79097499999999998
 0.79147000000000001
 0.79196500000000003
 0.79246000000000005
 0.79294600000000004
 0.79343200000000003
 0.79391800000000001
 0.79446700000000003
 0.79501599999999994
 0.79556499999999997
 0.79611399999999999
 0.79665399999999997
 0.79719399999999996
 0.79773400000000005
 0.79827400000000004
 0.79880499999999999
 0.79933600000000005
 0.79986699999999999
 0.80038900000000002
 0.80091100000000004
 0.80143299999999995
 0.80195499999999997
 0.80246799999999996
 0.80298099999999994
 0.80349400000000004
 0.80400700000000003
 0.80451099999999998
 0.80501500000000004
 0.80551899999999999
 0.80601400000000001
 0.80650900000000003
 0.80707600000000002
 0.80763399999999996
 0.80819200000000002
 0.80874999999999997
 0.80929899999999999
 0.80984800000000001
 0.81039700000000003
 0.81094599999999994
 0.81148600000000004
 0.81202600000000003
 0.81256590909090909
 0.81310590909090907
 0.81363700000000005
 0.81416790909090908
 0.81469904545454541
 0.81522104545454543
 0.81574290909090907
 0.8162649090909091
 0.8167870454545455
 0.81730004545454549
 0.81781304545454547
 0.81832604545454546
 0.81883904545454544
 0.8193430454545455
 0.81991904545454541
 0.82048604545454551
 0.82105304545454549
 0.82162004545454548
 0.82218704545454546
 0.82274504545454541
 0.82330304545454547
 0.82386104545454542
 0.82441004545454544
 0.82495904545454546
 0.82550804545454548
 0.8260570454545455
 0.82659704545454549
 0.82713704545454547
 0.82767704545454546
 0.82821704545454544
 0.8287480454545455
 0.82927904545454545
 0.82981004545454551
 0.83033204545454542
 0.83085404545454544
 0.83137604545454546
 0.83189804545454549
 0.83241104545454547
 0.83299604545454542
 0.83357204545454544
 0.83414804545454546
 0.83472404545454548
 0.8353000454545455
 0.83586704545454549
 0.83643404545454547
 0.83700104545454546
 0.83756804545454544
 0.8381260454545455
 0.83868404545454545
 0.8392420454545455
 0.83979104545454542
 0.84034004545454544
 0.84088904545454546
 0.84143804545454548
 0.84197804545454547
 0.84251804545454545
 0.84305804545454543
 0.84359804545454542
 0.84412909090909094
 0.84466004545454543
 0.84519109090909095
 0.84571309090909086
 0.84623509090909088
 0.8467570909090909
 0.84727909090909093
 0.84779209090909091
 0.8483050909090909
 0.84881809090909088
 0.84933109090909087
 0.84983509090909093
 0.85033909090909088
 0.85084309090909094
 0.85133809090909096
 0.85183309090909087
 0.8523280909090909
 0.85282309090909092
 0.85330909090909091
 0.85379509090909089
 0.85428109090909088
 0.85476709090909087
 0.85524409090909093
 0.85572109090909088
 0.85619809090909094
 0.85666609090909096
 0.85713409090909087
 0.8576020909090909
 0.85807009090909092
 0.85852909090909091
 0.85906009090909086
 0.85959109090909092
 0.86012209090909086
 0.86064409090909089
 0.86116609090909091
 0.86168809090909093
 0.86221009090909095
 0.86272309090909094
 0.86323609090909093
 0.86374909090909091
 0.8642620909090909
 0.86476609090909096
 0.86527009090909091
 0.86577409090909085
 0.86626909090909088
 0.8667640909090909
 0.86725909090909092
 0.86775409090909095
 0.86824009090909093
 0.86872609090909092
 0.86921209090909091
 0.86969809090909089
 0.87017509090909095
 0.8706520909090909
 0.87112909090909096
 0.87159709090909088
 0.87213709090909086
 0.87267709090909096
 0.87321709090909094
 0.87375709090909093
 0.87428799999999995
 0.87481909090909094
 0.87535013636363634
 0.87587213636363637
 0.87639413636363639
 0.87691613636363641
 0.87743813636363632
 0.87795113636363631
 0.87846413636363641
 0.87897713636363639
 0.87949013636363638
 0.87999413636363633
 0.88049813636363639
 0.88100213636363633
 0.88149713636363636
 0.88199213636363638
 0.8824871363636364
 0.88298213636363632
 0.88346813636363641
 0.8839541363636364
 0.88444013636363639
 0.88498913636363641
 0.88553813636363632
 0.88608713636363634
 0.88663613636363636
 0.88717613636363635
 0.88771613636363633
 0.88825613636363632
 0.88879613636363641
 0.88932713636363636
 0.88985813636363631
 0.89038913636363637
 0.89091113636363639
 0.89143313636363641
 0.89195513636363633
 0.89247713636363635
 0.89299013636363633
 0.89350313636363632
 0.89401613636363642
 0.8945291363636364
 0.89503313636363635
 0.89553713636363641
 0.89604113636363636
 0.89653613636363638
 0.89703113636363641
 0.89759813636363639
 0.89815613636363634
 0.8987141363636364
 0.89927213636363634
 0.89982113636363636
 0.90037013636363639
 0.90091913636363641
 0.90146813636363632
 0.90200813636363641
 0.9025481363636364
 0.90308813636363638
 0.90415913636363632
 0.90469013636363638
 0.90522113636363633
 0.90574313636363635
 0.90626518181818183
 0.90678718181818185
 0.90730918181818176
 0.90782218181818186
 0.90833518181818185
 0.90884818181818183
 0.90936118181818182
 0.90986518181818177
 0.91044118181818179
 0.91100818181818177
 0.91157518181818187
 0.91214218181818185
 0.91270918181818184
 0.91326718181818178
 0.91382518181818184
 0.91438318181818179
 0.91493218181818181
 0.91548118181818183
 0.91603018181818185
 0.91657918181818177
 0.91711918181818186
 0.91765918181818185
 0.91819918181818183
 0.91873918181818182
 0.91927018181818176
 0.91980118181818182
 0.92033218181818177
 0.92085418181818179
 0.92137618181818182
 0.92189818181818184
 0.92242018181818186
 0.92293318181818185
 0.92351818181818179
 0.92409418181818181
 0.92467018181818184
 0.92524618181818186
 0.92582218181818177
 0.92638918181818186
 0.92695618181818185
 0.92752318181818183
 0.92809018181818181
 0.92864818181818187
 0.92920618181818182
 0.92976418181818177
 0.93031318181818179
 0.93086218181818181
 0.93141118181818183
 0.93196018181818185
 0.93250018181818184
 0.93304018181818182
 0.93358018181818181
 0.93412018181818179
 0.93465118181818185
 0.9351821818181818
 0.93571318181818186
 0.93623518181818177
 0.93675718181818179
 0.93727922727272728
 0.93780118181818184
 0.93831422727272729
 0.93882722727272727
 0.93934022727272726
 0.93985322727272724
 0.9403572272727273
 0.94086122727272725
 0.94136522727272731
 0.94186022727272722
 0.94235522727272725
 0.94285022727272727
 0.94334522727272729
 0.94383122727272728
 0.94431722727272727
 0.94480322727272725
 0.94528922727272724
 0.9457662272727273
 0.94624322727272725
 0.94672022727272731
 0.94718822727272722
 0.94765622727272725
 0.94812422727272727
 0.9485922272727273
 0.94905122727272728
 0.94958222727272723
 0.95011322727272729
 0.95064422727272724
 0.95116622727272726
 0.95168822727272728
 0.95221022727272731
 0.95273222727272733
 0.95324522727272731
 0.9537582272727273
 0.95427122727272728
 0.95478422727272727
 0.95528822727272722
 0.95579222727272728
 0.95629622727272723
 0.95679122727272725
 0.95728622727272727
 0.9577812272727273
 0.95827622727272732
 0.95876222727272731
 0.95924822727272729
 0.95973422727272728
 0.96022022727272727
 0.96069722727272733
 0.96117422727272728
 0.96165122727272723
 0.96211922727272725
 0.96265922727272724
 0.96319922727272722
 0.96373922727272732
 0.9642792272727273
 0.96481022727272725
 0.96534122727272731
 0.96587222727272726
 0.96639422727272728
 0.9669162272727273
 0.96743822727272732
 0.96796022727272724
 0.96847322727272722
 0.96898622727272732
 0.96949927272727277
 0.97001227272727275
 0.9705162727272727
 0.97102027272727276
 0.97152427272727271
 0.97201927272727273
 0.97251427272727275
 0.97300927272727278
 0.97350427272727269
 0.97399027272727268
 0.97447627272727277
 0.97496227272727276
 0.97551127272727278
 0.97606027272727269
 0.97660927272727271
 0.97715827272727274
 0.97769827272727272
 0.97823827272727271
 0.97877827272727269
 0.97931827272727268
 0.97984927272727274
 0.98038027272727268
 0.98091127272727274
 0.98143327272727277
 0.98195527272727268
 0.9824772727272727
 0.98299927272727272
 0.98351227272727271
 0.98402527272727269
 0.98453827272727268
 0.98505127272727278
 0.98555527272727272
 0.98605927272727267
 0.98656327272727273
 0.98705827272727276
 0.98755327272727278
 0.98812027272727276
 0.98867827272727271
 0.98923627272727277
 0.98979427272727272
 0.99034327272727274
 0.99089227272727276
 0.99144127272727278
 0.99199027272727269
 0.99253027272727268
 0.99307027272727277
 0.99361027272727276
 0.99415027272727274
 0.99468127272727269
 0.99521227272727275
 0.9957432727272727
 0.99626527272727272
 0.99678727272727274
 0.99730927272727277
 0.99783127272727268
 0.99834427272727277
 0.99885727272727276
 0.99937031818181821
 0.99988331818181819
 1.0003872727272727
 1.0009633181818183
 1.0015303181818183
 1.0020973181818182
 1.0026643181818182
 1.0032313181818182
 1.0037893181818183
 1.0043473181818181
 1.0049053181818182
 1.0054543181818181
 1.0060033181818182
 1.0065523181818181
 1.0071013181818183
 1.0076413181818182
 1.0081813181818182
 1.0087213181818182
 1.0092613181818182
 1.0097923181818182
 1.0103233181818181
 1.0108543181818181
 1.0113763181818183
 1.0118983181818182
 1.0124203181818181
 1.0129423181818182
 1.0134553181818182
 1.0140403181818183
 1.0146163181818182
 1.0151923181818181
 1.0157683181818182
 1.0163443181818181
 1.0169113181818181
 1.0174783181818181
 1.0180453181818181
 1.0186123181818181
 1.0191703181818181
 1.0197283181818182
 1.0202863181818183
 1.0208353181818182
 1.0213843181818181
 1.0219333181818182
 1.0224823181818181
 1.0230223181818181
 1.0235623181818181
 1.0241023181818181
 1.0246423181818183
 1.0251733181818181
 1.0257043181818182
 1.0262353181818182
 1.0267573181818181
 1.0272793181818183
 1.0278013181818182
 1.0283233181818181
 1.0288363181818181
 1.0293493181818181
 1.0298623181818183
 1.0303753181818183
 1.0308793636363636
 1.0313833636363636
 1.0318873636363637
 1.0323823636363636
 1.0328773636363637
 1.0333723636363636
 1.0338673636363636
 1.0343533636363635
 1.0348393636363635
 1.0353253636363637
 1.0358113636363637
 1.0362883636363636
 1.0367653636363636
 1.0372423636363637
 1.0377103636363636
 1.0381783636363637
 1.0386463636363636
 1.0391143636363636
 1.0395733636363635
 1.0401043636363636
 1.0406353636363637
 1.0411663636363637
 1.0416883636363636
 1.0422103636363635
 1.0427323636363637
 1.0432543636363636
 1.0437673636363636
 1.0442803636363636
 1.0447933636363635
 1.0453063636363635
 1.0458103636363636
 1.0463143636363637
 1.0468183636363637
 1.0473133636363636
 1.0478083636363635
 1.0483033636363637
 1.0487983636363636
 1.0492843636363636
 1.0497703636363636
 1.0502563636363635
 1.0507423636363635
 1.0512193636363636
 1.0516963636363637
 1.0521733636363637
 1.0526413636363636
 1.0531813636363636
 1.0537213636363636
 1.0542613636363636
 1.0548013636363636
 1.0553323636363636
 1.0558633636363637
 1.0563943636363637
 1.0569163636363637
 1.0574383636363636
 1.0579603636363637
 1.0584823636363636
 1.0589953636363636
 1.0595083636363636
 1.0600213636363636
 1.0605343636363636
 1.0610383636363636
 1.0615423636363637
 1.0620464090909092
 1.0625414090909091
 1.063036409090909
 1.0635314090909092
 1.0640264090909091
 1.0645124090909091
 1.064998409090909
 1.065484409090909
 1.0660334090909092
 1.0665824090909091
 1.0671314090909092
 1.0676804090909091
 1.0682204090909091
 1.0687604090909091
 1.0693004090909091
 1.0698404090909091
 1.0703714090909091
 1.0709024090909092
 1.071433409090909
 1.0719554090909091
 1.0724774090909091
 1.0729994090909092
 1.0735214090909091
 1.0740344090909091
 1.0745474090909091
 1.0750604090909091
 1.075573409090909
 1.0760774090909091
 1.0765814090909092
 1.077085409090909
 1.0775804090909091
 1.078075409090909
 1.078642409090909
 1.0792004090909091
 1.0797584090909091
 1.080316409090909
 1.0808654090909091
 1.081414409090909
 1.0819634090909092
 1.0825124090909091
 1.0830524090909091
 1.083592409090909
 1.084132409090909
 1.084672409090909
 1.0852034090909091
 1.0857344090909091
 1.0862654090909092
 1.0867874090909091
 1.087309409090909
 1.0878314090909091
 1.0883534090909091
 1.088866409090909
 1.089379409090909
 1.089892409090909
 1.090405409090909
 1.0909094090909091
 1.0914854090909092
 1.0920524545454546
 1.0926194545454546
 1.0931864545454546
 1.0937534545454546
 1.0943114545454546
 1.0948694545454545
 1.0954274545454545
 1.0959764545454544
 1.0965254545454546
 1.0970744545454545
 1.0976234545454546
 1.0981634545454546
 1.0987034545454546
 1.0992434545454546
 1.0997834545454546
 1.1003144545454546
 1.1008454545454545
 1.1013764545454545
 1.1018984545454547
 1.1024204545454546
 1.1029424545454545
 1.1034644545454546
 1.1039774545454546
 1.1045624545454547
 1.1051384545454546
 1.1057144545454545
 1.1062904545454546
 1.1068664545454545
 1.1074334545454545
 1.1080004545454545
 1.1085674545454545
 1.1091344545454545
 1.1096924545454545
 1.1102504545454546
 1.1108084545454546
 1.1113574545454545
 1.1119064545454544
 1.1124554545454546
 1.1130044545454545
 1.1135444545454545
 1.1140844545454545
 1.1146244545454544
 1.1151644545454547
 1.1156954545454545
 1.1162264545454545
 1.1167574545454546
 1.1172794545454545
 1.1178014545454547
 1.1183234545454546
 1.1188454545454545
 1.1193584545454545
 1.1198714545454544
 1.1203844545454547
 1.1208974545454546
 1.1214014545454545
 1.1219054545454545
 1.1224094545454546
 1.1229044545454545
 1.1233995000000001
 1.1238945
 1.1243894999999999
 1.1248754999999999
 1.1253614999999999
 1.1258474999999999
 1.1263335000000001
 1.1268104999999999
 1.1272875
 1.1277645000000001
 1.1282325
 1.1287005000000001
 1.1291685
 1.1296364999999999
 1.1300954999999999
 1.1306265
 1.1311575
 1.1316885000000001
 1.1322105
 1.1327324999999999
 1.1332545000000001
 1.1337765
 1.1342895
 1.1348024999999999
 1.1353154999999999
 1.1358284999999999
 1.1363325
 1.1368365
 1.1373405000000001
 1.1378355
 1.1383304999999999
 1.1388255
 1.1393205
 1.1398064999999999
 1.1402924999999999
 1.1407784999999999
 1.1412644999999999
 1.1417415
 1.1422185
 1.1426955000000001
 1.1431635
 1.1437035
 1.1442435
 1.1447835
 1.1453234999999999
 1.1458545
 1.1463855000000001
 1.1469164999999999
 1.1474385
 1.1479604999999999
 1.1484825000000001
 1.1490045
 1.1495175
 1.1500305
 1.1505434999999999
 1.1510564999999999
 1.1515605
 1.1520645
 1.1525685454545453
 1.1530635
 1.1535585454545454
 1.1540535454545455
 1.1545485454545454
 1.1550345454545454
 1.1555205454545454
 1.1560065454545454
 1.1565555454545455
 1.1571045454545454
 1.1576535454545454
 1.1582025454545455
 1.1587425454545455
 1.1592825454545455
 1.1598225454545454
 1.1603625454545454
 1.1608935454545455
 1.1614245454545455
 1.1619555454545454
 1.1624775454545455
 1.1629995454545454
 1.1635215454545456
 1.1640435454545455
 1.1645565454545455
 1.1650695454545454
 1.1655825454545454
 1.1660955454545454
 1.1665995454545455
 1.1671035454545455
 1.1676075454545454
 1.1681025454545455
 1.1685975454545454
 1.1691645454545454
 1.1697225454545455
 1.1702805454545455
 1.1708385454545454
 1.1713875454545455
 1.1719365454545454
 1.1724855454545455
 1.1730345454545454
 1.1735745454545454
 1.1741145454545454
 1.1746545454545454
 1.1751945454545454
 1.1757255454545454
 1.1762565454545455
 1.1767875454545456
 1.1773095454545455
 1.1778315454545454
 1.1783535454545455
 1.1788755454545454
 1.1793885454545454
 1.1799015454545454
 1.1804145454545454
 1.1809275454545454
 1.1814315454545454
 1.1820075454545456
 1.1825745454545455
 1.1831415454545455
 1.183708590909091
 1.184275590909091
 1.184833590909091
 1.1853915909090909
 1.1859495909090909
 1.1864985909090908
 1.187047590909091
 1.1875965909090909
 1.188145590909091
 1.188685590909091
 1.189225590909091
 1.189765590909091
 1.1903055909090909
 1.190836590909091
 1.1913675909090908
 1.1918985909090909
 1.1924205909090908
 1.1929425909090909
 1.1934645909090908
 1.193986590909091
 1.194499590909091
 1.1950845909090908
 1.1956605909090909
 1.1962365909090908
 1.196812590909091
 1.1973885909090909
 1.1979555909090909
 1.1985225909090909
 1.1990895909090908
 1.1996565909090908
 1.2002145909090909
 1.2007725909090909
 1.201330590909091
 1.2018795909090909
 1.2024285909090908
 1.202977590909091
 1.2035265909090909
 1.2040665909090909
 1.2046065909090908
 1.2051465909090908
 1.2056865909090908
 1.2062175909090909
 1.2067485909090909
 1.207279590909091
 1.2078015909090909
 1.2083235909090908
 1.2088455909090909
 1.2093675909090909
 1.2098805909090908
 1.2103935909090908
 1.2109065909090908
 1.211419590909091
 1.2119235909090909
 1.2124275909090909
 1.212931590909091
 1.2134265909090909
 1.2139216363636363
 1.2144166363636364
 1.2149116363636363
 1.2153976363636363
 1.2158836363636363
 1.2163696363636363
 1.2168556363636365
 1.2173326363636363
 1.2178096363636364
 1.2182866363636364
 1.2187546363636363
 1.2192226363636363
 1.2196906363636364
 1.2201586363636363
 1.2206176363636363
 1.2211486363636364
 1.2216796363636364
 1.2222106363636365
 1.2227326363636364
 1.2232546363636363
 1.2237766363636364
 1.2242986363636363
 1.2248116363636363
 1.2253246363636363
 1.2258376363636363
 1.2263506363636363
 1.2268546363636363
 1.2273586363636364
 1.2278626363636365
 1.2283576363636364
 1.2288526363636363
 1.2293476363636364
 1.2298426363636363
 1.2303286363636363
 1.2308146363636363
 1.2313006363636363
 1.2317866363636363
 1.2322636363636363
 1.2327406363636364
 1.2332176363636365
 1.2336856363636364
 1.2342256363636364
 1.2347656363636363
 1.2353056363636363
 1.2358456363636363
 1.2363766363636364
 1.2369076363636364
 1.2374386363636363
 1.2379606363636364
 1.2384826363636363
 1.2390046363636364
 1.2395266363636364
 1.2400396363636363
 1.2405526363636363
 1.2410656363636363
 1.2415786363636363
 1.2420826363636364
 1.2425866363636364
 1.2430906363636363
 1.2435856363636364
 1.2440806363636363
 1.2445756363636364
 1.2450706363636364
 1.2455566363636363
 1.2460426818181818
 1.2465286818181818
 1.2470776818181819
 1.2476266818181818
 1.2481756818181817
 1.2487246818181819
 1.2492646818181818
 1.2498046818181818
 1.2503446818181818
 1.2508846818181818
 1.2514156818181819
 1.2519466818181819
 1.2524776818181818
 1.2529996818181819
 1.2535216818181818
 1.2540436818181817
 1.2545656818181818
 1.2550786818181818
 1.2555916818181818
 1.2561046818181818
 1.2566176818181818
 1.2571216818181818
 1.2576256818181819
 1.2581296818181817
 1.2586246818181819
 1.2591196818181818
 1.2596866818181818
 1.2602446818181818
 1.2608026818181819
 1.2613606818181817
 1.2619096818181819
 1.2624586818181818
 1.2630076818181819
 1.2635566818181818
 1.2640966818181818
 1.2646366818181818
 1.2651766818181818
 1.2657166818181818
 1.2662476818181818
 1.2667786818181819
 1.2673096818181817
 1.2678316818181818
 1.2683536818181818
 1.2688756818181819
 1.2693976818181818
 1.2699106818181818
 1.2704236818181818
 1.2709366818181818
 1.2714496818181817
 1.2719536818181818
 1.2725296818181817
 1.2730966818181819
 1.2736636818181819
 1.2742306818181819
 1.2747976818181819
 1.2753556818181817
 1.2759137272727272
 1.2764717272727273
 1.2770206818181817
 1.2775696818181819
 1.2781187272727272
 1.2786677272727274
 1.2792077272727274
 1.2797477272727273
 1.2802877272727273
 1.2808277272727273
 1.2813587272727274
 1.2818897272727272
 1.2824207272727273
 1.2829427272727272
 1.2834647272727273
 1.2839867272727272
 1.2845087272727274
 1.2850217272727273
 1.2856067272727272
 1.2861827272727273
 1.2867587272727272
 1.2873347272727274
 1.2879107272727273
 1.2884777272727272
 1.2890447272727272
 1.2896117272727272
 1.2901787272727272
 1.2907367272727273
 1.2912947272727273
 1.2918527272727274
 1.2924017272727273
 1.2929507272727272
 1.2934997272727273
 1.2940487272727272
 1.2945887272727272
 1.2951287272727272
 1.2956687272727272
 1.2962087272727272
 1.2967397272727272
 1.2972707272727273
 1.2978017272727274
 1.2983237272727273
 1.2988457272727272
 1.2993677272727273
 1.2998897272727272
 1.3004027272727272
 1.3009157272727272
 1.3014287272727272
 1.3019417272727272
 1.3024457272727272
 1.3029497272727273
 1.3034537272727273
 1.3039487272727273
 1.3044437272727272
 1.3049387272727273
 1.3054337272727272
 1.3059197727272727
 1.3064056363636363
 1.3068917727272726
 1.3073777727272726
 1.3078547727272727
 1.3083316363636364
 1.3088087727272728
 1.3092767727272727
 1.3097447727272726
 1.3102127727272728
 1.3106807727272727
 1.3111397727272727
 1.3116707727272727
 1.3122017727272728
 1.3127327727272726
 1.3132547727272728
 1.3137767727272727
 1.3142987727272728
 1.3148207727272727
 1.3153337727272727
 1.3158467727272727
 1.3163597727272727
 1.3168727727272727
 1.3173767727272727
 1.3178807727272728
 1.3183847727272728
 1.3188797727272727
 1.3193747727272727
 1.3198697727272728
 1.3203647727272727
 1.3208507727272727
 1.3213367727272727
 1.3218227727272727
 1.3223087727272727
 1.3227857727272727
 1.3232627727272728
 1.3237397727272728
 1.3242077727272727
 1.3247477727272727
 1.3252877727272727
 1.3258277727272727
 1.3263677727272727
 1.3268987727272727
 1.3274297727272728
 1.3279607727272726
 1.3284827727272728
 1.3290047727272727
 1.3295267727272728
 1.3300487727272727
 1.3305617727272727
 1.3310747727272727
 1.3315877727272727
 1.3321007727272727
 1.3326047727272727
 1.3331087727272728
 1.3336127727272726
 1.3341077727272728
 1.3346027727272727
 1.3350977727272728
 1.3355927727272727
 1.3360787727272727
 1.3365646818181818
 1.3370507727272727
 1.3375997727272728
 1.3381487727272727
 1.3386978181818181
 1.3392468181818182
 1.3397866818181818
 1.3403268181818182
 1.3408668181818182
 1.3414068181818182
 1.3419378181818182
 1.3424688181818183
 1.3429998181818181
 1.3435218181818183
 1.3440438181818182
 1.3445658181818181
 1.3450878181818182
 1.3456008181818182
 1.3461138181818182
 1.3466268181818182
 1.3471398181818182
 1.3476438181818182
 1.3481478181818183
 1.3486518181818181
 1.3491468181818183
 1.3496418181818182
 1.3502088181818181
 1.3507668181818182
 1.3513248181818183
 1.3518828181818181
 1.3524318181818182
 1.3529808181818181
 1.3535298181818183
 1.3540788181818182
 1.3546188181818182
 1.3551588181818182
 1.3556988181818181
 1.3562388181818181
 1.3567698181818182
 1.3573008181818182
 1.3578318181818181
 1.3583538181818182
 1.3588758181818181
 1.3593978181818183
 1.3599198181818182
 1.3604328181818182
 1.3609458181818181
 1.3614588181818181
 1.3619718181818181
 1.3624758181818182
 1.3630518181818181
 1.3636188181818181
 1.3641858181818183
 1.3647528181818183
 1.3653197272727273
 1.3658778181818181
 1.3664358181818181
 1.3669938181818182
 1.3675428181818181
 1.3680917272727273
 1.3686407272727272
 1.3691897272727274
 1.3697298636363637
 1.3702698636363637
 1.3708097272727273
 1.3713498636363637
 1.3718807272727274
 1.3724118636363636
 1.3729427272727273
 1.3734648636363636
 1.3739868636363637
 1.3745088636363636
 1.3750308636363637
 1.3755438636363637
 1.3761288636363636
 1.3767048636363637
 1.3772808636363636
 1.3778568636363637
 1.3784328636363636
 1.3789998636363636
 1.3795668636363636
 1.3801338636363636
 1.3807008636363636
 1.3812588636363636
 1.3818168636363637
 1.3823748636363635
 1.3829238636363637
 1.3834728636363636
 1.3840218636363637
 1.3845708636363636
 1.3851108636363636
 1.3856508636363636
 1.3861908636363636
 1.3867308636363636
 1.3872618636363636
 1.3877928636363637
 1.3883238636363637
 1.3888458636363636
 1.3893678636363636
 1.3898898636363637
 1.3904118636363636
 1.3909248636363636
 1.3914378636363636
 1.3919508636363636
 1.3924638636363635
 1.3929678636363636
 1.3934718636363637
 1.3939757727272728
 1.3944708636363636
 1.3949657727272726
 1.3954607727272728
 1.3959557727272727
 1.3964417727272727
 1.3969277727272726
 1.3974137727272726
 1.3978997727272728
 1.3983767727272727
 1.3988537727272727
 1.3993307727272728
 1.3997987727272727
 1.4002667727272726
 1.4007347727272728
 1.4012027727272727
 1.4016617727272727
 1.4021927727272727
 1.4027239090909092
 1.403254909090909
 1.4037767727272727
 1.404298909090909
 1.4048209090909092
 1.4053429090909091
 1.4058559090909091
 1.4063689090909091
 1.406881909090909
 1.407394909090909
 1.4078989090909091
 1.4084029090909091
 1.408906909090909
 1.4094019090909091
 1.409896909090909
 1.4103919090909092
 1.4108869090909091
 1.4113729090909091
 1.4118589090909091
 1.412344909090909
 1.412830909090909
 1.4133079090909091
 1.4137849090909091
 1.414261909090909
 1.4147299090909091
 1.4152699090909091
 1.4158099090909091
 1.4163499090909091
 1.4168899090909091
 1.4174209090909091
 1.4179519090909092
 1.418482909090909
 1.4190049090909092
 1.4195269090909091
 1.4200489090909092
 1.4205709090909091
 1.4210839090909091
 1.4215969090909091
 1.4221099090909091
 1.422622909090909
 1.4231269090909091
 1.4236309090909092
 1.424134909090909
 1.4246299090909091
 1.4251248181818181
 1.4256199090909092
 1.4261148181818182
 1.4266008181818182
 1.4270868181818182
 1.4275728181818181
 1.4281218181818183
 1.4286708181818182
 1.4292198181818181
 1.4297688181818182
 1.4303088181818182
 1.4308488181818182
 1.4313889545454546
 1.4319289545454545
 1.4324599545454546
 1.4329909545454544
 1.4335219545454545
 1.4340439545454546
 1.4345659545454545
 1.4350879545454545
 1.4356099545454546
 1.4361229545454546
 1.4366359545454546
 1.4371489545454545
 1.4376619545454545
 1.4381659545454546
 1.4386699545454547
 1.4396689545454546
 1.4401639545454545
 1.4407309545454545
 1.4412889545454546
 1.4418469545454546
 1.4424049545454545
 1.4429539545454546
 1.4435029545454545
 1.4440519545454547
 1.4446009545454546
 1.4451409545454545
 1.4456809545454545
 1.4462209545454545
 1.4467609545454545
 1.4472919545454546
 1.4478229545454546
 1.4483539545454545
 1.4488759545454546
 1.4493979545454545
 1.4499199545454546
 1.4504419545454545
 1.4509549545454545
 1.4514679545454545
 1.4519809545454545
 1.4524939545454545
 1.4529979545454546
 1.4535739545454545
 1.4541409545454544
 1.4547079545454547
 1.4552749545454546
 1.4558419545454546
 1.4563999545454545
 1.4569578636363636
 1.4575158636363637
 1.4580648636363636
 1.4586138636363637
 1.4591628636363636
 1.4597118636363637
 1.4602518636363637
 1.4607918636363637
 1.4613318636363637
 1.4618718636363637
 1.4624029999999999
 1.4629338636363636
 1.463465
 1.4639869999999999
 1.4645090000000001
 1.465031
 1.4655530000000001
 1.4660660000000001
 1.4666509999999999
 1.4672270000000001
 1.467803
 1.4683790000000001
 1.468955
 1.469522
 1.470089
 1.470656
 1.4712229999999999
 1.471781
 1.4723390000000001
 1.4728969999999999
 1.473446
 1.4739949999999999
 1.4745440000000001
 1.475093
 1.475633
 1.476173
 1.4767129999999999
 1.4772529999999999
 1.477784
 1.478315
 1.4788460000000001
 1.479368
 1.4798899999999999
 1.4804120000000001
 1.480934
 1.481447
 1.4819599999999999
 1.4824729999999999
 1.4829859999999999
 1.48349
 1.483994
 1.4844980000000001
 1.4849929090909091
 1.4854879999999999
 1.4859830000000001
 1.486478
 1.486964
 1.487449909090909
 1.487935909090909
 1.488421909090909
 1.4888989090909091
 1.4893759090909091
 1.4898529090909092
 1.4903209090909091
 1.490788909090909
 1.4912570454545455
 1.4917250454545454
 1.492183909090909
 1.4927149090909091
 1.4932460454545455
 1.4937770454545454
 1.4942990454545455
 1.4948210454545454
 1.4953430454545455
 1.4958650454545455
 1.4963780454545454
 1.4968910454545454
 1.4974040454545454
 1.4979170454545454
 1.4984210454545455
 1.4989250454545455
 1.4994290454545454
 1.4999240454545455
 1.5004190454545454
 1.5009140454545455
 1.5014090454545455
 1.5018950454545454
 1.5023810454545454
 1.5028670454545454
 1.5033530454545454
 1.5038300454545455
 1.5043070454545455
 1.5047840454545454
 1.5052520454545455
 1.5057920454545455
 1.5063320454545455
 1.5068720454545455
 1.5074120454545454
 1.5079430454545455
 1.5084740454545456
 1.5090050454545454
 1.5095270454545455
 1.5100490454545454
 1.5105710454545453
 1.5110930454545455
 1.5116060454545455
 1.5121190454545455
 1.5126320454545454
 1.5131450454545454
 1.5136489545454546
 1.5141529545454546
 1.5146570454545454
 1.5151519545454546
 1.5156470454545454
 1.5161419545454546
 1.5166369545454546
 1.5171229545454545
 1.5176089545454545
 1.5180949545454545
 1.5186439545454546
 1.5191929545454546
 1.5197419545454545
 1.5202909545454546
 1.5208309545454546
 1.5213709545454546
 1.5219109545454546
 1.5224509545454545
 1.522982090909091
 1.5235130909090908
 1.5240440909090909
 1.524566090909091
 1.5250880909090909
 1.5256100909090908
 1.526132090909091
 1.526645090909091
 1.5271580909090909
 1.5276710909090909
 1.5281840909090909
 1.528688090909091
 1.5291920909090908
 1.5296960909090909
 1.530191090909091
 1.5306860909090909
 1.5312530909090909
 1.531811090909091
 1.532369090909091
 1.5329270909090909
 1.533476090909091
 1.5340250909090909
 1.5345740909090908
 1.5351230909090909
 1.5356630909090909
 1.5362030909090909
 1.5367430909090909
 1.5372830909090909
 1.5378140909090909
 1.538345090909091
 1.5388760909090908
 1.539398090909091
 1.5399200909090909
 1.540442090909091
 1.5409640909090909
 1.5414770909090909
 1.5419900909090909
 1.5425030909090909
 1.5430159999999999
 1.5435200909090909
 1.5440959999999999
 1.5446629999999999
 1.5452300000000001
 1.5457970000000001
 1.5463640000000001
 1.5469219999999999
 1.54748
 1.548038
 1.5485869999999999
 1.5491360000000001
 1.549685
 1.5502339999999999
 1.5507740000000001
 1.5513140000000001
 1.5518540000000001
 1.5523940000000001
 1.5529250000000001
 1.5534561363636363
 1.5539871363636364
 1.5545091363636363
 1.5550311363636364
 1.5555531363636363
 1.5560751363636363
 1.5565881363636365
 1.5571731363636363
 1.5577491363636364
 1.5583251363636363
 1.5589011363636363
 1.5594771363636364
 1.5600441363636364
 1.5606111363636364
 1.5611781363636363
 1.5617451363636363
 1.5623031363636364
 1.5628611363636364
 1.5634191363636363
 1.5639681363636364
 1.5645171363636363
 1.5650661363636365
 1.5656151363636364
 1.5661551363636363
 1.5666951363636363
 1.5672351363636363
 1.5677751363636363
 1.5683061363636364
 1.5688371363636364
 1.5693681363636363
 1.5698901363636364
 1.5704121363636363
 1.5709341363636364
 1.5714561363636363
 1.5719691363636363
 1.5724821363636363
 1.5729951363636363
 1.5735080454545454
 1.5740121363636363
 1.5745160454545455
 1.5750200454545455
 1.5755150454545455
 1.5760100454545454
 1.5765050454545455
 1.5770000454545454
 1.5774860454545454
 1.5779720454545454
 1.5784580454545454
 1.5789440454545454
 1.5794210454545454
 1.5798980454545455
 1.5803750454545455
 1.5808430454545455
 1.5813111818181818
 1.5817791818181819
 1.5822471818181818
 1.5827061818181818
 1.5832371818181818
 1.5837681818181819
 1.5842991818181817
 1.5848211818181819
 1.5853431818181818
 1.5858651818181819
 1.5863871818181818
 1.5869001818181818
 1.5874131818181818
 1.5879261818181818
 1.5884391818181818
 1.5889431818181818
 1.5894471818181819
 1.5899511818181817
 1.5904461818181819
 1.5909411818181818
 1.5914361818181819
 1.5919311818181818
 1.5924171818181818
 1.5929031818181818
 1.5933891818181818
 1.5938751818181818
 1.5943521818181818
 1.5948291818181819
 1.5953061818181817
 1.5957741818181819
 1.5963141818181819
 1.5968541818181818
 1.5973941818181818
 1.5979341818181818
 1.5984651818181819
 1.5989961818181819
 1.5995271818181818
 1.6000491818181819
 1.6005711818181818
 1.6010931818181817
 1.6016150909090909
 1.6021281818181818
 1.6026411818181818
 1.6031540909090909
 1.6036670909090909
 1.6041710909090909
 1.604675090909091
 1.6051790909090908
 1.605674090909091
 1.6061690909090909
 1.606664090909091
 1.6071590909090909
 1.6076450909090909
 1.6081310909090909
 1.6086170909090909
 1.6091662272727272
 1.6097150909090909
 1.6102642272727272
 1.6108132272727274
 1.6113532272727273
 1.6118932272727273
 1.6124332272727273
 1.6129732272727273
 1.6135042272727274
 1.6140352272727272
 1.6145662272727273
 1.6150882272727274
 1.6156102272727273
 1.6161322272727272
 1.6166542272727273
 1.6171672272727273
 1.6176802272727273
 1.6181932272727273
 1.6187062272727273
 1.6192102272727273
 1.6197142272727272
 1.6202182272727272
 1.6207132272727274
 1.6212082272727273
 1.6217752272727273
 1.6223332272727273
 1.6228912272727272
 1.6234492272727272
 1.6239982272727274
 1.6245472272727273
 1.6250962272727272
 1.6256452272727273
 1.6261852272727273
 1.6267252272727273
 1.6272652272727273
 1.6278052272727273
 1.6283362272727273
 1.6288672272727274
 1.6293982272727272
 1.6299201363636364
 1.6304422272727273
 1.6309641363636365
 1.6314861363636364
 1.6319992272727273
 1.6325121363636363
 1.6330251363636363
 1.6335381363636363
 1.6340421363636364
 1.6346181363636363
 1.6351851363636363
 1.6357521363636363
 1.6363191363636365
 1.6368861363636364
 1.6374441363636363
 1.6380021363636363
 1.6385601363636364
 1.6391091363636363
 1.6396581363636364
 1.6402072727272727
 1.6407562727272726
 1.6412962727272726
 1.6418362727272726
 1.6423762727272728
 1.6429162727272728
 1.6434472727272726
 1.6439782727272727
 1.6445092727272728
 1.6450312727272727
 1.6455532727272728
 1.6460752727272727
 1.6465972727272726
 1.6471102727272726
 1.6476952727272727
 1.6482712727272728
 1.6488472727272727
 1.6494232727272726
 1.6499992727272728
 1.6505662727272727
 1.6511332727272727
 1.6517002727272727
 1.6522672727272727
 1.6528252727272728
 1.6533832727272728
 1.6539412727272726
 1.6544902727272728
 1.6550392727272727
 1.6555882727272728
 1.6561372727272727
 1.6566772727272727
 1.6572172727272727
 1.6577572727272727
 1.6582972727272727
 1.6588281818181818
 1.6593591818181819
 1.6598901818181817
 1.6604121818181818
 1.6609341818181818
 1.6614561818181819
 1.6619781818181818
 1.6624911818181818
 1.6630041818181818
 1.6635171818181818
 1.6640301818181817
 1.6645341818181818
 1.6650381818181819
 1.6655421818181819
 1.6660371818181818
 1.6665321818181817
 1.6670271818181819
 1.6675221818181818
 1.6680081818181818
 1.6684941818181818
 1.6689801818181818
 1.6694661818181817
 1.6699431818181818
 1.6704203181818182
 1.6708973181818181
 1.6713653181818182
 1.6718333181818181
 1.6723013181818183
 1.6727693181818182
 1.6732283181818182
 1.6737593181818182
 1.6742903181818183
 1.6748213181818181
 1.6753433181818183
 1.6758653181818182
 1.6763873181818181
 1.6769093181818182
 1.6774223181818182
 1.6779353181818182
 1.6784483181818182
 1.6789613181818182
 1.6794653181818182
 1.6799693181818183
 1.6804733181818181
 1.6809683181818182
 1.6814633181818182
 1.6819583181818183
 1.6824533181818182
 1.6829393181818182
 1.6834253181818182
 1.6839113181818182
 1.6843973181818181
 1.6848743181818182
 1.6853513181818183
 1.6858283181818181
 1.6862963181818182
 1.6868362272727273
 1.6873763181818182
 1.6879162272727273
 1.6884562272727273
 1.6889872272727273
 1.6895182272727274
 1.6900492272727272
 1.6905712272727274
 1.6910932272727273
 1.6916152272727272
 1.6921372272727273
 1.6926502272727273
 1.6931632272727273
 1.6936762272727273
 1.6941892272727272
 1.6946932272727273
 1.6951972272727274
 1.6957012272727272
 1.6961962272727273
 1.6966912272727273
 1.6971862272727272
 1.6976812272727273
 1.6981673636363637
 1.6986533636363637
 1.6991393636363636
 1.6996883636363636
 1.7002373636363637
 1.7007863636363636
 1.7013353636363637
 1.7018753636363637
 1.7024153636363637
 1.7029553636363637
 1.7034953636363637
 1.7040263636363637
 1.7045573636363636
 1.7050883636363636
 1.7056103636363635
 1.7061323636363637
 1.7066543636363636
 1.7071763636363637
 1.7076893636363637
 1.7082023636363637
 1.7087153636363637
 1.7092283636363637
 1.7097323636363637
 1.7102363636363636
 1.7107403636363636
 1.7112353636363635
 1.7117303636363637
 1.7122973636363636
 1.7128553636363637
 1.7134133636363635
 1.7139713636363636
 1.7145203636363637
 1.7150693636363636
 1.7156183636363636
 1.7161673636363637
 1.7167073636363637
 1.7172473636363637
 1.7177873636363636
 1.7183272727272727
 1.7188582727272728
 1.7193892727272728
 1.7199202727272727
 1.7204422727272728
 1.7209642727272727
 1.7214862727272728
 1.7220082727272727
 1.7225212727272727
 1.7230342727272727
 1.7235472727272727
 1.7240602727272727
 1.7245642727272728
 1.7251402727272727
 1.7257072727272726
 1.726274409090909
 1.726841409090909
 1.7274082727272728
 1.727966409090909
 1.7285244090909091
 1.7290824090909092
 1.7296314090909091
 1.7301804090909092
 1.7307294090909091
 1.731278409090909
 1.731818409090909
 1.732358409090909
 1.7328984090909092
 1.7334384090909092
 1.733969409090909
 1.7345004090909091
 1.7350314090909091
 1.735553409090909
 1.7360754090909092
 1.7365974090909091
 1.737119409090909
 1.737632409090909
 1.738217409090909
 1.7387934090909092
 1.7393694090909091
 1.739945409090909
 1.7405214090909091
 1.7410884090909091
 1.7416554090909091
 1.7422224090909091
 1.7427894090909091
 1.7433474090909091
 1.7439054090909092
 1.744463409090909
 1.7450124090909092
 1.7455614090909091
 1.7461103181818183
 1.7466593181818182
 1.7471993181818182
 1.7477393181818182
 1.7482793181818181
 1.7488193181818181
 1.7493503181818182
 1.7498813181818182
 1.7504123181818181
 1.7509343181818182
 1.7514563181818181
 1.7519783181818183
 1.7525003181818182
 1.7530134545454545
 1.7535264545454545
 1.7540394545454545
 1.7545524545454545
 1.7550564545454546
 1.7555604545454546
 1.7560644545454545
 1.7565594545454546
 1.7570544545454545
 1.7575494545454546
 1.7580444545454545
 1.7585304545454545
 1.7590164545454545
 1.7595024545454545
 1.7599884545454545
 1.7604654545454546
 1.7609424545454546
 1.7614194545454545
 1.7618874545454546
 1.7623554545454545
 1.7628234545454546
 1.7632914545454546
 1.7637504545454545
 1.7642814545454546
 1.7648124545454547
 1.7653434545454545
 1.7658654545454546
 1.7663874545454545
 1.7669094545454544
 1.7674314545454546
 1.7679444545454546
 1.7684574545454546
 1.7689704545454545
 1.7694834545454545
 1.7699874545454546
 1.7704914545454546
 1.7709954545454545
 1.7714904545454546
 1.7719854545454545
 1.7724804545454544
 1.7729754545454546
 1.7734614545454546
 1.7739473636363636
 1.7744333636363636
 1.7749193636363636
 1.7753964545454546
 1.7758733636363637
 1.7763503636363636
 1.7768183636363637
 1.7773583636363637
 1.7778983636363637
 1.7784383636363637
 1.7789783636363636
 1.7795093636363637
 1.7800403636363635
 1.7805713636363636
 1.7810933636363637
 1.7816153636363636
 1.7821373636363635
 1.7826595000000001
 1.7831723636363637
 1.7836855
 1.7841985
 1.7847115
 1.7852155000000001
 1.7857194999999999
 1.7862235
 1.7867185000000001
 1.7872135
 1.7877084999999999
 1.7882035000000001
 1.7886895
 1.7891755
 1.7896615
 1.7902104999999999
 1.7907595000000001
 1.7913085
 1.7918575000000001
 1.7923975000000001
 1.7929375000000001
 1.7934775000000001
 1.7940175
 1.7945485000000001
 1.7950794999999999
 1.7956105
 1.7961325909090908
 1.7966545
 1.7971765
 1.7976985000000001
 1.7982115000000001
 1.798724590909091
 1.7992375
 1.7997505
 1.8002545000000001
 1.8007584999999999
 1.8012624090909091
 1.8017575909090908
 1.8022524090909091
 1.8028194090909091
 1.8033774090909092
 1.803935409090909
 1.8044934090909091
 1.8050424090909092
 1.8055914090909091
 1.806140409090909
 1.8066894090909091
 1.8072294090909091
 1.8077694090909091
 1.8083094090909091
 1.8088494090909091
 1.8093804090909091
 1.8099116363636363
 1.810442409090909
 1.8109645454545455
 1.8114864090909091
 1.812008409090909
 1.8125306363636364
 1.8130435454545455
 1.8135565454545455
 1.8140695454545455
 1.8145826363636364
 1.8150865454545455
 1.8156625454545454
 1.8162295454545454
 1.8167965454545454
 1.8173636363636363
 1.8179306363636363
 1.8184886363636363
 1.8190465454545455
 1.8196045454545455
 1.8201536363636364
 1.8207025454545454
 1.8212515454545455
 1.8218005454545454
 1.8223405454545454
 1.8228805454545454
 1.8234205454545453
 1.8239606363636363
 1.8244916363636363
 1.8250225454545455
 1.8255536363636364
 1.8260756363636363
 1.8265976363636363
 1.8271195454545455
 1.8276416363636363
 1.8281545454545454
 1.8287396363636363
 1.8293156363636363
 1.8298914545454545
 1.8304674545454545
 1.8310436363636364
 1.8316104545454546
 1.8321774545454546
 1.8327444545454545
 1.8333114545454545
 1.8338694545454546
 1.8344274545454546
 1.8349854545454545
 1.8355344545454546
 1.8360834545454545
 1.8366324545454547
 1.8371814545454546
 1.8377214545454545
 1.8382614545454545
 1.8388014545454545
 1.8393416818181818
 1.8398726818181819
 1.8404036818181819
 1.8409346818181818
 1.8414566818181819
 1.8419786818181818
 1.842500590909091
 1.8430226818181819
 1.8435356818181818
 1.8440485909090909
 1.8445616818181818
 1.8450746818181818
 1.8455786818181819
 1.846082590909091
 1.8465866818181818
 1.8470816818181819
 1.8475766818181818
 1.8480716818181817
 1.8485665909090909
 1.8490526818181818
 1.8495386818181818
 1.8500246818181818
 1.8505106818181818
 1.8509876818181819
 1.8514646818181819
 1.8519416818181818
 1.8524096818181819
 1.8528776818181818
 1.8533456818181817
 1.8538136818181818
 1.8542726818181818
 1.8548036818181819
 1.8553346818181817
 1.8558656818181818
 1.8563876818181819
 1.8569096818181818
 1.8574316818181817
 1.8579536818181819
 1.8584666818181819
 1.8589795
 1.8594926818181818
 1.8600056818181818
 1.8605095
 1.8610136818181817
 1.8615176818181818
 1.8620125000000001
 1.8625075
 1.8630024999999999
 1.8634975
 1.8639835
 1.8644697272727273
 1.8649555
 1.8654417272727273
 1.8659185
 1.8663955000000001
 1.8668727272727272
 1.8673407272727274
 1.8678807272727274
 1.8684207272727273
 1.8689607272727273
 1.8695007272727273
 1.8700317272727274
 1.8705627272727272
 1.8710937272727273
 1.8716157272727272
 1.8721377272727273
 1.8726597272727272
 1.8731817272727274
 1.8736947272727273
 1.8742077272727273
 1.8747207272727273
 1.8752337272727273
 1.8757377272727274
 1.8762417272727272
 1.8767457272727273
 1.8772407272727272
 1.8777357272727273
 1.8782307272727272
 1.8787257272727274
 1.8792117272727273
 1.8796977272727273
 1.8801837272727273
 1.8807327272727272
 1.8812817272727274
 1.8818307272727273
 1.8823797272727272
 1.8829197272727274
 1.8834597272727274
 1.8839997272727274
 1.8845397272727273
 1.8850707272727272
 1.8856017272727272
 1.8861327272727273
 1.8866547272727272
 1.8871767272727273
 1.8876987272727273
 1.8882207272727272
 1.8887337272727274
 1.8892467272727274
 1.8897597272727273
 1.8902725454545455
 1.8907765454545455
 1.8912805454545454
 1.8917845454545454
 1.8922797727272727
 1.8927747727272728
 1.8933417727272728
 1.8938997727272728
 1.8944577727272727
 1.8950155454545454
 1.8955647727272726
 1.8961137727272728
 1.8966627727272727
 1.8972117727272728
 1.8977517727272728
 1.8982917727272728
 1.8988317727272728
 1.8993717727272728
 1.8999027727272728
 1.9004337727272727
 1.9009647727272727
 1.9014867727272726
 1.9020087727272728
 1.9025307727272727
 1.9030527727272728
 1.9035657727272728
 1.9040787727272728
 1.9045917727272728
 1.9051047727272727
 1.9056087727272728
 1.9061847727272727
 1.9067517727272727
 1.9073187727272727
 1.9078857727272727
 1.9084527727272727
 1.9090107727272727
 1.9095687727272728
 1.9101267727272728
 1.9106757727272727
 1.9112247727272726
 1.9117737727272728
 1.9123227727272727
 1.9128627727272727
 1.9134027727272727
 1.9139427727272726
 1.9144827727272726
 1.9150137727272727
 1.9155447727272727
 1.9160757727272728
 1.9165977727272727
 1.9171197727272726
 1.9176417727272728
 1.9181637727272727
 1.9186768181818181
 1.9192617727272727
 1.9198378181818181
 1.9204135909090909
 1.9209898181818181
 1.9215658181818183
 1.9221325909090909
 1.9226998181818182
 1.9232668181818182
 1.9238338181818182
 1.9243918181818183
 1.9249498181818181
 1.9255078181818182
 1.9260568181818183
 1.9266058181818182
 1.9271548181818181
 1.9277038181818182
 1.9282438181818182
 1.9287838181818182
 1.9293238181818182
 1.9298638181818182
 1.9303948181818182
 1.9309258181818181
 1.9314568181818181
 1.9319788181818183
 1.9325008181818182
 1.9330228181818181
 1.9335448181818182
 1.9340578181818182
 1.9345708181818182
 1.9350838181818182
 1.9355968181818182
 1.9361008181818182
 1.9366048181818183
 1.9371088181818181
 1.9376038181818183
 1.9380988181818182
 1.9385938181818181
 1.9390888181818182
 1.9395748181818182
 1.9400608181818182
 1.9405468181818182
 1.9410328181818182
 1.9415098181818182
 1.9419868181818183
 1.9424638181818181
 1.9429318181818183
 1.9433998181818182
 1.9438678181818181
 1.9443358181818182
 1.9447948181818182
 1.9453258181818183
 1.9458568181818181
 1.9463878181818182
 1.9469098181818181
 1.9474318636363637
 1.9479538181818181
 1.9484758636363637
 1.9489888636363637
 1.9495018636363637
 1.9500148636363637
 1.9505278636363637
 1.9510318636363637
 1.9515358636363636
 1.9520398636363636
 1.9525348636363635
 1.9530298636363637
 1.9535248636363636
 1.9540198636363637
 1.9545058636363637
 1.9549918636363637
 1.9554778636363637
 1.9559638636363637
 1.9564408636363637
 1.9569178636363636
 1.9573948636363636
 1.9578628636363635
 1.9584028636363637
 1.9589428636363637
 1.9594828636363637
 1.9600228636363637
 1.9605538636363637
 1.9610848636363636
 1.9616158636363636
 1.9621378636363636
 1.9626598636363637
 1.9631818636363636
 1.9637038636363637
 1.9642168636363637
 1.9647298636363637
 1.9652428636363637
 1.9657558636363637
 1.9662598636363637
 1.9667638636363636
 1.9672678636363636
 1.9677628636363635
 1.9682578636363637
 1.9687528636363636
 1.9692478636363637
 1.9697338636363637
 1.9702198636363637
 1.9707058636363637
 1.9712548636363636
 1.9718038636363637
 1.9723528636363636
 1.9729018636363636
 1.9734418636363635
 1.9739818636363637
 1.9745218636363637
 1.9755928636363635
 1.9761239090909091
 1.9766549090909091
 1.977176909090909
 1.9776989090909092
 1.9782209090909091
 1.978742909090909
 1.979255909090909
 1.9797689090909092
 1.9802819090909092
 1.9807949090909092
 1.981298909090909
 1.9818029090909091
 1.9823069090909091
 1.982801909090909
 1.9832969090909092
 1.9838639090909092
 1.984421909090909
 1.984979909090909
 1.9855379090909091
 1.986086909090909
 1.9866359090909091
 1.9871849090909091
 1.9877339090909092
 1.9882739090909092
 1.9888139090909092
 1.9893539090909091
 1.9898939090909091
 1.9904249090909092
 1.990955909090909
 1.9914869090909091
 1.992008909090909
 1.9925309090909091
 1.993052909090909
 1.9935749090909092
 1.9940879090909092
 1.9946009090909091
 1.9951139090909091
 1.9956269090909091
 1.9961309090909092
 1.9967069090909091
 1.9972739090909091
 1.9978409090909091
 1.998407909090909
 1.998974909090909
 1.9995329090909091
 2.0000909090909089
 2.0006489090909092
 2.0011979090909091
 2.001746909090909
 2.0022959090909089
 2.0028449090909093
 2.0033849545454547
 2.0039249545454547
 2.0044649545454547
 2.0050049545454547
 2.0055359545454547
 2.0060669545454544
 2.0065979545454544
 2.0071199545454546
 2.0076419545454547
 2.0081639545454544
 2.0086859545454545
 2.0091989545454547
 2.0097839545454543
 2.0103599545454545
 2.0109359545454546
 2.0115119545454547
 2.0120879545454544
 2.0126549545454546
 2.0132219545454544
 2.0137889545454546
 2.0143559545454544
 2.0149139545454546
 2.0154719545454545
 2.0160299545454547
 2.0165789545454547
 2.0171279545454546
 2.0176769545454545
 2.0182259545454544
 2.0187659545454544
 2.0193059545454544
 2.0198459545454543
 2.0203859545454543
 2.0209169545454544
 2.0214479545454545
 2.0219789545454545
 2.0225009545454546
 2.0230229545454543
 2.0235449545454545
 2.0240669545454546
 2.0245799545454544
 2.0250929545454546
 2.0256059545454543
 2.0261189545454545
 2.0266229545454544
 2.0271269545454547
 2.0276309545454545
 2.0281259545454544
 2.0286209545454543
 2.0291159545454547
 2.0296109545454546
 2.0300969545454546
 2.0305829545454546
 2.0310689545454546
 2.0315549545454545
 2.0320319545454546
 2.0325089545454547
 2.0329860000000002
 2.0334539999999999
 2.033922
 2.0343900000000001
 2.0348579999999998
 2.035317
 2.0358480000000001
 2.0363790000000002
 2.0369100000000002
 2.0374319999999999
 2.037954
 2.0384760000000002
 2.0389979999999999
 2.0395110000000001
 2.0400239999999998
 2.040537
 2.0410499999999998
 2.0415540000000001
 2.0420579999999999
 2.0425620000000002
 2.0430570000000001
 2.043552
 2.0440469999999999
 2.0445419999999999
 2.0450279999999998
 2.0455139999999998
 2.0459999999999998
 2.0464859999999998
 2.0469629999999999
 2.0474399999999999
 2.047917
 2.0483850000000001
 2.0489250000000001
 2.0494650000000001
 2.0500050000000001
 2.0505450000000001
 2.0510760000000001
 2.0516070000000002
 2.0521379999999998
 2.0526599999999999
 2.0531820000000001
 2.0537040000000002
 2.0542259999999999
 2.0547390000000001
 2.0552519999999999
 2.0557650000000001
 2.0562779999999998
 2.0567820000000001
 2.0572859999999999
 2.0577899999999998
 2.0582850000000001
 2.0587800000000001
 2.059275
 2.0597699999999999
 2.0602560454545453
 2.0607419999999999
 2.0612280454545453
 2.0617770454545457
 2.0623260454545456
 2.0628750454545455
 2.0634240454545454
 2.0639640454545454
 2.0645040454545454
 2.0650440454545453
 2.0655840454545453
 2.0661150454545454
 2.0666460454545454
 2.0671770454545455
 2.0676990454545456
 2.0682210454545453
 2.0687430454545455
 2.0692650454545456
 2.0697780454545454
 2.0702910454545456
 2.0708040454545453
 2.0713170454545455
 2.0718210454545454
 2.0723250454545457
 2.0728290454545455
 2.0733240454545454
 2.0738190454545453
 2.0743860454545455
 2.0749440454545454
 2.0755020454545456
 2.0760600454545455
 2.0766090454545454
 2.0771580454545453
 2.0777070454545457
 2.0782560454545456
 2.0787960454545455
 2.0793360454545455
 2.0798760454545455
 2.0804160454545455
 2.0809470454545456
 2.0814780454545456
 2.0820090454545452
 2.0825310454545454
 2.0830530454545455
 2.0835750454545456
 2.0840970454545453
 2.0846100454545455
 2.0851230454545453
 2.0856360454545455
 2.0861490454545453
 2.0866530454545456
 2.0872290909090907
 2.0877960909090909
 2.0883630909090911
 2.0889300909090909
 2.0894970909090911
 2.0900550909090909
 2.0906130909090908
 2.091171090909091
 2.0917200909090909
 2.0922690909090909
 2.0928180909090908
 2.0933670909090911
 2.0939070909090911
 2.0944470909090911
 2.0949870909090911
 2.0955270909090911
 2.0960580909090911
 2.0965890909090907
 2.0971200909090908
 2.0976420909090909
 2.0981640909090911
 2.0986860909090908
 2.0992080909090909
 2.0997210909090911
 2.1003060909090907
 2.1008820909090908
 2.101458090909091
 2.1020340909090911
 2.1026100909090908
 2.103177090909091
 2.1037440909090908
 2.104311090909091
 2.1048780909090907
 2.105436090909091
 2.1059940909090908
 2.1065520909090911
 2.107101090909091
 2.1076500909090909
 2.1081990909090909
 2.1087480909090908
 2.1092880909090908
 2.1098280909090907
 2.1103680909090907
 2.1109080909090907
 2.1114390909090908
 2.1119700909090908
 2.1125010909090909
 2.113023090909091
 2.1135450909090907
 2.1140670909090908
 2.114589090909091
 2.1151021363636362
 2.1156151363636364
 2.1161279090909093
 2.1166411363636364
 2.1171451363636362
 2.1176491363636365
 2.1181531363636363
 2.1186481363636362
 2.1191431363636362
 2.1196381363636365
 2.1201331363636364
 2.1206191363636364
 2.1211051363636364
 2.1215911363636364
 2.1220771363636364
 2.1225541363636364
 2.1230311363636365
 2.1235081363636366
 2.1239761363636362
 2.1244441363636364
 2.1249121363636365
 2.1253801363636362
 2.1258391363636364
 2.1263701363636365
 2.1269011363636365
 2.1274321363636362
 2.1279541363636363
 2.1284761363636364
 2.1289981363636366
 2.1295201363636362
 2.1300331363636364
 2.1305461363636362
 2.1310591363636364
 2.1315721363636362
 2.1320761363636365
 2.1325801363636363
 2.1330841363636366
 2.1335791363636365
 2.1340741363636364
 2.1345691363636363
 2.1350641363636362
 2.1355501363636362
 2.1360361363636362
 2.1365221363636362
 2.1370081363636362
 2.1374851363636362
 2.1379621363636363
 2.1384391363636364
 2.1389071363636365
 2.1394471363636365
 2.1399871363636365
 2.1405271363636365
 2.1410671363636364
 2.1415981363636365
 2.1421291363636366
 2.1426601363636362
 2.1431821818181818
 2.1437041818181819
 2.144226181818182
 2.1447481818181817
 2.1452611818181819
 2.1457741818181817
 2.1462871818181819
 2.1468001818181817
 2.1473041818181819
 2.1478081818181818
 2.1483121818181816
 2.148807181818182
 2.1493021818181819
 2.1497971818181818
 2.1502921818181817
 2.1507781818181817
 2.1512641818181817
 2.1517501818181817
 2.152299181818182
 2.1528481818181819
 2.1533971818181818
 2.1539461818181818
 2.1544861818181817
 2.1550261818181817
 2.1555661818181817
 2.1561061818181817
 2.1566371818181818
 2.1571681818181818
 2.1576991818181819
 2.158221181818182
 2.1587431818181817
 2.1592651818181818
 2.159787181818182
 2.1603001818181817
 2.1608131818181819
 2.1613261818181817
 2.1618391818181819
 2.1623431818181817
 2.162847181818182
 2.1633511818181819
 2.1638461818181818
 2.1643411818181817
 2.1649081818181819
 2.1654661818181817
 2.166024181818182
 2.1665821818181819
 2.1671311818181818
 2.1676801818181817
 2.1682290000000002
 2.1687781818181819
 2.1693182272727274
 2.1698582272727274
 2.1703982272727274
 2.170938
 2.1714692272727274
 2.1720002272727275
 2.1725312272727271
 2.1730532272727272
 2.1735752272727273
 2.1740972272727275
 2.1746192272727272
 2.1751322272727274
 2.1756452272727271
 2.1761582272727273
 2.1766712272727271
 2.1771752272727274
 2.1777512272727271
 2.1783182272727273
 2.1788852272727275
 2.1794522272727272
 2.1800192272727275
 2.1805772272727273
 2.1811352272727271
 2.1816932272727274
 2.1822422272727273
 2.1827912272727272
 2.1833402272727271
 2.1838892272727271
 2.1844292272727275
 2.1849692272727275
 2.1855092272727275
 2.1860492272727274
 2.1865802272727275
 2.1871112272727271
 2.1876422272727272
 2.1881642272727273
 2.1886862272727274
 2.1892082272727271
 2.1897302272727273
 2.1902432272727275
 2.1908282272727271
 2.1914042272727272
 2.1919802272727273
 2.1925562272727275
 2.1931322272727272
 2.1936992272727274
 2.1942662272727271
 2.1948332272727273
 2.1954002272727271
 2.1959582272727274
 2.1965162727272727
 2.1970740454545457
 2.1976232727272729
 2.1981720454545455
 2.1987210454545454
 2.1992702727272726
 2.1998102727272726
 2.2003502727272726
 2.2008902727272726
 2.2014302727272725
 2.2019612727272726
 2.2024922727272727
 2.2030232727272727
 2.2035452727272729
 2.2040672727272725
 2.2045892727272727
 2.2051112727272728
 2.2056242727272726
 2.2061372727272728
 2.2066502727272725
 2.2071632727272728
 2.2076672727272726
 2.2081712727272729
 2.2086752727272727
 2.2091702727272726
 2.2096652727272725
 2.2101602727272729
 2.2106552727272728
 2.2111412727272728
 2.2116272727272728
 2.2121132727272728
 2.2125992727272727
 2.2130762727272728
 2.2135532727272729
 2.2140302727272729
 2.2144982727272726
 2.2149662727272728
 2.2154342727272729
 2.2159022727272726
 2.2163612727272728
 2.2168922727272729
 2.2174232727272729
 2.2179542727272725
 2.2184762727272727
 2.2189982727272728
 2.2195202727272729
 2.2200422727272726
 2.2205552727272728
 2.2210682727272726
 2.2215812727272728
 2.2220940909090907
 2.2225982727272728
 2.2231020909090908
 2.223606318181818
 2.224101090909091
 2.2245960909090909
 2.2250910909090909
 2.2255860909090908
 2.2260720909090908
 2.2265580909090907
 2.227044318181818
 2.227530318181818
 2.2280073181818181
 2.2284843181818181
 2.2289613181818182
 2.2294293181818183
 2.2299693181818183
 2.2305093181818183
 2.2310493181818183
 2.2315893181818183
 2.2321203181818183
 2.2326513181818184
 2.233182318181818
 2.2337043181818181
 2.2342263181818183
 2.234748318181818
 2.2352703181818181
 2.2357833181818183
 2.2362963181818181
 2.2368093181818183
 2.237322318181818
 2.2378263181818183
 2.2383303181818182
 2.238834318181818
 2.2393293181818184
 2.2398243181818183
 2.2403193181818182
 2.2408143181818181
 2.2413003181818181
 2.2417863181818181
 2.242272318181818
 2.2428213181818184
 2.2433703181818183
 2.2439193181818182
 2.2444683181818181
 2.2450083181818181
 2.2455483181818181
 2.2460883181818181
 2.2466283181818181
 2.2471593181818181
 2.2476901363636363
 2.2482213181818183
 2.2487431363636365
 2.2492651363636362
 2.2497871363636364
 2.2503091363636365
 2.2508221363636363
 2.2513351363636365
 2.2518481363636362
 2.2523613636363637
 2.2528651363636363
 2.2533691363636366
 2.2538733636363637
 2.2543681363636363
 2.2548633636363635
 2.2554301363636364
 2.2559883636363636
 2.2565463636363638
 2.2571043636363637
 2.2576533636363636
 2.2582023636363635
 2.2587513636363634
 2.2593003636363638
 2.2598403636363638
 2.2603803636363637
 2.2609203636363637
 2.2614603636363637
 2.2619913636363638
 2.2625223636363638
 2.2630533636363634
 2.2635753636363636
 2.2640973636363637
 2.2646193636363638
 2.2651413636363635
 2.2656543636363637
 2.2661673636363635
 2.2666803636363637
 2.2671933636363635
 2.2676973636363638
 2.2682733636363634
 2.2688403636363637
 2.2694073636363634
 2.2699743636363636
 2.2705413636363638
 2.2710993636363637
 2.2716573636363635
 2.2722153636363638
 2.2727643636363637
 2.2733133636363636
 2.2738623636363635
 2.274411181818182
 2.274951181818182
 2.2754913636363638
 2.276031181818182
 2.276571181818182
 2.277102181818182
 2.2776331818181816
 2.2781641818181817
 2.2786861818181818
 2.279208181818182
 2.2797301818181817
 2.2802521818181818
 2.280765181818182
 2.2813501818181816
 2.281926409090909
 2.2825021818181819
 2.283078181818182
 2.2836541818181817
 2.2842214090909092
 2.284788409090909
 2.2853554090909092
 2.2859224090909089
 2.2864804090909092
 2.2870384090909091
 2.2875964090909089
 2.2881454090909092
 2.2886944090909092
 2.2892434090909091
 2.289792409090909
 2.290332409090909
 2.2908724090909089
 2.2914124090909089
 2.2919524090909089
 2.292483409090909
 2.293014409090909
 2.2935454090909091
 2.2940674090909092
 2.2945894090909089
 2.295111409090909
 2.2956334090909092
 2.2961464090909089
 2.2966594090909092
 2.2971724090909089
 2.2976854090909091
 2.298189409090909
 2.2986934090909092
 2.2991974090909091
 2.299692409090909
 2.3001874090909089
 2.3006822272727274
 2.3011774090909092
 2.3016632272727273
 2.3021494090909091
 2.3026352272727273
 2.3031212272727273
 2.3035982272727273
 2.3040752272727274
 2.3045522272727275
 2.3050202272727272
 2.3054882272727273
 2.3059562272727274
 2.3064242272727271
 2.3068832272727273
 2.3074142272727274
 2.3079452272727274
 2.3084762272727271
 2.3089982272727272
 2.3095202272727273
 2.3100422272727275
 2.3105642272727271
 2.3110772272727274
 2.3115902272727271
 2.3121032272727273
 2.3126164545454544
 2.3131204545454547
 2.3136244545454545
 2.3141284545454543
 2.3146234545454547
 2.3151184545454546
 2.3156134545454545
 2.3161084545454544
 2.3165944545454544
 2.3170804545454544
 2.3175664545454544
 2.3180524545454544
 2.3185294545454544
 2.3190064545454545
 2.3194834545454546
 2.3199514545454547
 2.3204914545454547
 2.3210314545454547
 2.3215714545454547
 2.3221114545454546
 2.3226424545454547
 2.3231734545454548
 2.3237044545454544
 2.3242264545454545
 2.3247484545454546
 2.3252704545454543
 2.3257924545454545
 2.3263052727272728
 2.3268182727272726
 2.3273314545454546
 2.3278444545454544
 2.3283482727272728
 2.3288524545454545
 2.3293562727272725
 2.3298512727272729
 2.3303462727272728
 2.3308412727272727
 2.3313362727272726
 2.3318222727272726
 2.3323082727272726
 2.3327942727272726
 2.3333432727272729
 2.3338922727272728
 2.3344412727272728
 2.3349902727272727
 2.3355302727272726
 2.3360702727272726
 2.3366102727272726
 2.3371502727272726
 2.3376812727272727
 2.3382122727272727
 2.3387435000000001
 2.3392652727272729
 2.3397874999999999
 2.3403095
 2.3408312727272729
 2.3413444999999999
 2.3418575000000001
 2.3423704999999999
 2.3428835000000001
 2.3433875
 2.3438914999999998
 2.3443955000000001
 2.3448905
 2.3453854999999999
 2.3459525000000001
 2.3465104999999999
 2.3470684999999998
 2.3476265000000001
 2.3481755
 2.3487244999999999
 2.3492734999999998
 2.3498225000000001
 2.3503625000000001
 2.3509024090909092
 2.3514423181818183
 2.3519823181818182
 2.3525135000000001
 2.3530444090909093
 2.353575318181818
 2.3540973181818181
 2.3546193181818182
 2.3551413181818184
 2.3556633181818181
 2.3561763181818183
 2.356689318181818
 2.3572023181818182
 2.357715318181818
 2.3582193181818183
 2.358795318181818
 2.3593623181818182
 2.3599293181818184
 2.3604963181818182
 2.3610633181818184
 2.3616213181818182
 2.362179318181818
 2.3627373181818183
 2.3632863181818182
 2.3638353181818181
 2.364384318181818
 2.3649333181818184
 2.3654733181818184
 2.3660133181818184
 2.3665533181818184
 2.3670933181818183
 2.3676243181818184
 2.3681555454545453
 2.3686865454545454
 2.3692085454545455
 2.3697305454545456
 2.3702525454545453
 2.3707745454545455
 2.3712875454545457
 2.3718725454545453
 2.3724485454545454
 2.3730245454545456
 2.3736005454545452
 2.3741765454545454
 2.3747435454545456
 2.3753105454545453
 2.3758775454545455
 2.3764445454545453
 2.3770024545454547
 2.3775605454545454
 2.3781185454545453
 2.3786675454545456
 2.3792163636363637
 2.3797653636363636
 2.3803143636363635
 2.3808543636363635
 2.3813943636363635
 2.3819343636363635
 2.3824743636363634
 2.3830053636363635
 2.3835363636363636
 2.3840673636363636
 2.3845893636363638
 2.3851113636363634
 2.3856333636363636
 2.3861553636363637
 2.3866683636363635
 2.3871813636363637
 2.3876943636363634
 2.3882073636363637
 2.3887113636363635
 2.3892153636363638
 2.3897193636363636
 2.3902143636363635
 2.3907093636363634
 2.3912043636363638
 2.3916993636363637
 2.3921853636363637
 2.3926713636363637
 2.3931573636363637
 2.3936433636363637
 2.3941203636363637
 2.3945975909090911
 2.3950743636363638
 2.3955423636363635
 2.396010590909091
 2.3964785909090911
 2.3969465909090908
 2.397405590909091
 2.3979365909090911
 2.3984675909090911
 2.3989985909090907
 2.3995205909090909
 2.400042590909091
 2.4005645909090907
 2.4010865909090908
 2.401599590909091
 2.4021124999999999
 2.402625590909091
 2.4031385909090908
 2.4036424090909092
 2.4041465909090909
 2.4046505909090907
 2.4051454545454547
 2.405640590909091
 2.4061354090909091
 2.406630409090909
 2.407116409090909
 2.4076024090909089
 2.4080884090909089
 2.4085744090909089
 2.409051409090909
 2.409528409090909
 2.4100054090909091
 2.4104734090909092
 2.4110134090909092
 2.4115534090909092
 2.4120934090909092
 2.4126334090909092
 2.4131644090909092
 2.4136954090909093
 2.4142264090909089
 2.414748409090909
 2.4152704090909092
 2.4157924090909093
 2.416314409090909
 2.4168274090909092
 2.417340409090909
 2.4178534090909092
 2.4183664090909089
 2.4188704090909092
 2.4193744090909091
 2.4198784090909089
 2.4203734090909093
 2.4208684090909092
 2.4213634090909091
 2.421858409090909
 2.422344409090909
 2.422830409090909
 2.423316409090909
 2.4238656363636362
 2.4244146363636365
 2.4249636363636364
 2.4255126363636363
 2.4260526363636363
 2.4265926363636363
 2.4271326363636363
 2.4276726363636363
 2.4282036363636363
 2.4287346363636364
 2.4292654545454546
 2.4297876363636361
 2.4303096363636363
 2.4308316363636364
 2.4313536363636366
 2.4318664545454545
 2.4323794545454547
 2.4328925454545454
 2.4334054545454546
 2.4339094545454545
 2.4344134545454543
 2.4349174545454546
 2.4354124545454545
 2.4359074545454544
 2.4364744545454546
 2.4370324545454545
 2.4375904545454548
 2.4381484545454546
 2.4386974545454545
 2.4392464545454544
 2.4397954545454548
 2.4403444545454547
 2.4408844545454547
 2.4414244545454546
 2.4419644545454546
 2.4425044545454546
 2.4430354545454547
 2.4435664545454547
 2.4440974545454544
 2.4446194545454545
 2.4451414545454546
 2.4456634545454548
 2.4461854545454544
 2.4466984545454546
 2.4472114545454544
 2.4477244545454546
 2.4482374545454544
 2.4487414545454547
 2.4493174545454544
 2.4498844545454546
 2.4504514545454548
 2.4510186818181818
 2.451585681818182
 2.4521434545454546
 2.4527014999999999
 2.453259681818182
 2.4538086818181819
 2.4543576818181818
 2.4549066818181817
 2.4554556818181816
 2.4559956818181816
 2.4565355454545457
 2.457075681818182
 2.457615681818182
 2.4581465909090907
 2.4586775454545453
 2.4592084999999999
 2.4597305
 2.4602525000000002
 2.4607744999999999
 2.4612965
 2.4618095000000002
 2.4623944999999998
 2.4629705
 2.4635465000000001
 2.4641225000000002
 2.4646984999999999
 2.4652655000000001
 2.4658324999999999
 2.4663995000000001
 2.4669664999999998
 2.4675245000000001
 2.4680825
 2.4686404999999998
 2.4691895000000001
 2.4697385000000001
 2.4702875
 2.4708364999999999
 2.4713764999999999
 2.4719164999999998
 2.4724564999999998
 2.4729964999999998
 2.4735274999999999
 2.4740584999999999
 2.4745895
 2.4751115000000001
 2.4756334999999998
 2.4761555
 2.4766775454545455
 2.4771904999999999
 2.4777035000000001
 2.4782165454545453
 2.4787295454545455
 2.4792337272727272
 2.4797375454545456
 2.4802415454545454
 2.4807365454545454
 2.4812315454545453
 2.4817265909090911
 2.4822215454545455
 2.4827075454545455
 2.4831935454545455
 2.4836795454545455
 2.4841655454545455
 2.4846425454545455
 2.4851195454545456
 2.4855965454545457
 2.4860645454545454
 2.4865325454545455
 2.4870005454545456
 2.4874685454545453
 2.4879275454545455
 2.4884585454545456
 2.4889895454545456
 2.4895205454545453
 2.4900425454545454
 2.4905645454545455
 2.4910865454545457
 2.4916085454545454
 2.4921215454545456
 2.4926345454545453
 2.4931475454545455
 2.4936605454545453
 2.4941645454545456
 2.4946685454545454
 2.4951725454545453
 2.4956675454545456
 2.4961625454545455
 2.4966575454545454
 2.4971525454545453
 2.4976385454545453
 2.4981245454545453
 2.4986105454545453
 2.4990965454545453
 2.4995735454545454
 2.5000505454545454
 2.5005275454545455
 2.5009955454545456
 2.5015355454545456
 2.5020755454545456
 2.5026155454545456
 2.5031555454545455
 2.5036865909090911
 2.5042175909090911
 2.5047485909090907
 2.5052705454545454
 2.5057927727272729
 2.5063145909090907
 2.5068365909090908
 2.507349590909091
 2.5078626818181817
 2.508375590909091
 2.5088885909090908
 2.5093925909090911
 2.5098965909090909
 2.5104005909090907
 2.5113906363636365
 2.5118855909090909
 2.5123805909090908
 2.5128665909090908
 2.5133525909090908
 2.5138385909090908
 2.5143875909090907
 2.5149365909090911
 2.515485590909091
 2.5160345909090909
 2.5165745909090909
 2.5171145909090908
 2.5176545909090908
 2.5181945909090908
 2.5187255909090909
 2.5192565909090909
 2.519787590909091
 2.5203095909090911
 2.5208315909090908
 2.5213535909090909
 2.5218755909090911
 2.5223885909090908
 2.5229015909090911
 2.5234145909090908
 2.523927590909091
 2.5244315909090909
 2.5249355909090907
 2.525439590909091
 2.5259345909090909
 2.5264295909090908
 2.526996590909091
 2.5275545909090908
 2.5281125909090911
 2.528670590909091
 2.5292195909090909
 2.5297685909090908
 2.5303175909090907
 2.5308665909090911
 2.531406590909091
 2.531946590909091
 2.5324866363636365
 2.5330266818181819
 2.5335576363636365
 2.5340886363636366
 2.5346196363636362
 2.5351416363636363
 2.5356636363636365
 2.5361856363636361
 2.5367076363636363
 2.5372206363636365
 2.5377336363636362
 2.5382466363636365
 2.5387596818181817
 2.5392636363636365
 2.5398396363636362
 2.5404066363636364
 2.5409736363636362
 2.5415406363636364
 2.5421076363636366
 2.5426656363636364
 2.5432236363636362
 2.5437816363636365
 2.5443306363636364
 2.5448796363636363
 2.5454286363636363
 2.5459776363636362
 2.5465176363636362
 2.5470576363636366
 2.5475976363636366
 2.5481376363636365
 2.5486686363636362
 2.5491996363636362
 2.5497306363636363
 2.5502526363636364
 2.5507746363636365
 2.5512966363636362
 2.5518186363636364
 2.5523316363636366
 2.5529166363636362
 2.5534926363636363
 2.5540686363636365
 2.5546446363636361
 2.5552206363636363
 2.5557876363636365
 2.5563546363636362
 2.5569216363636365
 2.5574886363636362
 2.558046681818182
 2.5586046818181818
 2.5591626818181816
 2.559711681818182
 2.5602608636363637
 2.5608098636363636
 2.5613586818181817
 2.5618986818181817
 2.5624386818181817
 2.5629786818181817
 2.5635186818181817
 2.5640496818181817
 2.5645806818181818
 2.5651116818181818
 2.565633681818182
 2.5661556818181817
 2.5666776818181818
 2.5671996818181819
 2.5677126818181817
 2.5682256818181819
 2.5687386818181817
 2.5692516818181819
 2.5697556818181817
 2.570259681818182
 2.5707636818181818
 2.5712586818181817
 2.5717536818181816
 2.572248681818182
 2.5727436818181819
 2.5732296818181819
 2.5737156818181819
 2.5742016818181819
 2.5746876818181819
 2.5751646818181819
 2.575641681818182
 2.5761186818181816
 2.5765866818181817
 2.5770546818181819
 2.577522681818182
 2.5779906818181817
 2.5784496818181819
 2.578980681818182
 2.579511681818182
 2.5800426818181816
 2.5805646818181818
 2.5810866818181819
 2.581608681818182
 2.5821306818181817
 2.5826436818181819
 2.5831566818181817
 2.5836696818181819
 2.5841827272727271
 2.584686681818182
 2.5851907272727273
 2.5856947272727271
 2.5861897272727274
 2.5866847272727274
 2.5871797272727273
 2.5876747272727272
 2.5881607272727272
 2.5886467272727272
 2.5891327727272726
 2.5896187272727271
 2.5900957272727272
 2.5905727272727272
 2.5910497272727273
 2.5915177727272729
 2.5920577272727274
 2.5925977727272729
 2.5931377272727274
 2.5936777272727274
 2.5942087272727274
 2.5947397272727271
 2.5952707727272726
 2.5957927272727273
 2.5963147272727274
 2.5968367272727271
 2.5973587272727272
 2.5978717272727274
 2.5983847272727272
 2.5988977272727274
 2.5994107272727272
 2.5999147272727274
 2.6004187272727273
 2.6009227272727271
 2.6014177272727275
 2.6019127272727274
 2.6024077272727273
 2.6029027272727272
 2.6033887272727272
 2.6038747272727272
 2.6043607272727272
 2.6049097272727271
 2.6054587272727274
 2.6060077272727273
 2.6065567272727272
 2.6070967272727272
 2.6076367727272727
 2.6081767272727272
 2.6087167272727272
 2.6092477727272727
 2.6097787272727273
 2.6103097272727274
 2.6108317272727271
 2.6113539545454545
 2.6118757727272728
 2.6123977727272729
 2.6129107727272727
 2.6134237727272729
 2.6139367727272727
 2.6144498181818183
 2.6149538181818182
 2.6154577727272725
 2.6159617727272728
 2.6164568181818182
 2.6169518181818181
 2.6175187727272728
 2.6180767727272727
 2.6186347727272725
 2.6191928181818183
 2.6197417727272727
 2.6202907727272726
 2.6208397727272725
 2.6213887727272729
 2.6219287727272729
 2.6224687727272729
 2.6230087727272728
 2.6235487727272728
 2.6240797727272729
 2.6246107727272729
 2.6251417727272726
 2.6256637727272727
 2.6261857727272728
 2.6267077727272725
 2.6272297727272726
 2.6277427727272729
 2.6282557727272726
 2.6287687727272728
 2.6292817727272726
 2.6297857727272729
 2.6303617727272726
 2.6309287727272728
 2.6314957727272725
 2.6320627727272727
 2.6326297727272729
 2.6331877727272728
 2.6337457727272726
 2.6343037727272729
 2.6348527727272728
 2.6354017727272727
 2.6359508181818181
 2.636499818181818
 2.6370397727272725
 2.637579818181818
 2.6381198636363634
 2.6386598181818184
 2.6391908636363635
 2.6397218181818181
 2.6402528181818181
 2.6407748636363637
 2.6412968636363638
 2.6418188181818181
 2.6423408181818182
 2.642853818181818
 2.643438818181818
 2.6440148181818182
 2.6445908636363638
 2.645166818181818
 2.6457428636363636
 2.6463098181818183
 2.6468768636363635
 2.6474438181818183
 2.648010818181818
 2.6485688181818183
 2.6491268181818182
 2.649684818181818
 2.6502338181818184
 2.6507828181818183
 2.6513318181818182
 2.6518808181818181
 2.6524208181818181
 2.6529608181818181
 2.653500818181818
 2.654040818181818
 2.6545718181818181
 2.6551028181818181
 2.6556338181818182
 2.6561558181818183
 2.656677818181818
 2.6571998181818182
 2.6577218181818183
 2.6582348181818181
 2.6587478181818183
 2.659260818181818
 2.6597738181818182
 2.6602778181818181
 2.6607818181818184
 2.6612858181818182
 2.6617808181818181
 2.662275818181818
 2.6627708181818184
 2.6632658181818183
 2.6637518636363637
 2.6642378636363637
 2.6647238636363637
 2.6652098636363637
 2.6656868636363638
 2.6661638636363638
 2.6666408636363634
 2.6671089545454545
 2.6675769545454546
 2.6680448636363638
 2.668512909090909
 2.6689719545454547
 2.6695029545454547
 2.6700339090909089
 2.6705648636363635
 2.6710868636363636
 2.6716088636363637
 2.6721309090909089
 2.6726528636363636
 2.6731658636363638
 2.6736788636363635
 2.6741919090909092
 2.6747048636363635
 2.6752088636363638
 2.6757128636363636
 2.6762168636363635
 2.6767118636363638
 2.6772068636363637
 2.6777018636363636
 2.6781968636363636
 2.6786828636363635
 2.6791688636363635
 2.6796548636363635
 2.6801408636363635
 2.6806178636363636
 2.6810948636363636
 2.6815718636363637
 2.6820398636363638
 2.6825798636363638
 2.6831198636363638
 2.6836598636363638
 2.6841998636363638
 2.6847308636363638
 2.6852618636363634
 2.6857928636363635
 2.6863148636363636
 2.6868368636363638
 2.6873588636363634
 2.6878808636363636
 2.6883938636363638
 2.688906909090909
 2.6894199090909092
 2.6899328636363635
 2.6904368636363638
 2.6909409090909091
 2.6914449999999999
 2.6919399090909093
 2.6924349090909092
 2.6929299545454546
 2.6934249545454545
 2.6939109545454545
 2.6943969999999999
 2.694882909090909
 2.6954319999999998
 2.6959810000000002
 2.6965300000000001
 2.697079
 2.697619
 2.6981589090909091
 2.698698909090909
 2.699238909090909
 2.6997699545454545
 2.7003009090909091
 2.7008319090909092
 2.7013539090909089
 2.701875909090909
 2.7023979090909092
 2.7029199090909093
 2.7034329090909091
 2.7039459090909093
 2.704458909090909
 2.7049719090909092
 2.7054759090909091
 2.7059799090909089
 2.7064839090909092
 2.7069789090909091
 2.707473909090909
 2.7080409090909092
 2.7085989090909091
 2.7091569090909089
 2.7097149090909092
 2.7102639090909091
 2.710812909090909
 2.7113619090909089
 2.7119109090909093
 2.7124509090909092
 2.7129909090909092
 2.7135309090909092
 2.7140709090909092
 2.7146019090909093
 2.7151329090909089
 2.7156639090909089
 2.7161859545454545
 2.7167080454545456
 2.7172299999999998
 2.7177519999999999
 2.7182649545454547
 2.7187780454545454
 2.7192910454545456
 2.7198040454545453
 2.7203080000000002
 2.7208840454545453
 2.7214510454545455
 2.7220180454545453
 2.7225850454545455
 2.7231519545454543
 2.7237099545454546
 2.7242679545454545
 2.7248259545454547
 2.7253749545454546
 2.7259239545454546
 2.7264730454545454
 2.7270219545454544
 2.7275619545454544
 2.7281019545454543
 2.7286419545454543
 2.7291819545454548
 2.7297129545454544
 2.7302439545454544
 2.7307749545454545
 2.7312969545454546
 2.7318189545454548
 2.7323409545454544
 2.7328629545454546
 2.7333759545454543
 2.7339609545454544
 2.7345369545454545
 2.7351129545454547
 2.7356889545454544
 2.7362649545454545
 2.7368319545454547
 2.7373989545454545
 2.7379659545454547
 2.7385329545454544
 2.7390909545454547
 2.7396489545454545
 2.7402069545454544
 2.7407560000000002
 2.7413049545454546
 2.7418539545454546
 2.7424029545454545
 2.7429429545454544
 2.7434829999999999
 2.7440229999999999
 2.7445630909090908
 2.7450939999999999
 2.7456250909090909
 2.746156090909091
 2.7466780909090911
 2.7472000909090908
 2.7477220909090909
 2.7482440000000001
 2.7487570909090908
 2.749270090909091
 2.7497829999999999
 2.7502960000000001
 2.7507999999999999
 2.7513040000000002
 2.751808
 2.7523030909090909
 2.7527979999999999
 2.7532930000000002
 2.7537880000000001
 2.7542740000000001
 2.7547600000000001
 2.7552460000000001
 2.7557320000000001
 2.7562090000000001
 2.7566860000000002
 2.7571629999999998
 2.7576309999999999
 2.7580990000000001
 2.7585670000000002
 2.7590349999999999
 2.7594940000000001
 2.7600250000000002
 2.7605559999999998
 2.7610869999999998
 2.761609
 2.7621310000000001
 2.7626529999999998
 2.7631749999999999
 2.7636880000000001
 2.7642009999999999
 2.7647140000000001
 2.7652269999999999
 2.7657310000000002
 2.766235
 2.7667389999999998
 2.7672340000000002
 2.7677290000000001
 2.7682240909090909
 2.7687191363636363
 2.7692051363636363
 2.7696910454545454
 2.7701771363636363
 2.7706631363636363
 2.7711401363636363
 2.7716171363636364
 2.7720941363636364
 2.7725621363636366
 2.7731021363636366
 2.7736421363636365
 2.7741821363636365
 2.7747220454545456
 2.7752531363636366
 2.7757841363636362
 2.7763150454545453
 2.7768371363636364
 2.7773591363636365
 2.7778811363636362
 2.7784030454545454
 2.7789160454545456
 2.7794290454545454
 2.7799420454545456
 2.7804550454545454
 2.7809590454545456
 2.7814630454545455
 2.7819670454545453
 2.7824620454545457
 2.7829570454545456
 2.7834520454545455
 2.7839470454545454
 2.7844330454545454
 2.7849190454545454
 2.7854050454545454
 2.7859540454545453
 2.7865030454545456
 2.7870520454545455
 2.7876010454545455
 2.7881410454545454
 2.7886810454545454
 2.7892210454545454
 2.7897610454545454
 2.7902920454545455
 2.7908230454545455
 2.7913540454545456
 2.7918760454545453
 2.7923980454545454
 2.792920090909091
 2.7934420454545457
 2.7939551363636363
 2.794468181818182
 2.7949811818181818
 2.795494181818182
 2.7959981818181818
 2.7965021818181817
 2.7970061818181819
 2.7975011818181819
 2.7979961818181818
 2.798563181818182
 2.7991211818181818
 2.7996791363636362
 2.8002371818181819
 2.8007861818181818
 2.8013351818181818
 2.8018841818181817
 2.802433181818182
 2.802973181818182
 2.803513181818182
 2.804053181818182
 2.804593090909091
 2.805124181818182
 2.8056550909090907
 2.8061860909090908
 2.8067080909090909
 2.807230090909091
 2.8077520909090907
 2.8082740909090909
 2.8087870909090911
 2.8093000909090908
 2.809813090909091
 2.8103260909090908
 2.8108300909090911
 2.8114060909090908
 2.811973090909091
 2.8125400909090907
 2.8131070909090909
 2.8136740909090907
 2.814232090909091
 2.8147900909090908
 2.8153480909090911
 2.815897090909091
 2.8164460909090909
 2.8169950909090908
 2.8175440909090907
 2.8180841818181817
 2.8186240909090907
 2.8191642272727271
 2.8197042272727271
 2.8202351818181817
 2.8207662272727272
 2.8212972272727272
 2.8218191818181819
 2.8223412272727271
 2.8228632272727272
 2.8233852272727273
 2.8238982272727271
 2.8244832272727272
 2.8250592272727273
 2.8256352272727274
 2.8262112272727271
 2.8267872272727272
 2.8273542272727274
 2.8279212272727272
 2.8284882272727274
 2.8290551363636363
 2.8296131363636365
 2.8301711363636364
 2.8307292272727271
 2.8312781363636366
 2.8318272272727274
 2.8323761363636364
 2.8329251363636363
 2.8334651363636363
 2.8340051363636363
 2.8345451363636363
 2.8350851363636362
 2.8356161363636363
 2.8361471363636364
 2.8366781363636364
 2.8372001363636365
 2.8377221363636362
 2.8382441363636364
 2.8387661363636365
 2.8392791363636363
 2.8397921363636365
 2.8403051363636362
 2.8408181363636364
 2.8413221363636363
 2.8418261363636366
 2.8423301363636364
 2.8428251363636363
 2.8433201363636362
 2.8438152272727271
 2.8443101363636365
 2.8447961363636365
 2.8452822727272729
 2.8457682727272728
 2.8462542727272728
 2.8467312727272729
 2.8472082727272729
 2.8476852727272726
 2.8481532727272727
 2.8486212727272728
 2.8490892727272725
 2.8495572727272727
 2.8500162727272729
 2.8505472727272729
 2.8510782727272725
 2.8516092727272726
 2.8521312727272727
 2.8526532727272729
 2.8531751818181816
 2.8536972272727272
 2.8542102727272729
 2.8547232272727272
 2.855236181818182
 2.8557491818181817
 2.8562532727272729
 2.8567571818181818
 2.8572612727272726
 2.857756181818182
 2.8582511818181819
 2.8587461818181819
 2.8592411818181818
 2.8597271818181818
 2.8602131818181817
 2.8606991818181817
 2.8611851818181817
 2.8616621818181818
 2.8621391818181818
 2.8626161818181819
 2.863084181818182
 2.863624181818182
 2.864164181818182
 2.864704181818182
 2.865244181818182
 2.865775181818182
 2.8663061818181816
 2.8668371818181817
 2.8673591818181818
 2.867881181818182
 2.8684031818181817
 2.8689251818181818
 2.869438181818182
 2.8699511818181818
 2.870464181818182
 2.8709771818181817
 2.8714813181818184
 2.8719851818181819
 2.8724891818181817
 2.872984318181818
 2.8734792727272729
 2.8739743181818183
 2.8744693181818182
 2.8749553181818182
 2.8754413181818181
 2.8759273181818181
 2.876476318181818
 2.8770253181818184
 2.8775743181818183
 2.8781233181818182
 2.8786632272727273
 2.8792033181818182
 2.8797433181818182
 2.8802833181818182
 2.8808142272727273
 2.8813452272727273
 2.8818762272727274
 2.8823982272727271
 2.8829202272727272
 2.8834422272727274
 2.8839642272727271
 2.8844772272727273
 2.8849902272727275
 2.8855032272727272
 2.8860162272727274
 2.8865202272727273
 2.8870242272727271
 2.8875282272727274
 2.8880232272727273
 2.8885182272727272
 2.8890852272727274
 2.8896432272727273
 2.8902012272727271
 2.8907592272727274
 2.8913082272727273
 2.8918572272727272
 2.8924062272727271
 2.8929552272727275
 2.8934952272727275
 2.8940352272727274
 2.8945752272727274
 2.8951152272727274
 2.8956462272727275
 2.896177318181818
 2.8967082272727271
 2.8972302272727273
 2.8977523181818183
 2.8982743636363635
 2.8987963636363636
 2.8993093636363638
 2.8998223636363636
 2.9003353636363638
 2.9008483636363636
 2.9013523636363638
 2.9019283636363635
 2.9024953636363637
 2.9030622727272726
 2.9036293636363637
 2.9041963636363635
 2.9047543636363637
 2.9053123636363636
 2.9058702727272729
 2.9064193636363638
 2.9069682727272728
 2.9075172727272727
 2.9080662727272726
 2.9086062727272726
 2.9091462727272726
 2.9096862727272725
 2.9102262727272725
 2.9107572727272726
 2.9112882727272726
 2.9118192727272727
 2.9123412727272728
 2.9128632727272725
 2.9133852727272727
 2.9139072727272728
 2.9144202727272726
 2.9150052727272726
 2.9155812727272727
 2.9161572727272729
 2.9167332727272726
 2.9173092727272727
 2.9178762727272729
 2.9184432727272727
 2.9190102727272729
 2.9195772727272726
 2.9201352727272729
 2.9206932727272727
 2.9212512727272726
 2.9218002727272729
 2.9223493636363638
 2.9228982727272728
 2.9234474090909091
 2.9239873636363636
 2.924527409090909
 2.9250673636363635
 2.9256073636363635
 2.9261384090909091
 2.9266694090909091
 2.9272004090909092
 2.9277224090909093
 2.928244409090909
 2.9287664090909091
 2.9292884090909093
 2.929801409090909
 2.9303144090909092
 2.930827409090909
 2.9313404090909092
 2.931844409090909
 2.9323484090909089
 2.9328524090909092
 2.9333474090909091
 2.9338423181818181
 2.934337318181818
 2.9348323181818183
 2.9353184090909092
 2.9358043181818183
 2.9362903181818183
 2.9367763181818183
 2.9372533181818183
 2.9377303181818184
 2.938207318181818
 2.9386753181818182
 2.9391433181818183
 2.939611318181818
 2.9400793181818181
 2.9405383181818183
 2.9410693181818184
 2.941600318181818
 2.9421313181818181
 2.9426533181818182
 2.9431753181818183
 2.943697318181818
 2.9442193181818181
 2.9447323181818184
 2.9452453181818181
 2.9457583181818183
 2.9462713181818181
 2.9467753181818184
 2.9472793181818182
 2.947783318181818
 2.9482783181818184
 2.9487735454545456
 2.9492684545454546
 2.9497634545454545
 2.9502494545454545
 2.9507354545454545
 2.9512214545454545
 2.9517074545454545
 2.9521844545454545
 2.9526614545454546
 2.9531384545454546
 2.9536064545454543
 2.9541464545454543
 2.9546864545454548
 2.9552264090909093
 2.9557664545454547
 2.9562974545454543
 2.9568284545454544
 2.9573593636363635
 2.9578814545454546
 2.9584034545454547
 2.9589253636363635
 2.9594474545454545
 2.9599604545454548
 2.9604734545454545
 2.9609863636363638
 2.9614993636363636
 2.9620033636363639
 2.9625073636363637
 2.9630113636363635
 2.9635063636363634
 2.9640013636363638
 2.9644963636363637
 2.9649913636363636
 2.9654773636363636
 2.9659633636363636
 2.9664493636363636
 2.9669983636363635
 2.9675473636363638
 2.9680963636363638
 2.9686453636363637
 2.9691853636363637
 2.9697253636363636
 2.9702653636363636
 2.9708053636363636
 2.9713363636363637
 2.9718673636363637
 2.9723983636363638
 2.9729203636363635
 2.9734423636363636
 2.9739645000000001
 2.9744863636363634
 2.9749995
 2.9755124999999998
 2.9760255
 2.9765385000000002
 2.9770425
 2.9775464999999999
 2.9780505000000002
 2.9785455000000001
 2.9790405
 2.9796075000000002
 2.9801655
 2.9807234999999999
 2.9812815000000001
 2.9818305000000001
 2.9823795
 2.9829284999999999
 2.9834774090909093
 2.9840174090909093
 2.9845574090909093
 2.9850974090909093
 2.9856374090909092
 2.9861684090909093
 2.9866994090909089
 2.9872304999999999
 2.9877524090909091
 2.9882744090909092
 2.9887964090909089
 2.9893184090909091
 2.9898314090909093
 2.990344409090909
 2.9908574090909092
 2.991370409090909
 2.9918744090909093
 2.992450409090909
 2.9930174090909092
 2.9935844090909089
 2.9941514090909092
 2.9947184090909089
 2.9952764090909092
 2.995834409090909
 2.9963924090909089
 2.9969414090909092
 2.9974904090909091
 2.998039409090909
 2.998588409090909
 2.9991284090909089
 2.9996684090909089
 3.0002085454545453
 3.0007485454545453
 3.0012795454545453
 3.0018105454545454
 3.0023415454545455
 3.0028635454545456
 3.0033855454545453
 3.0039075454545454
 3.0044295454545455
 3.0049425454545453
 3.0055275454545454
 3.0061035454545455
 3.0066795454545456
 3.0072555454545453
 3.0078315454545455
 3.0083985454545457
 3.0089655454545454
 3.0095325454545456
 3.0100995454545454
 3.0106574545454547
 3.0112154545454546
 3.0117734545454544
 3.0123224545454543
 3.0128714545454547
 3.0134204545454546
 3.0139694545454545
 3.0145094545454545
 3.0150494545454545
 3.0155894545454545
 3.0161294545454544
 3.0166604545454545
 3.0171914545454546
 3.0177224545454546
 3.0182444545454548
 3.0187664545454544
 3.0192884545454546
 3.0198104545454547
 3.0203234545454545
 3.0208364545454547
 3.0213494545454544
 3.0218624545454547
 3.0223664545454545
 3.0228704545454543
 3.0233744545454546
 3.0238694545454545
 3.0243644545454544
 3.0248594545454544
 3.0253544545454547
 3.0258405909090911
 3.0263265909090911
 3.026812590909091
 3.027298590909091
 3.0277755909090911
 3.0282525909090907
 3.0287295909090908
 3.0291975909090909
 3.029665590909091
 3.0301335909090907
 3.0306015909090909
 3.0310605909090911
 3.0315915909090907
 3.0321225909090908
 3.0326535909090908
 3.0331755909090909
 3.0336975909090911
 3.0342195909090908
 3.0347415909090909
 3.0352545909090911
 3.0357675
 3.0362805000000002
 3.0367935909090908
 3.0372975909090911
 3.037801590909091
 3.0383054999999999
 3.0388004999999998
 3.0392955000000001
 3.0397905000000001
 3.0402855
 3.0407715
 3.0412574999999999
 3.0417434999999999
 3.0422294999999999
 3.0427065
 3.0431835
 3.0436605000000001
 3.0441284999999998
 3.0446685000000002
 3.0452085000000002
 3.0457485000000002
 3.0462885000000002
 3.0473504999999999
 3.0478814999999999
 3.0484035
 3.0489255000000002
 3.0494474999999999
 3.0499695
 3.0504825000000002
 3.0509956363636364
 3.0515086363636366
 3.0520216363636363
 3.0525256363636362
 3.0530296363636364
 3.0535336363636363
 3.0540286363636362
 3.0545236363636366
 3.0550186363636365
 3.0555136363636364
 3.0559996363636364
 3.0564856363636363
 3.0569716363636363
 3.0575206363636362
 3.0580696363636362
 3.0586186363636365
 3.0591676363636364
 3.0597076363636364
 3.0602476363636364
 3.0607876363636364
 3.0613276363636364
 3.0618586363636364
 3.0623895454545456
 3.0629205454545456
 3.0634425454545453
 3.0639645454545454
 3.0644865454545456
 3.0650085454545453
 3.0655215454545455
 3.0660345454545452
 3.0665475454545454
 3.0670605454545457
 3.0675645454545455
 3.0680685454545453
 3.0685725454545456
 3.0690675454545455
 3.0695625454545454
 3.0701295454545456
 3.0706875454545455
 3.0712455454545453
 3.0718035454545456
 3.0723525454545455
 3.0729015454545454
 3.0734505454545453
 3.0739995454545452
 3.0745395454545457
 3.0750795454545456
 3.0756195454545456
 3.076159681818182
 3.0766906818181816
 3.0772216818181817
 3.0777526818181817
 3.0782746363636364
 3.078796681818182
 3.0793186818181817
 3.0798406818181818
 3.080353681818182
 3.0808666818181818
 3.081379681818182
 3.0818926818181818
 3.0823966818181816
 3.0829726818181817
 3.0835396818181819
 3.0841066818181817
 3.0846736818181819
 3.0852406818181817
 3.085798681818182
 3.0863566818181818
 3.0869146818181816
 3.087463681818182
 3.0880126818181819
 3.0885615909090909
 3.0891105909090908
 3.0896505909090908
 3.0901905909090908
 3.0907305909090907
 3.0912705909090907
 3.0918015909090908
 3.0923325909090909
 3.0928635909090909
 3.093385590909091
 3.0939075909090907
 3.0944296818181818
 3.094951590909091
 3.0954645909090908
 3.0960495909090908
 3.096625590909091
 3.0972015909090911
 3.0977775909090908
 3.0983535909090909
 3.0989205909090911
 3.0994875909090909
 3.1000545909090911
 3.1006215909090908
 3.1011797272727271
 3.1017376818181819
 3.1022957272727272
 3.1028447272727271
 3.1033937272727274
 3.1039427272727274
 3.1044917272727273
 3.1050317272727272
 3.1055717272727272
 3.1061117272727272
 3.1066517272727272
 3.1071827272727273
 3.1077137272727273
 3.1082447272727274
 3.1087667272727271
 3.1092887272727272
 3.1098107272727273
 3.1103327272727275
 3.1108457272727272
 3.1113587272727274
 3.1118717272727272
 3.1123847272727274
 3.1128886363636363
 3.1133927272727271
 3.1138966363636364
 3.1143916363636364
 3.1148866363636363
 3.1153816363636362
 3.1158766363636365
 3.1163626363636365
 3.1168486363636365
 3.1173346363636365
 3.1178206363636365
 3.1182976363636365
 3.1187746363636362
 3.1192516363636362
 3.1197196363636364
 3.1201876363636365
 3.1206556363636362
 3.1211236363636363
 3.1215826363636365
 3.1221136363636361
 3.1226446363636362
 3.1231756363636363
 3.1236976363636364
 3.1242196363636365
 3.1247416363636362
 3.1252636363636364
 3.1257767727272729
 3.1262897727272727
 3.1268026363636365
 3.1273157727272727
 3.1278197727272725
 3.1283237727272728
 3.1288277727272726
 3.1293227727272726
 3.1298177727272729
 3.1303127727272728
 3.1308077727272727
 3.1312937727272727
 3.1317797727272727
 3.1322657727272727
 3.1327517727272727
 3.1332287727272727
 3.1337057727272728
 3.1341827727272729
 3.1346507727272725
 3.1351907727272725
 3.1357307727272725
 3.1362707727272729
 3.1368107727272729
 3.1373417727272725
 3.1378726818181817
 3.1384037727272727
 3.1389257727272728
 3.139447681818182
 3.1399697727272726
 3.1404917727272728
 3.1410046818181816
 3.1415177727272727
 3.142030681818182
 3.1425436818181818
 3.1430476818181816
 3.1435517727272728
 3.1440556818181817
 3.1445506818181816
 3.145045681818182
 3.1455406818181819
 3.1460356818181818
 3.1465216818181818
 3.1470076818181818
 3.1474936818181818
 3.1480426818181817
 3.1485916818181816
 3.149140681818182
 3.1496896818181819
 3.1502297727272728
 3.1507697727272728
 3.1513098181818182
 3.1518496818181818
 3.1523808181818183
 3.1529118181818183
 3.1534428181818184
 3.1539648181818181
 3.1544868181818182
 3.1550088181818183
 3.155530818181818
 3.1560438181818182
 3.156556818181818
 3.1570698181818182
 3.157582818181818
 3.1580868181818182
 3.1585908181818181
 3.1590948181818184
 3.1595901363636365
 3.1600847272727273
 3.1606518181818184
 3.1612098181818182
 3.1617678181818181
 3.1623258181818183
 3.1628748181818183
 3.1634237272727272
 3.1639728181818181
 3.1645217272727271
 3.1650617272727271
 3.1656017272727275
 3.1661417272727275
 3.1666817272727275
 3.1672127272727271
 3.1677437272727271
 3.1682747272727272
 3.1687967272727273
 3.1693187272727275
 3.1698407272727271
 3.1703627272727273
 3.1708757272727275
 3.1713887272727272
 3.1719017272727275
 3.1724147272727272
 3.1729187272727271
 3.1734947272727272
 3.1740617272727274
 3.1746287272727272
 3.1751957272727274
 3.1757627272727271
 3.1763207272727274
 3.1768788181818182
 3.1774368636363635
 3.1779858636363638
 3.1785348636363637
 3.1790838636363636
 3.1796328636363635
 3.1801728636363635
 3.1807128181818181
 3.1812528636363635
 3.1817928636363635
 3.1823238636363635
 3.1828548636363636
 3.1833858636363637
 3.1839078636363638
 3.1844298636363635
 3.1849518636363636
 3.1854738636363638
 3.1859868636363635
 3.1865718636363636
 3.1871478636363637
 3.1877238636363638
 3.1882997727272726
 3.1888758636363637
 3.1894427727272729
 3.1900097727272727
 3.1905767727272729
 3.1911438636363636
 3.1917017727272725
 3.1922597727272728
 3.1928177727272726
 3.1933667727272725
 3.1939157727272729
 3.1944647727272728
 3.1950137727272727
 3.1955537727272727
 3.1960937727272727
 3.1966337727272727
 3.1971737727272727
 3.1977047727272727
 3.1982357727272728
 3.1987667727272728
 3.1992887727272725
 3.1998107727272727
 3.2003327727272728
 3.2008547727272729
 3.2013677727272727
 3.2018808636363638
 3.2023938636363636
 3.2029069090909092
 3.2034109090909091
 3.2039149090909089
 3.2044189090909092
 3.2049139090909091
 3.205408909090909
 3.2059039090909089
 3.2063989090909093
 3.2068849090909093
 3.2073709090909093
 3.2078569090909093
 3.2083429090909092
 3.2088199090909093
 3.2092969090909089
 3.209773909090909
 3.2102419090909091
 3.2107099090909093
 3.2111779090909089
 3.2116459090909091
 3.2121049090909093
 3.2126359090909089
 3.213166909090909
 3.213697909090909
 3.2142198181818182
 3.2147418181818184
 3.2152638181818181
 3.2157858181818182
 3.2162988181818184
 3.2168118181818182
 3.2173248181818184
 3.2178378181818181
 3.218341818181818
 3.2188458181818183
 3.2193498181818181
 3.219844818181818
 3.2203398181818184
 3.2208348181818183
 3.2213298181818182
 3.2218158181818182
 3.2223018181818182
 3.2227878181818181
 3.2232738181818181
 3.2237508181818182
 3.2242278181818183
 3.2247048181818183
 3.2251729090909089
 3.225712818181818
 3.226252818181818
 3.2267928181818184
 3.2273329545454543
 3.227863818181818
 3.2283949545454544
 3.228925909090909
 3.2294479545454546
 3.2299699545454543
 3.2304919545454545
 3.2310139545454546
 3.2315272727272726
 3.2320399545454546
 3.2325529545454543
 3.2330659545454545
 3.2335699545454544
 3.2340739545454547
 3.2345779545454545
 3.2350729545454544
 3.2355679545454548
 3.2360629545454547
 3.2365579545454546
 3.2370439545454546
 3.2375299545454546
 3.2380159545454545
 3.2385649545454545
 3.2391139545454544
 3.2396628636363638
 3.2402119545454546
 3.2407518636363637
 3.2412918636363637
 3.2418319545454546
 3.2423718636363636
 3.2429028636363637
 3.2434338636363638
 3.2439648636363638
 3.2444868636363635
 3.2450088636363636
 3.2455308636363638
 3.2460528636363635
 3.2465658636363637
 3.2470788636363634
 3.2475918636363637
 3.2481048636363634
 3.2486088636363637
 3.2491128636363635
 3.2496168636363638
 3.2501119545454547
 3.2506068636363636
 3.2511738636363638
 3.2517318636363637
 3.2522899999999999
 3.2528480000000002
 3.2533970000000001
 3.253946
 3.2544949999999999
 3.2550439999999998
 3.2555839999999998
 3.2561239999999998
 3.2566639999999998
 3.2572040000000002
 3.2577349999999998
 3.2582659999999999
 3.2587969999999999
 3.2593190000000001
 3.2598410000000002
 3.2603629999999999
 3.260885
 3.2613979999999998
 3.261911
 3.2624240000000002
 3.262937
 3.2634409999999998
 3.264016909090909
 3.2645840000000002
 3.2651509999999999
 3.2657179090909092
 3.266284909090909
 3.2668429090909092
 3.2674009090909091
 3.2679589090909089
 3.2685079090909093
 3.2690569090909092
 3.2696059090909091
 3.270154909090909
 3.270694909090909
 3.271234909090909
 3.271774909090909
 3.2723149090909089
 3.272845909090909
 3.2733769090909091
 3.2739079090909091
 3.2744299090909093
 3.2749519090909089
 3.2754739090909091
 3.2759959090909092
 3.2765090454545454
 3.277094
 3.2776700000000001
 3.2782460000000002
 3.2788220454545454
 3.279398
 3.2799650454545453
 3.2805320454545455
 3.2810990454545457
 3.2816660454545454
 3.2822240454545453
 3.2827820454545455
 3.2833400454545454
 3.2838890454545453
 3.2844380000000002
 3.2849870454545456
 3.2855360454545455
 3.2860759545454545
 3.2866159545454545
 3.2871559545454545
 3.2876960454545454
 3.2882269545454546
 3.2887580454545455
 3.2892890454545456
 3.2898109545454544
 3.2903330454545454
 3.2908549545454546
 3.2913769545454548
 3.2918899545454545
 3.2924029545454547
 3.2929159545454545
 3.2934290454545456
 3.2939329545454545
 3.2944369545454544
 3.2949409545454547
 3.2954359545454546
 3.2959309545454545
 3.2964259545454544
 3.2969209545454548
 3.2974069545454547
 3.2978929545454547
 3.2983789545454547
 3.2988649545454547
 3.2993419545454548
 3.2998189545454544
 3.3002959545454544
 3.3007639545454546
 3.3012319545454547
 3.3017000454545453
 3.3021680909090909
 3.3026270909090911
 3.3031580909090907
 3.3036890909090908
 3.3042200909090909
 3.304742090909091
 3.3052640909090911
 3.3057860909090908
 3.3063080909090909
 3.3068210909090907
 3.3073340909090909
 3.3078470909090911
 3.3083600909090909
 3.3088640909090907
 3.309368090909091
 3.3098720909090908
 3.3103670909090908
 3.3108620909090911
 3.311357090909091
 3.3118520909090909
 3.3123380454545455
 3.3128240909090909
 3.31331
 3.3137960909090909
 3.3142730909090909
 3.314750090909091
 3.3152270000000001
 3.3156949999999998
 3.3162349999999998
 3.3167749999999998
 3.3173149999999998
 3.3178550000000002
 3.3183859999999998
 3.3189169999999999
 3.319448
 3.3199700000000001
 3.3204920000000002
 3.3210139999999999
 3.321536
 3.3220489999999998
 3.322562
 3.3230749999999998
 3.323588
 3.3240919999999998
 3.3245960000000001
 3.3250999999999999
 3.3255949999999999
 3.3260900000000002
 3.3265850000000001
 3.3270801363636364
 3.327566
 3.3280521363636364
 3.3285381363636364
 3.3290871363636363
 3.3296360909090907
 3.3301851363636366
 3.330734090909091
 3.3312741363636365
 3.331814090909091
 3.3323541363636364
 3.3328941363636364
 3.3334251363636365
 3.3339561363636365
 3.3344871363636366
 3.3350091363636363
 3.3355310454545455
 3.3360531363636365
 3.3365751363636362
 3.3370881363636364
 3.3376011363636362
 3.3381141363636364
 3.3386271363636362
 3.3391311363636365
 3.3396350454545454
 3.3401390454545457
 3.3406340454545456
 3.3411290454545455
 3.3416960454545452
 3.3422540454545455
 3.3428120454545454
 3.3433700454545456
 3.3439190454545455
 3.3444680454545455
 3.3450170454545454
 3.3455660454545453
 3.3461060454545453
 3.3466460454545452
 3.3471861363636362
 3.3477260454545457
 3.3482571363636362
 3.3487880454545453
 3.3493191363636363
 3.3498411818181819
 3.3503631363636366
 3.3508851818181817
 3.3514071818181819
 3.3519201818181816
 3.3524331818181818
 3.3529461818181816
 3.3534591363636364
 3.3539631818181816
 3.3545391818181818
 3.355106181818182
 3.3556731818181817
 3.356240181818182
 3.3568071818181817
 3.357365181818182
 3.3579231818181818
 3.3584811818181817
 3.359030181818182
 3.3595791818181819
 3.3601281818181818
 3.3606771818181818
 3.3612171818181817
 3.3617571818181817
 3.3622970909090908
 3.3628371818181817
 3.3633681818181818
 3.3638991818181818
 3.364430090909091
 3.364952181818182
 3.3654741818181817
 3.3659960909090909
 3.366518181818182
 3.3670310909090908
 3.3676161818181818
 3.368192090909091
 3.3687680909090911
 3.3693440909090908
 3.3699200909090909
 3.3704870909090907
 3.3710540909090909
 3.3716210909090911
 3.3721880909090909
 3.3727460909090907
 3.373304090909091
 3.3738620909090908
 3.3744110909090907
 3.3749600909090911
 3.375509090909091
 3.3760580909090909
 3.3765982272727273
 3.3771382272727273
 3.3776781818181818
 3.3782181818181818
 3.3787491818181818
 3.3792802272727274
 3.3798112272727274
 3.3803332272727271
 3.3808551818181818
 3.3813772272727274
 3.3818991818181816
 3.3824122272727273
 3.3829252272727275
 3.3834382272727273
 3.3839512272727275
 3.3844552272727273
 3.3849592272727271
 3.3854632272727274
 3.3859581363636364
 3.3864532272727272
 3.3869482272727272
 3.3874432272727271
 3.3879291363636366
 3.3884152272727275
 3.3889012272727275
 3.3893872272727275
 3.3898641363636361
 3.3903412272727271
 3.3908181363636363
 3.3912861363636364
 3.3917541363636365
 3.3922221363636362
 3.3926901363636364
 3.3931491363636366
 3.3936801363636362
 3.3942111363636362
 3.3947421363636363
 3.3952641363636364
 3.3957861363636366
 3.3963081363636363
 3.3968301363636364
 3.3973431363636362
 3.3978561363636364
 3.3983691363636366
 3.3988821363636363
 3.3993862272727271
 3.3998902272727274
 3.4003941363636363
 3.4008892272727271
 3.4013842727272725
 3.4018792727272729
 3.4023742727272728
 3.4028602727272728
 3.4033462272727273
 3.4038322727272727
 3.4043182727272727
 3.4047952727272728
 3.4052722727272728
 3.4057492727272729
 3.4062172727272726
 3.4067572727272726
 3.4072972727272726
 3.4078372727272725
 3.4083772727272725
 3.4089082727272726
 3.4094392727272727
 3.4099702727272727
 3.4104922727272728
 3.4110142727272725
 3.4115362727272727
 3.4120582727272728
 3.4125711818181816
 3.4130842727272728
 3.4135972727272725
 3.4141102727272727
 3.4146141818181817
 3.4151181818181819
 3.4156222727272727
 3.4161171818181817
 3.4166121818181816
 3.417107181818182
 3.4176021818181819
 3.4180881818181819
 3.4185741818181818
 3.4190601818181818
 3.4196091818181817
 3.4201582727272726
 3.420707181818182
 3.4212561818181819
 3.4217961818181819
 3.4223361818181819
 3.4228762727272728
 3.4234162727272728
 3.4239471818181819
 3.4244782727272729
 3.425009181818182
 3.4255312727272726
 3.4260532727272728
 3.4265752727272729
 3.4270972727272726
 3.4276102727272728
 3.4281232727272726
 3.4286363181818182
 3.429149318181818
 3.4296533181818183
 3.4301573181818181
 3.4306612727272729
 3.4311563181818183
 3.4316512727272728
 3.432218318181818
 3.4327763181818183
 3.4333343181818181
 3.4338923181818184
 3.4344413181818183
 3.4349903181818182
 3.4355393181818181
 3.436088318181818
 3.436628318181818
 3.4371682272727271
 3.437708318181818
 3.4382482272727271
 3.4387792272727271
 3.4393103181818181
 3.4398412272727272
 3.4403633181818183
 3.4408852272727271
 3.4414072272727272
 3.4419292272727273
 3.442442318181818
 3.4429552272727273
 3.4434682272727271
 3.4439812272727273
 3.4444852272727271
 3.4450613181818182
 3.4456283181818184
 3.4461952272727272
 3.4467623181818183
 3.4473293181818181
 3.4478872272727275
 3.4484453181818182
 3.449003318181818
 3.4495523181818184
 3.4501013181818183
 3.4506503181818182
 3.4511993181818181
 3.4517393636363636
 3.4522793181818181
 3.4528193636363635
 3.4533592727272726
 3.4538903636363636
 3.4544213636363637
 3.4549523636363637
 3.4554743636363638
 3.4559963636363635
 3.4565183636363637
 3.4570403181818183
 3.4575533636363636
 3.4581383636363636
 3.4587143636363638
 3.4592903636363634
 3.4598663636363636
 3.4604423636363637
 3.4610093636363635
 3.4615763636363637
 3.4621433636363634
 3.4627103636363636
 3.4632683636363635
 3.4638263636363638
 3.4643843636363636
 3.4649333636363635
 3.4654822727272729
 3.4660312727272728
 3.4665802727272728
 3.4671202727272727
 3.4676603636363637
 3.4682002727272727
 3.4687403636363636
 3.4692712727272728
 3.4698023636363637
 3.4703332727272729
 3.4708552727272726
 3.4713773636363636
 3.4718993636363638
 3.4724213636363634
 3.4729343636363637
 3.4734473636363634
 3.4739603636363636
 3.4744733636363638
 3.4749773636363637
 3.475481409090909
 3.4759854090909093
 3.4764803636363637
 3.4769754090909091
 3.477470409090909
 3.4779654090909089
 3.4784514090909089
 3.4789373636363639
 3.4794234090909093
 3.4799094090909093
 3.4803864090909089
 3.4808633636363635
 3.481340409090909
 3.4818084090909092
 3.4822764090909093
 3.482744409090909
 3.4832124090909091
 3.4836714090909089
 3.484202318181818
 3.484733409090909
 3.4852644090909091
 3.4857864090909092
 3.4863084090909089
 3.486830409090909
 3.4873524090909092
 3.4878654090909089
 3.4883783181818182
 3.488891318181818
 3.4894044090909091
 3.4899084090909089
 3.4904123181818183
 3.4909164090909091
 3.491411409090909
 3.4919064090909089
 3.4924014090909092
 3.4928963181818182
 3.4933823181818182
 3.4938684090909091
 3.4943543181818182
 3.4948403181818182
 3.4953174090909092
 3.4957944090909092
 3.4962713181818184
 3.496739318181818
 3.497279318181818
 3.4978194090909089
 3.4983594090909089
 3.4988994545454544
 3.499430409090909
 3.499961409090909
 3.5004924090909091
 3.5010144090909092
 3.5015364545454544
 3.5020584545454545
 3.5025804545454546
 3.5030934545454544
 3.5036064545454546
 3.5041194545454544
 3.5046324545454546
 3.505136409090909
 3.5056404545454547
 3.5061444545454545
 3.5066394545454544
 3.5071344545454544
 3.5076294545454547
 3.5081244545454546
 3.5086104545454546
 3.5090964545454546
 3.5095824545454546
 3.5101314545454545
 3.5106803636363635
 3.5112294545454548
 3.5117784545454547
 3.5123184545454547
 3.5128584545454546
 3.5133984545454546
 3.5139383636363637
 3.5144693636363638
 3.5150004545454547
 3.5155313636363634
 3.5160533636363636
 3.5165753636363637
 3.5170974545454547
 3.5176193636363635
 3.5181323636363637
 3.5186453636363635
 3.5191583636363637
 3.5196714545454544
 3.5201753636363637
 3.5206794545454545
 3.5211834545454543
 3.5216784545454547
 3.5221734545454546
 3.5227404545454544
 3.5232984545454546
 3.5238564999999999
 3.5244144545454548
 3.5249634545454547
 3.5255124545454546
 3.5260615
 3.5266104999999999
 3.5271504999999999
 3.5276904545454544
 3.5282304999999998
 3.5287704999999998
 3.5293014999999999
 3.5298324545454545
 3.5303635
 3.5308855000000001
 3.5314074999999998
 3.5319294999999999
 3.5324515000000001
 3.5329644999999998
 3.5334774545454546
 3.5339904999999998
 3.5345034090909091
 3.5350074090909089
 3.5355835
 3.5361504090909093
 3.536717409090909
 3.5372844090909092
 3.537851409090909
 3.5384094090909093
 3.5389674090909091
 3.539525409090909
 3.5400744090909089
 3.5406234090909092
 3.5411725000000001
 3.5417215
 3.542261409090909
 3.542801409090909
 3.543341409090909
 3.5438814999999999
 3.544412409090909
 3.5449435
 3.5454745000000001
 3.5459965000000002
 3.546518409090909
 3.5470405
 3.5475625000000002
 3.5480754999999999
 3.5486605
 3.5492365000000001
 3.5498124999999998
 3.5503884999999999
 3.5509645000000001
 3.5515315454545453
 3.5520985
 3.5526655454545453
 3.5532325454545455
 3.5537905454545453
 3.5543485000000001
 3.5549065
 3.5554555454545453
 3.5560044545454543
 3.5565535454545456
 3.5571024545454546
 3.5576424545454546
 3.5581825454545455
 3.5587225454545455
 3.5592625454545455
 3.5597935454545455
 3.5603244545454547
 3.5608554545454547
 3.5613774545454544
 3.5618995454545455
 3.5624214545454547
 3.5629434545454544
 3.5634564545454546
 3.5639694545454543
 3.5644824545454545
 3.5649954545454547
 3.5654995454545455
 3.5660034545454544
 3.5665074545454547
 3.5670025454545455
 3.5674974545454545
 3.5679925454545454
 3.5684875454545453
 3.5689734545454543
 3.5694594545454543
 3.5699455454545452
 3.5704315454545457
 3.5709085454545453
 3.5713854999999999
 3.5718625454545454
 3.572330590909091
 3.5727985454545457
 3.5732665909090908
 3.573734590909091
 3.5741935454545453
 3.5747245909090908
 3.5752555909090908
 3.5757865909090909
 3.576308590909091
 3.5768305909090907
 3.5773525909090909
 3.577874590909091
 3.5783875909090908
 3.578900590909091
 3.5794135909090907
 3.5799265909090909
 3.5804305909090908
 3.5809345000000001
 3.5814385909090909
 3.5819334999999999
 3.5824284999999998
 3.5834185000000001
 3.5839045
 3.584390590909091
 3.5848765
 3.5853625
 3.5858395000000001
 3.5863165909090911
 3.5867935000000002
 3.5872614999999999
 3.5878015909090908
 3.5883415909090908
 3.5888814999999998
 3.5894214999999998
 3.5899524999999999
 3.5904834999999999
 3.5910145
 3.5915365000000001
 3.5920585909090907
 3.5925805
 3.593102590909091
 3.5936154999999999
 3.5941285000000001
 3.5946414999999998
 3.595154590909091
 3.5956584999999999
 3.5961625909090911
 3.5966666363636364
 3.5971616363636363
 3.5976565909090907
 3.5981516363636366
 3.5986465454545455
 3.599132590909091
 3.5996186363636364
 3.6001046363636364
 3.6006536363636363
 3.6012026363636362
 3.6017516363636362
 3.602300590909091
 3.6028406363636365
 3.6033806363636365
 3.6039205454545455
 3.6044605454545455
 3.6049916363636365
 3.6055225454545456
 3.6060535454545453
 3.6065755454545454
 3.6070975454545455
 3.6076195454545457
 3.6081415454545454
 3.6086545454545456
 3.6091675454545453
 3.6096806363636365
 3.6101935454545453
 3.6106975454545456
 3.6112015454545454
 3.6117055454545453
 3.6122005454545456
 3.6126955454545455
 3.6132625454545453
 3.6138205454545456
 3.6143786363636363
 3.6149365454545452
 3.6154855454545456
 3.6160346363636364
 3.6165835454545454
 3.6171325454545453
 3.6176726363636362
 3.6182126363636362
 3.6187526363636362
 3.6192926363636362
 3.6198236363636362
 3.6203546363636363
 3.6208856818181818
 3.6214076363636365
 3.6219296363636362
 3.6224515909090909
 3.6229736818181819
 3.6234865909090908
 3.6239996818181819
 3.6245126363636362
 3.6250256363636364
 3.6255296818181817
 3.6261056363636364
 3.6266726363636366
 3.6272396818181818
 3.627806681818182
 3.6283736818181818
 3.6289316363636366
 3.6294896363636364
 3.6300475909090908
 3.6305965909090907
 3.6311455909090911
 3.631694590909091
 3.6322435909090909
 3.6327836818181818
 3.6333235909090908
 3.6338636818181818
 3.6344035909090908
 3.6349345909090909
 3.6354655909090909
 3.635996590909091
 3.6365185909090911
 3.6370405909090908
 3.637562590909091
 3.6380845909090911
 3.6385975909090909
 3.6391825909090909
 3.639758681818182
 3.6403345909090907
 3.6409105909090909
 3.641486590909091
 3.6420536818181817
 3.6426206818181819
 3.6431876363636362
 3.6437546818181819
 3.6443126818181817
 3.644870681818182
 3.6454287272727273
 3.6459776363636363
 3.6465266818181816
 3.647075681818182
 3.6476246818181819
 3.6481646818181819
 3.6487047272727273
 3.6492447272727273
 3.6497847272727273
 3.6503157272727274
 3.6508467272727274
 3.6513777272727275
 3.6518996818181817
 3.6524217272727273
 3.6529437272727274
 3.6534656363636362
 3.6539786363636364
 3.6544916363636362
 3.6550047272727273
 3.6555177272727271
 3.6560216363636364
 3.6565257272727272
 3.6570296363636365
 3.6575246363636364
 3.6580196363636364
 3.6585146363636363
 3.6590097272727271
 3.6594956363636362
 3.6599816363636362
 3.6604676363636361
 3.6609536363636366
 3.6614306363636362
 3.6619076363636363
 3.6623846363636363
 3.6628526363636364
 3.6633206363636366
 3.6637886363636363
 3.6642566363636364
 3.6647157272727271
 3.6652467272727272
 3.6657776363636363
 3.6663087272727273
 3.6668307727272729
 3.6673527272727271
 3.6678746363636363
 3.6683966818181819
 3.6689096818181817
 3.6694227727272728
 3.6699357272727271
 3.6704487272727273
 3.6709527727272726
 3.6714567272727274
 3.6719607272727273
 3.6724557727272726
 3.6729506818181816
 3.673445681818182
 3.6739406818181819
 3.6744266818181819
 3.6749127727272728
 3.6753986818181819
 3.6758846818181818
 3.6763617727272728
 3.676838681818182
 3.677315681818182
 3.6777837272727272
 3.6783237727272726
 3.6788637727272726
 3.6794037727272726
 3.6799436818181817
 3.6804746818181817
 3.6810056818181818
 3.6815367272727273
 3.682058681818182
 3.6825806818181817
 3.6831026818181818
 3.6836246818181819
 3.6841376818181817
 3.6846506818181819
 3.6851636818181817
 3.6856766818181819
 3.6861806818181817
 3.686684681818182
 3.6871886818181818
 3.6876837272727272
 3.6881786818181816
 3.688673681818182
 3.6891686818181819
 3.6896547727272728
 3.6901407727272728
 3.6906266818181819
 3.6911756818181818
 3.6917247727272726
 3.6922737727272725
 3.6928227272727274
 3.6933627272727274
 3.6939027272727274
 3.6944427272727274
 3.6949827727272728
 3.6955137727272729
 3.6960447727272729
 3.696575818181818
 3.6970977727272727
 3.6976197727272728
 3.6981417272727271
 3.6986637727272726
 3.6991767272727274
 3.6996898181818181
 3.7002028181818183
 3.7007157272727271
 3.7012197272727274
 3.7017237272727272
 3.7022277272727271
 3.7027227272727274
 3.7032177272727274
 3.703784818181818
 3.7043427272727274
 3.7049007272727272
 3.7054587272727271
 3.7060077272727274
 3.7065567272727273
 3.7071057272727272
 3.7076548181818181
 3.7081948181818181
 3.7087347272727271
 3.709274818181818
 3.7098147272727271
 3.7103457272727272
 3.7108767272727272
 3.7114077272727273
 3.7119297272727274
 3.712451818181818
 3.7129737272727272
 3.7134957272727274
 3.7140088181818181
 3.7145217272727273
 3.7150347727272726
 3.7155478181818182
 3.7160518181818181
 3.7166277727272727
 3.717194818181818
 3.7177618181818182
 3.7183288636363638
 3.7188958636363636
 3.719453818181818
 3.7200118636363637
 3.7205697727272726
 3.7211187727272725
 3.7216678181818184
 3.7222168636363637
 3.7227657727272727
 3.7233057727272727
 3.7238458181818181
 3.7243857727272727
 3.7249257727272727
 3.7254568636363636
 3.7259878636363637
 3.7265187727272728
 3.7270407727272725
 3.7275627727272727
 3.7280847727272728
 3.7286067727272729
 3.7291197727272727
 3.7297047727272727
 3.7302807727272729
 3.7308567727272726
 3.7314327727272727
 3.7320088636363637
 3.7325757727272726
 3.7331427727272728
 3.7337097727272726
 3.7342767727272728
 3.7348347727272726
 3.7353927727272729
 3.7359507727272727
 3.7364997727272726
 3.7370488636363635
 3.7375977727272729
 3.7381468636363637
 3.7386868636363637
 3.7392268181818182
 3.7397668636363637
 3.7403068636363637
 3.7408377727272728
 3.7413688636363638
 3.7418999090909093
 3.7424218636363635
 3.7429438636363637
 3.7434658636363638
 3.743987818181818
 3.7445009090909092
 3.745013818181818
 3.7455269090909091
 3.746039818181818
 3.7465438181818183
 3.7470478181818181
 3.7475519090909093
 3.7480468181818183
 3.7485418181818182
 3.749036909090909
 3.749531818181818
 3.750017818181818
 3.750503818181818
 3.750989818181818
 3.751475818181818
 3.751952818181818
 3.7524298181818181
 3.7529068181818181
 3.7533748181818183
 3.753842818181818
 3.7543108181818181
 3.7547789090909092
 3.755237818181818
 3.7557688181818181
 3.7562998181818181
 3.7568308181818182
 3.7573528181818183
 3.7578749090909089
 3.7583968181818181
 3.7589188181818183
 3.759431818181818
 3.7599448181818182
 3.760457818181818
 3.7609708181818182
 3.761474909090909
 3.7619789090909093
 3.7624828181818182
 3.762977909090909
 3.7634729090909089
 3.7639679090909093
 3.7644628636363637
 3.7649489090909092
 3.7654349545454546
 3.7659209090909092
 3.7664069545454546
 3.7668839545454547
 3.7673609545454547
 3.7678379545454543
 3.7683058636363636
 3.768845909090909
 3.769385909090909
 3.7699259545454544
 3.7704658636363635
 3.7709969545454545
 3.7715279545454545
 3.7720588636363637
 3.7725808636363638
 3.7731029545454544
 3.7736248636363636
 3.7741468636363638
 3.7746599545454544
 3.7751728636363637
 3.7756858636363635
 3.7761989545454546
 3.7767028636363635
 3.7772068636363638
 3.7777108636363637
 3.7782058636363636
 3.7787008636363635
 3.7791958636363638
 3.7796908636363638
 3.7801768636363637
 3.7806628636363637
 3.7811488636363637
 3.7816978636363636
 3.7822468636363635
 3.7827958636363634
 3.7833448636363638
 3.7838849090909092
 3.7844249090909092
 3.7849648636363638
 3.7855049545454547
 3.7860358636363638
 3.7865668636363639
 3.7870979545454544
 3.7876199090909091
 3.7881420000000001
 3.7886639090909089
 3.7891859545454545
 3.7896989090909092
 3.7902119545454545
 3.7907249545454547
 3.791237909090909
 3.7917419090909092
 3.792246
 3.7927499999999998
 3.7932449090909093
 3.7937400000000001
 3.794306909090909
 3.7948649545454547
 3.7954229090909091
 3.7959809090909089
 3.7965299090909093
 3.7970789090909092
 3.7976279090909091
 3.798176909090909
 3.798716909090909
 3.799256909090909
 3.7997969999999999
 3.8003369090909089
 3.800867909090909
 3.8013989090909091
 3.8019299090909091
 3.8024519090909092
 3.8029739090909089
 3.8034959090909091
 3.8040179090909092
 3.804530909090909
 3.8050439090909092
 3.8055569090909089
 3.8060699090909091
 3.806573909090909
 3.8071499090909091
 3.8077169090909089
 3.8082839090909091
 3.8088509090909093
 3.809417909090909
 3.8099759999999998
 3.8105340000000001
 3.8110919545454545
 3.8116409545454544
 3.8121899545454547
 3.8127390454545456
 3.813288
 3.8138279545454545
 3.814368
 3.8149080454545454
 3.8154480454545454
 3.815979
 3.8165100454545455
 3.8170410454545456
 3.8175629999999998
 3.8180849545454545
 3.8186070000000001
 3.8191290454545452
 3.8196419545454545
 3.8202270454545455
 3.8208029545454547
 3.8213789545454544
 3.8219549545454545
 3.8225310454545456
 3.8230979545454544
 3.8236649545454546
 3.8242320454545453
 3.8247989545454546
 3.8253569545454544
 3.8259150454545456
 3.8264729545454546
 3.8270220454545454
 3.8275709545454544
 3.8281199545454547
 3.8286689545454546
 3.8292089545454546
 3.8297489545454546
 3.8302889545454546
 3.8308289545454546
 3.8313599545454546
 3.8318909545454547
 3.8324219545454548
 3.8329440454545454
 3.8334660454545455
 3.8339879545454547
 3.8345099545454544
 3.8350230000000001
 3.8355360454545453
 3.8360490454545455
 3.8365620454545453
 3.8370660000000001
 3.8375699999999999
 3.8380740000000002
 3.838569090909091
 3.839064
 3.8395590909090909
 3.8400539999999999
 3.840540409090909
 3.8410259999999998
 3.8415120454545453
 3.8419980909090907
 3.8424749999999999
 3.8429520909090908
 3.843429
 3.8438970000000001
 3.8443649999999998
 3.8448329999999999
 3.8453010454545455
 3.8457599999999998
 3.8462909999999999
 3.846822
 3.847353
 3.8478750000000002
 3.8483969999999998
 3.848919
 3.8494410000000001
 3.8499539999999999
 3.8504670000000001
 3.8509799999999998
 3.8514930000000001
 3.8519969999999999
 3.8525010000000002
 3.8530050909090909
 3.8534999999999999
 3.8539949999999998
 3.8544900000000002
 3.8549850000000001
 3.8554710000000001
 3.8559570000000001
 3.8564430454545455
 3.8569290000000001
 3.857406090909091
 3.8578830909090911
 3.8583599999999998
 3.8588281363636363
 3.8593680909090908
 3.8599081363636363
 3.8604480454545453
 3.8609880454545453
 3.8615190454545454
 3.8620501363636364
 3.8625810454545455
 3.8631030909090911
 3.8636250454545453
 3.8641470454545455
 3.8646690454545456
 3.8651820454545454
 3.8656951363636365
 3.8662080909090908
 3.8667211363636365
 3.8672251363636363
 3.8677290454545457
 3.8682330454545455
 3.8687280454545454
 3.8692230454545453
 3.8697180454545457
 3.8702130454545456
 3.8706990454545456
 3.8711850454545456
 3.8716710454545455
 3.8722200454545455
 3.8727690454545454
 3.8733180454545453
 3.8738670454545456
 3.8744070454545456
 3.8749470454545456
 3.8754870454545456
 3.8760270454545456
 3.8765580454545456
 3.8770890454545452
 3.8776200454545453
 3.8781420454545454
 3.8786640454545456
 3.8791860454545453
 3.8797080454545454
 3.8802210454545456
 3.8807340454545454
 3.8812471363636365
 3.8817601363636363
 3.8822641363636365
 3.8827680909090909
 3.8832721363636362
 3.8837670909090911
 3.8842621363636365
 3.8848291818181817
 3.885387181818182
 3.8859450909090909
 3.8865031363636362
 3.8870520909090911
 3.887601090909091
 3.8881501818181818
 3.8886991818181817
 3.8892390909090908
 3.8897790909090908
 3.8903190909090908
 3.8908590909090908
 3.8913900909090908
 3.8919210909090909
 3.8924520909090909
 3.892974181818182
 3.8934960909090908
 3.8940180909090909
 3.894540090909091
 3.8950531818181817
 3.895566090909091
 3.8960790909090908
 3.896592090909091
 3.8970961363636363
 3.8976720909090909
 3.8982390909090907
 3.8988060909090909
 3.8993730909090911
 3.8999401818181818
 3.9004981818181816
 3.901056090909091
 3.9016140909090908
 3.9021630909090907
 3.9027120909090911
 3.903261090909091
 3.9038101818181818
 3.9043501363636364
 3.9048900909090909
 3.9054301818181818
 3.9059702272727272
 3.9065010909090909
 3.9070322272727274
 3.9075631363636365
 3.9080851363636362
 3.9086071363636363
 3.9091292272727274
 3.9096511363636361
 3.9101642272727273
 3.9107491818181819
 3.9113251363636365
 3.9119011363636362
 3.9124772272727273
 3.9130531363636365
 3.9136201363636363
 3.9141871363636365
 3.9147541818181817
 3.9153211363636364
 3.9158792272727272
 3.9164371363636366
 3.9169951363636364
 3.9175441363636363
 3.9180931363636362
 3.9186421363636366
 3.9191911363636365
 3.9197311363636365
 3.9202711363636364
 3.9208111363636364
 3.9213512272727273
 3.9218821363636365
 3.9224131363636365
 3.9229441363636361
 3.9234661363636363
 3.9239881363636364
 3.9245101363636365
 3.9250321363636362
 3.9255452272727274
 3.9260581818181817
 3.9265712727272728
 3.9270841363636362
 3.9275881363636365
 3.9280921363636363
 3.9285962272727271
 3.9290912272727274
 3.9295862272727273
 3.9300811818181818
 3.9305761818181817
 3.9310622727272726
 3.9315481818181817
 3.9320342272727271
 3.9325202727272726
 3.9329971818181817
 3.9334742272727272
 3.9339512727272727
 3.934419181818182
 3.9348872727272726
 3.9353552727272727
 3.9358231818181819
 3.9362822727272726
 3.9368131818181817
 3.9373442727272727
 3.9378751818181819
 3.9383972272727275
 3.9389191818181817
 3.9394411818181818
 3.9399631818181819
 3.9404761818181817
 3.9409891818181819
 3.9415021818181817
 3.9420151818181819
 3.9425191818181817
 3.943023181818182
 3.9435271818181818
 3.9440221818181818
 3.9445171818181817
 3.945012181818182
 3.9455071818181819
 3.9459931818181819
 3.9464791818181819
 3.9469651818181819
 3.9474511818181819
 3.9479281818181819
 3.9484052272727275
 3.9488822727272725
 3.9493501818181818
 3.9498901818181817
 3.9504301818181817
 3.9509702727272726
 3.9515101818181817
 3.9520411818181818
 3.9525722727272727
 3.9531032272727273
 3.9536252272727275
 3.9541473181818181
 3.9546696363636364
 3.9551912727272729
 3.9557043181818181
 3.9562172272727274
 3.9567302272727272
 3.9572432272727274
 3.9577472727272727
 3.9582512272727275
 3.9587552272727273
 3.9592503181818182
 3.9597452272727272
 3.960240318181818
 3.9607352272727274
 3.9612212272727274
 3.9617072272727274
 3.9621932272727274
 3.9627422272727273
 3.9632912272727272
 3.963840318181818
 3.9643892272727275
 3.9649293181818184
 3.9654692272727274
 3.9660093181818183
 3.9665493181818183
 3.9670803181818184
 3.9676112272727271
 3.9681422272727271
 3.9686642272727273
 3.9691862272727274
 3.9697082272727271
 3.9702302272727272
 3.9707432272727274
 3.9712563181818181
 3.9717692272727274
 3.9722822272727272
 3.9727862272727275
 3.9732903181818182
 3.9737942272727271
 3.9742892272727275
 3.9747842272727274
 3.9753512727272726
 3.9759092272727274
 3.9764672727272727
 3.9770252272727271
 3.9775742272727275
 3.9781233181818183
 3.9786722727272728
 3.9792213181818181
 3.9797612727272726
 3.9803013636363636
 3.9808413636363635
 3.9813812727272726
 3.9819123636363636
 3.9824433636363636
 3.9829742727272728
 3.9834962727272729
 3.9840183181818181
 3.9845403636363637
 3.9850623636363638
 3.9855752727272726
 3.9860882727272728
 3.9866013181818181
 3.9871142727272728
 3.9876182727272727
 3.9881942727272728
 3.9887613636363635
 3.9893282727272728
 3.9898952727272725
 3.9904622727272727
 3.9910203636363635
 3.9915782727272728
 3.9921362727272727
 3.992685318181818
 3.9932342727272729
 3.9937832727272728
 3.9943322727272728
 3.9948722727272727
 3.9954122727272727
 3.9959522727272727
 3.9964922727272727
 3.9970233636363637
 3.9975542727272728
 3.9980852727272729
 3.9986073636363635
 3.9991292727272727
 3.9996512727272728
 4.000173272727273
 4.0006864090909087
 4.0012713181818178
 4.0018474090909093
 4.002423363636364
 4.0029994090909087
 4.0035754090909093
 4.0041423181818185
 4.0047094090909088
 4.005276363636364
 4.0058433636363633
 4.0064013181818181
 4.0069594090909089
 4.0075174090909087
 4.0080664090909091
 4.0086154090909094
 4.009164318181818
 4.0097133181818183
 4.0102533181818183
 4.0107934090909092
 4.0113334090909092
 4.0118733181818182
 4.0124043181818179
 4.0129353181818184
 4.013466318181818
 4.0139883181818181
 4.0145104090909092
 4.0150324090909093
 4.0155543181818185
 4.0160673181818183
 4.016580318181818
 4.0170933181818178
 4.0176063181818185
 4.0181104090909088
 4.0186143181818181
 4.0191184090909093
 4.0196134090909093
 4.0201084090909092
 4.0206034090909091
 4.0210983181818181
 4.0215843636363635
 4.022070409090909
 4.0225564090909094
 4.0230424090909089
 4.0235194545454549
 4.023996454545455
 4.0244734545454541
 4.0249417727272725
 4.0254094545454544
 4.0258773636363641
 4.0263454090909088
 4.026804363636364
 4.0273354090909095
 4.0278664090909091
 4.0283974545454546
 4.0289194090909088
 4.0294414545454549
 4.0299634545454541
 4.0304854090909092
 4.030998363636364
 4.0315113636363638
 4.0320243636363635
 4.0325374545454542
 4.0330413636363636
 4.0335453636363638
 4.0340493636363632
 4.0345444090909091
 4.035039363636364
 4.0355343636363639
 4.0360294090909088
 4.0365153636363633
 4.0370013636363637
 4.0374873636363633
 4.0379733636363637
 4.0384503636363638
 4.0389273636363638
 4.0394043636363639
 4.0398724545454545
 4.0404123636363636
 4.0409523636363636
 4.0414923636363635
 4.0420324545454545
 4.042563363636364
 4.0430944545454546
 4.0436253636363633
 4.0441473636363634
 4.0446693636363635
 4.0451913636363637
 4.0457134090909088
 4.0462263636363636
 4.0467394090909092
 4.0472524545454549
 4.0477653636363637
 4.0482695
 4.0487734545454543
 4.0492774999999996
 4.0497725000000004
 4.0502674090909094
 4.0507624090909093
 4.0512574090909093
 4.0517438181818184
 4.0522294545454542
 4.0527154999999997
 4.0532644090909091
 4.0538135000000004
 4.0543624999999999
 4.0549114090909093
 4.0554515000000002
 4.0559914090909093
 4.0565316363636361
 4.0570714090909092
 4.0576024999999998
 4.0581334090909094
 4.0586644545454549
 4.0591864090909091
 4.0597084090909092
 4.0602304090909094
 4.0607524090909095
 4.0612654090909093
 4.061778409090909
 4.0622914090909088
 4.0628044090909095
 4.0633084999999998
 4.0638124090909091
 4.0643165000000003
 4.0648114090909093
 4.0653064090909092
 4.0658734090909094
 4.0664314090909093
 4.0669894090909091
 4.0675474090909089
 4.0680964090909093
 4.0686454090909088
 4.0691944545454541
 4.0697434545454545
 4.0702835000000004
 4.0708235000000004
 4.0713635000000004
 4.0719034545454544
 4.0724348636363636
 4.0729655454545455
 4.0734965454545451
 4.0740185454545452
 4.0745405000000003
 4.0750624545454546
 4.0755844545454547
 4.0760974545454545
 4.0766104545454542
 4.0771234999999999
 4.0776365454545456
 4.0781405454545459
 4.0787164545454546
 4.0792834545454548
 4.0798504545454541
 4.0804175000000003
 4.0809844999999996
 4.0821005000000001
 4.082658454545455
 4.0832074545454544
 4.0837564545454548
 4.0843054545454542
 4.0848544999999996
 4.0853945454545455
 4.0859344545454546
 4.0864744545454545
 4.0870144545454545
 4.0875454545454541
 4.0880764545454547
 4.0886074545454543
 4.0891294545454544
 4.0896514545454545
 4.0901735454545456
 4.0906954545454548
 4.0912085909090905
 4.0917935454545455
 4.0923695454545452
 4.0929454999999999
 4.0935215909090905
 4.0940975454545452
 4.0946645000000004
 4.0952314999999997
 4.0957984999999999
 4.0963655454545451
 4.0969235909090909
 4.0974814999999998
 4.0980394999999996
 4.0985889090909087
 4.0991375909090912
 4.0996864999999998
 4.1002355909090911
 4.1007755909090911
 4.1013155000000001
 4.101855590909091
 4.1023955000000001
 4.1029264999999997
 4.1034575909090911
 4.1039884999999998
 4.1045105454545459
 4.1050325000000001
 4.1055545000000002
 4.1060765000000004
 4.1065895000000001
 4.1071024999999999
 4.1076154999999996
 4.1081285000000003
 4.1086325909090906
 4.1091365
 4.1096405909090912
 4.1101355000000002
 4.110630636363636
 4.1111255
 4.1116205909090908
 4.1121065000000003
 4.1125924999999999
 4.1130785000000003
 4.1135644999999998
 4.1140416363636367
 4.1145185454545459
 4.114995636363636
 4.1154634999999997
 4.1159315909090912
 4.1163995909090909
 4.1168674999999997
 4.1173265454545458
 4.1178575909090913
 4.1183885909090909
 4.1194415454545457
 4.1199635454545458
 4.1204855909090909
 4.1210076363636361
 4.1215205454545458
 4.1220336363636365
 4.1225465909090913
 4.123059590909091
 4.1235635454545454
 4.1240676363636366
 4.124571636363636
 4.1250665454545459
 4.1255615454545458
 4.1260565454545457
 4.1265516363636365
 4.1270375454545452
 4.1275235454545456
 4.1280095454545451
 4.1284955454545456
 4.1289726363636365
 4.1294495454545457
 4.1299265454545457
 4.1303946363636364
 4.1309345454545454
 4.1314746363636363
 4.1320145454545454
 4.1325545454545454
 4.1330855454545459
 4.1336165454545455
 4.134147636363636
 4.1346695454545452
 4.1351915454545454
 4.1357135454545455
 4.1362356818181816
 4.1367485909090913
 4.1372616363636361
 4.1377746818181818
 4.1382876363636365
 4.1387916818181818
 4.1392956818181821
 4.1397996363636365
 4.1402946363636364
 4.1407896818181822
 4.1412849999999999
 4.141779681818182
 4.1422655909090906
 4.1427515909090911
 4.1432375909090906
 4.1437866818181819
 4.144336
 4.1448845909090908
 4.1454335909090911
 4.145973681818182
 4.1465135909090911
 4.1470535909090911
 4.1475935909090911
 4.1481246818181816
 4.1486555909090912
 4.1491866818181817
 4.1497085909090909
 4.1502305909090911
 4.1507526818181821
 4.1512746818181814
 4.1517875909090911
 4.1523005909090909
 4.1528135909090906
 4.1533265909090913
 4.1538305909090907
 4.154334590909091
 4.1548385909090912
 4.1553335909090912
 4.1558285909090911
 4.1563955909090913
 4.1569535909090911
 4.1575115909090909
 4.1580695909090908
 4.1586185909090911
 4.1591675909090906
 4.159716590909091
 4.1602656818181822
 4.1608055909090913
 4.1613455909090913
 4.1618855909090913
 4.1624256818181822
 4.1629566818181818
 4.1634876363636364
 4.1640187272727269
 4.1645407272727271
 4.1650627272727272
 4.1655846363636364
 4.1661067272727275
 4.1666196818181822
 4.167132727272727
 4.1676456818181817
 4.1681586363636365
 4.1686626818181818
 4.1692386363636365
 4.1698060454545454
 4.170372636363636
 4.1709396818181821
 4.1715066363636364
 4.1720647272727271
 4.1726226363636361
 4.1731806363636368
 4.1737296363636363
 4.1742786363636366
 4.1748276363636361
 4.1753766363636364
 4.1759166363636364
 4.1764566363636364
 4.1769966363636364
 4.1775366363636364
 4.178067636363636
 4.1785986363636365
 4.1791296363636361
 4.1796516363636362
 4.1801736363636364
 4.1806956363636365
 4.1812176363636366
 4.1817306363636364
 4.1823156363636365
 4.1828916363636361
 4.1834677272727276
 4.1840436818181814
 4.1846197727272729
 4.1851867272727272
 4.1857537727272724
 4.1863210909090913
 4.1868877727272729
 4.1874456818181818
 4.1880037727272725
 4.1885617727272724
 4.1891107727272727
 4.1896600909090909
 4.1902087272727275
 4.190757727272727
 4.1912980909090907
 4.1918380909090907
 4.1923777727272729
 4.1929177727272728
 4.1934487727272725
 4.193979681818182
 4.1945106818181817
 4.1950326818181818
 4.1955547727272728
 4.1960767272727271
 4.1965987272727272
 4.1971116818181819
 4.1976246818181817
 4.1981376818181815
 4.1986506818181821
 4.1991547727272724
 4.1996587272727277
 4.2001626818181821
 4.200657681818182
 4.2011526818181819
 4.2016476818181818
 4.2021426818181817
 4.2026286818181822
 4.2031146818181817
 4.2036007727272731
 4.2040866818181817
 4.2045636818181817
 4.2050407272727277
 4.2055178181818178
 4.2059857727272725
 4.2064536818181821
 4.2069216818181818
 4.2073898181818183
 4.2078487727272726
 4.2083798181818182
 4.2089106818181818
 4.2094417272727274
 4.2099637272727275
 4.2104858181818186
 4.2110081363636365
 4.2115298181818179
 4.2120427272727277
 4.2125558181818183
 4.2130687272727272
 4.2135818181818179
 4.2140857272727272
 4.2145897272727275
 4.2150938181818178
 4.2155891363636364
 4.2160837272727276
 4.2165791363636362
 4.2170738181818184
 4.2175598181818179
 4.2180457272727274
 4.2185318181818179
 4.2190177272727274
 4.2194947272727275
 4.2199717272727275
 4.2204487727272726
 4.2209167272727273
 4.2214567272727272
 4.2219967272727272
 4.2225367272727272
 4.2230767272727272
 4.2236078181818177
 4.2241388181818182
 4.2246697272727269
 4.2251917272727271
 4.2257137272727272
 4.2262357727272724
 4.2267577272727275
 4.2272708181818182
 4.2277838181818179
 4.2282968181818186
 4.2288098181818183
 4.2293138181818186
 4.2298178636363639
 4.2303218181818183
 4.2308168636363632
 4.231311863636364
 4.2318068636363639
 4.2323021818181816
 4.2327878636363634
 4.2332738636363638
 4.2337598636363634
 4.2343088181818178
 4.2348577727272732
 4.2354071818181822
 4.235955772727273
 4.236495818181818
 4.237035818181818
 4.2375757727272729
 4.2381158636363638
 4.2386468636363634
 4.239177863636364
 4.2397088181818186
 4.2402308636363637
 4.2407528636363638
 4.241274772727273
 4.2417968636363632
 4.2423098636363639
 4.2428227727272727
 4.2433357727272725
 4.243848863636364
 4.2443527727272725
 4.2448567727272728
 4.2453607727272731
 4.2458558636363639
 4.2463507727272729
 4.246917863636364
 4.2474757727272729
 4.2480337727272728
 4.2485917727272726
 4.249140772727273
 4.2496897727272724
 4.2502388181818178
 4.2507877727272732
 4.2513278181818182
 4.2518677727272731
 4.252407863636364
 4.2529478181818181
 4.2534788181818186
 4.2540097727272723
 4.2545408636363637
 4.2550629090909089
 4.255584909090909
 4.2561069090909092
 4.2566288181818184
 4.2571422272727268
 4.2576549090909088
 4.2581678181818186
 4.2586809090909092
 4.2591848636363636
 4.2597608181818183
 4.2603279090909094
 4.2608949090909087
 4.2614619090909089
 4.2620289090909091
 4.262586909090909
 4.2631448181818179
 4.2637029090909087
 4.2642518181818181
 4.2648009090909094
 4.2653498181818179
 4.2658988181818183
 4.2664388636363633
 4.2669788181818182
 4.2675188181818182
 4.2680589090909091
 4.2685898181818178
 4.2691208181818183
 4.2696518181818179
 4.2701738181818181
 4.2706959090909091
 4.2712179090909093
 4.2717399090909094
 4.2722529090909092
 4.2728379090909092
 4.273413818181818
 4.2739898181818186
 4.2745659090909092
 4.2751418181818179
 4.275708863636364
 4.2762758636363634
 4.2768428181818186
 4.2774099545454547
 4.2779679545454545
 4.2785259090909094
 4.2790839090909092
 4.2796329545454546
 4.2801822727272727
 4.2807309545454544
 4.2812799090909088
 4.2818199545454547
 4.2823599545454547
 4.2829002727272725
 4.2834399545454547
 4.2839708636363634
 4.2845019545454548
 4.2850328636363635
 4.2855548636363636
 4.2860768636363638
 4.2865989545454548
 4.2871209545454549
 4.2876338636363638
 4.2881468636363635
 4.2886598636363633
 4.2891729545454549
 4.2896769090909093
 4.2901808636363636
 4.2906848636363639
 4.2911798636363638
 4.2916748636363637
 4.2921698636363637
 4.2926648636363636
 4.293150863636364
 4.2936368636363635
 4.2941229545454549
 4.2946089545454544
 4.2950858636363636
 4.2955629090909087
 4.2960398636363637
 4.2965078636363634
 4.2969759545454549
 4.2974438636363637
 4.2979119090909093
 4.2983710000000004
 4.2989019090909091
 4.2994329090909087
 4.2999639090909092
 4.3004859090909093
 4.3010080000000004
 4.3015299545454546
 4.3020519999999998
 4.3025649090909095
 4.3030779090909093
 4.303590909090909
 4.3041039999999997
 4.3046079090909091
 4.3051123181818181
 4.3056159090909087
 4.3061109545454546
 4.3066060000000004
 4.3071009090909094
 4.3075959090909093
 4.3080819999999997
 4.3085680000000002
 4.3090539545454547
 4.3095399545454542
 4.3100169090909093
 4.3104939090909093
 4.3109709090909094
 4.311439
 4.3119789090909091
 4.3125189090909091
 4.3130589090909091
 4.313598909090909
 4.3141299090909087
 4.3146609545454542
 4.3151919090909088
 4.3157139090909089
 4.316235909090909
 4.3167579090909092
 4.3172800000000002
 4.317792954545455
 4.3183059545454547
 4.3188189090909095
 4.3193319090909092
 4.3198359999999996
 4.3203399090909089
 4.3208440454545451
 4.3213390454545451
 4.3218340454545459
 4.3223289999999999
 4.3228240454545457
 4.3233100000000002
 4.3237959545454547
 4.3242820454545452
 4.3248310454545456
 4.32538
 4.3259290454545454
 4.3264779545454548
 4.3270179545454548
 4.3275580454545457
 4.3280979999999998
 4.3286380454545457
 4.3291690454545453
 4.3296999545454549
 4.3302310454545454
 4.3307529545454546


