 2.31631605e+05 -5.37050770e+05 7.33451285e+05
 2.31350261e+05 -5.37166992e+05 7.33451170e+05
 2.31267264e+05 -5.37201278e+05 7.33451134e+05
 2.31168296e+05 -5.37242161e+05 7.33451089e+05
 2.31097239e+05 -5.37271515e+05 7.33451056e+05
 2.31087200e+05 -5.37275662e+05 7.33451051e+05
 2.31080571e+05 -5.37278400e+05 7.33451048e+05
 2.31077283e+05 -5.37279759e+05 7.33451047e+05
 2.31070708e+05 -5.37282475e+05 7.33451044e+05
 2.31061019e+05 -5.37286477e+05 7.33451039e+05
 2.31028432e+05 -5.37299939e+05 7.33451023e+05
 2.31000863e+05 -5.37311328e+05 7.33451010e+05
 2.30994172e+05 -5.37314092e+05 7.33451007e+05
 2.30980907e+05 -5.37319572e+05 7.33451000e+05
 2.30926403e+05 -5.37342087e+05 7.33450973e+05
 2.30895777e+05 -5.37354738e+05 7.33450958e+05
 2.30882570e+05 -5.37360195e+05 7.33450951e+05
 2.30879279e+05 -5.37361554e+05 7.33450949e+05
 2.30876053e+05 -5.37362887e+05 7.33450948e+05
 2.30872361e+05 -5.37364412e+05 7.33450946e+05
 2.30865094e+05 -5.37367414e+05 7.33450942e+05
 2.30861458e+05 -5.37368916e+05 7.33450940e+05
 2.30826103e+05 -5.37383521e+05 7.33450922e+05
 2.30822642e+05 -5.37384951e+05 7.33450920e+05
 2.30819181e+05 -5.37386380e+05 7.33450919e+05
 2.30812375e+05 -5.37389192e+05 7.33450915e+05
 2.30808976e+05 -5.37390596e+05 7.33450913e+05
 2.30788558e+05 -5.37399031e+05 7.33450903e+05
 2.30784867e+05 -5.37400555e+05 7.33450901e+05
 2.30781175e+05 -5.37402081e+05 7.33450899e+05
 2.30766525e+05 -5.37408132e+05 7.33450891e+05
 2.30755683e+05 -5.37412612e+05 7.33450885e+05
 2.30748531e+05 -5.37415566e+05 7.33450882e+05
 2.30741495e+05 -5.37418473e+05 7.33450878e+05
 2.30730997e+05 -5.37422809e+05 7.33450872e+05
 2.30717213e+05 -5.37428503e+05 7.33450865e+05
 2.30713810e+05 -5.37429909e+05 7.33450863e+05
 2.30703716e+05 -5.37434079e+05 7.33450858e+05
 2.30667842e+05 -5.37448899e+05 7.33450838e+05
 2.30661496e+05 -5.37451520e+05 7.33450835e+05
 2.30655269e+05 -5.37454092e+05 7.33450832e+05
 2.30649040e+05 -5.37456666e+05 7.33450828e+05
 2.30642926e+05 -5.37459191e+05 7.33450825e+05
 2.30636870e+05 -5.37461693e+05 7.33450822e+05
 2.30624931e+05 -5.37466625e+05 7.33450815e+05
 2.30618126e+05 -5.37469436e+05 7.33450811e+05
 2.30614723e+05 -5.37470842e+05 7.33450809e+05
 2.30601342e+05 -5.37476370e+05 7.33450802e+05
 2.30584963e+05 -5.37483136e+05 7.33450793e+05
 2.30581732e+05 -5.37484471e+05 7.33450791e+05
 2.30575330e+05 -5.37487115e+05 7.33450788e+05
 2.30553356e+05 -5.37496193e+05 7.33450775e+05
 2.30547243e+05 -5.37498718e+05 7.33450772e+05
 2.30544186e+05 -5.37499981e+05 7.33450770e+05
 2.30534265e+05 -5.37504079e+05 7.33450764e+05
 2.30517135e+05 -5.37511156e+05 7.33450755e+05
 2.30513790e+05 -5.37512538e+05 7.33450753e+05
 2.30507100e+05 -5.37515301e+05 7.33450749e+05
 2.30503754e+05 -5.37516683e+05 7.33450747e+05
 2.30500465e+05 -5.37518042e+05 7.33450745e+05
 2.30493892e+05 -5.37520758e+05 7.33450742e+05
 2.30490604e+05 -5.37522116e+05 7.33450740e+05
 2.30471399e+05 -5.37530049e+05 7.33450729e+05
 2.30465111e+05 -5.37532647e+05 7.33450725e+05
 2.30461994e+05 -5.37533935e+05 7.33450723e+05
 2.30458882e+05 -5.37535220e+05 7.33450721e+05
 2.30451843e+05 -5.37538128e+05 7.33450717e+05
 2.30448328e+05 -5.37539580e+05 7.33450715e+05
 2.30444810e+05 -5.37541033e+05 7.33450713e+05
 2.30441349e+05 -5.37542463e+05 7.33450711e+05
 2.30430968e+05 -5.37546752e+05 7.33450705e+05
 2.30427565e+05 -5.37548157e+05 7.33450703e+05
 2.30420759e+05 -5.37550969e+05 7.33450699e+05
 2.30417413e+05 -5.37552351e+05 7.33450697e+05
 2.30414068e+05 -5.37553733e+05 7.33450695e+05
 2.30407378e+05 -5.37556496e+05 7.33450691e+05
 2.30404090e+05 -5.37557855e+05 7.33450690e+05
 2.30397515e+05 -5.37560571e+05 7.33450686e+05
 2.30394228e+05 -5.37561929e+05 7.33450684e+05
 2.30387768e+05 -5.37564597e+05 7.33450680e+05
 2.30378194e+05 -5.37568552e+05 7.33450674e+05
 2.30374557e+05 -5.37570055e+05 7.33450672e+05
 2.30370984e+05 -5.37571531e+05 7.33450670e+05
 2.30367409e+05 -5.37573008e+05 7.33450668e+05
 2.30363833e+05 -5.37574485e+05 7.33450666e+05
 2.30360314e+05 -5.37575939e+05 7.33450664e+05
 2.30356796e+05 -5.37577392e+05 7.33450662e+05
 2.30353278e+05 -5.37578845e+05 7.33450660e+05
 2.30346299e+05 -5.37581728e+05 7.33450655e+05
 2.30339378e+05 -5.37584587e+05 7.33450651e+05
 2.30322364e+05 -5.37591616e+05 7.33450641e+05
 2.30319018e+05 -5.37592998e+05 7.33450639e+05
 2.30315673e+05 -5.37594380e+05 7.33450637e+05
 2.30312325e+05 -5.37595763e+05 7.33450635e+05
 2.30305753e+05 -5.37598478e+05 7.33450631e+05
 2.30302466e+05 -5.37599836e+05 7.33450629e+05
 2.30299178e+05 -5.37601194e+05 7.33450627e+05
 2.30295949e+05 -5.37602528e+05 7.33450625e+05
 2.30292257e+05 -5.37604053e+05 7.33450623e+05
 2.30284990e+05 -5.37607055e+05 7.33450619e+05
 2.30281356e+05 -5.37608557e+05 7.33450616e+05
 2.30277723e+05 -5.37610057e+05 7.33450614e+05
 2.30274145e+05 -5.37611535e+05 7.33450612e+05
 2.30270570e+05 -5.37613012e+05 7.33450610e+05
 2.30266995e+05 -5.37614489e+05 7.33450608e+05
 2.30259959e+05 -5.37617396e+05 7.33450603e+05
 2.30252922e+05 -5.37620303e+05 7.33450599e+05
 2.30249461e+05 -5.37621732e+05 7.33450597e+05
 2.30246001e+05 -5.37623161e+05 7.33450595e+05
 2.30242540e+05 -5.37624591e+05 7.33450593e+05
 2.30239079e+05 -5.37626021e+05 7.33450591e+05
 2.30235677e+05 -5.37627427e+05 7.33450589e+05
 2.30232275e+05 -5.37628832e+05 7.33450586e+05
 2.30228872e+05 -5.37630238e+05 7.33450584e+05
 2.30225527e+05 -5.37631620e+05 7.33450582e+05
 2.30222181e+05 -5.37633002e+05 7.33450580e+05
 2.30218836e+05 -5.37634384e+05 7.33450578e+05
 2.30215488e+05 -5.37635766e+05 7.33450576e+05
 2.30208454e+05 -5.37638672e+05 7.33450572e+05
 2.30204763e+05 -5.37640197e+05 7.33450569e+05
 2.30201072e+05 -5.37641722e+05 7.33450567e+05
 2.30197380e+05 -5.37643247e+05 7.33450565e+05
 2.30193689e+05 -5.37644772e+05 7.33450563e+05
 2.30190055e+05 -5.37646273e+05 7.33450560e+05
 2.30186421e+05 -5.37647774e+05 7.33450558e+05
 2.30182788e+05 -5.37649275e+05 7.33450556e+05
 2.30179154e+05 -5.37650776e+05 7.33450554e+05
 2.30175578e+05 -5.37652253e+05 7.33450551e+05
 2.30168428e+05 -5.37655207e+05 7.33450547e+05
 2.30164909e+05 -5.37656661e+05 7.33450545e+05
 2.30161390e+05 -5.37658114e+05 7.33450542e+05
 2.30154354e+05 -5.37661021e+05 7.33450538e+05
 2.30150893e+05 -5.37662451e+05 7.33450536e+05
 2.30147433e+05 -5.37663880e+05 7.33450534e+05
 2.30143973e+05 -5.37665310e+05 7.33450532e+05
 2.30140512e+05 -5.37666739e+05 7.33450529e+05
 2.30137109e+05 -5.37668145e+05 7.33450527e+05
 2.30133706e+05 -5.37669551e+05 7.33450525e+05
 2.30130303e+05 -5.37670957e+05 7.33450523e+05
 2.30126958e+05 -5.37672339e+05 7.33450521e+05
 2.30123613e+05 -5.37673720e+05 7.33450519e+05
 2.30120267e+05 -5.37675102e+05 7.33450517e+05
 2.30116922e+05 -5.37676484e+05 7.33450514e+05
 2.30110347e+05 -5.37679201e+05 7.33450510e+05
 2.30107060e+05 -5.37680559e+05 7.33450508e+05
 2.30103772e+05 -5.37681917e+05 7.33450506e+05
 2.30100542e+05 -5.37683251e+05 7.33450504e+05
 2.30097312e+05 -5.37684585e+05 7.33450502e+05
 2.30094083e+05 -5.37685919e+05 7.33450500e+05
 2.30090910e+05 -5.37687230e+05 7.33450498e+05
 2.30087738e+05 -5.37688540e+05 7.33450496e+05
 2.30084566e+05 -5.37689851e+05 7.33450494e+05
 2.30081394e+05 -5.37691161e+05 7.33450492e+05
 2.30075165e+05 -5.37693734e+05 7.33450488e+05
 2.30072050e+05 -5.37695021e+05 7.33450486e+05
 2.30068936e+05 -5.37696307e+05 7.33450484e+05
 2.30065879e+05 -5.37697570e+05 7.33450482e+05
 2.30062822e+05 -5.37698833e+05 7.33450480e+05
 2.30059765e+05 -5.37700096e+05 7.33450478e+05
 2.30056766e+05 -5.37701335e+05 7.33450476e+05
 2.30053767e+05 -5.37702574e+05 7.33450474e+05
 2.30050768e+05 -5.37703813e+05 7.33450472e+05
 2.30047769e+05 -5.37705052e+05 7.33450470e+05
 2.30044827e+05 -5.37706267e+05 7.33450468e+05
 2.30041425e+05 -5.37707673e+05 7.33450466e+05
 2.30038022e+05 -5.37709078e+05 7.33450464e+05
 2.30034619e+05 -5.37710484e+05 7.33450462e+05
 2.30031274e+05 -5.37711866e+05 7.33450460e+05
 2.30027928e+05 -5.37713248e+05 7.33450457e+05
 2.30024583e+05 -5.37714630e+05 7.33450455e+05
 2.30021238e+05 -5.37716012e+05 7.33450453e+05
 2.30017951e+05 -5.37717370e+05 7.33450451e+05
 2.30014663e+05 -5.37718728e+05 7.33450449e+05
 2.30011375e+05 -5.37720086e+05 7.33450447e+05
 2.30008088e+05 -5.37721444e+05 7.33450445e+05
 2.30004858e+05 -5.37722778e+05 7.33450442e+05
 2.30001629e+05 -5.37724112e+05 7.33450440e+05
 2.29998398e+05 -5.37725447e+05 7.33450438e+05
 2.29995226e+05 -5.37726757e+05 7.33450436e+05
 2.29992054e+05 -5.37728068e+05 7.33450434e+05
 2.29988882e+05 -5.37729378e+05 7.33450432e+05
 2.29985710e+05 -5.37730689e+05 7.33450430e+05
 2.29982595e+05 -5.37731975e+05 7.33450428e+05
 2.29979481e+05 -5.37733262e+05 7.33450426e+05
 2.29976366e+05 -5.37734548e+05 7.33450424e+05
 2.29973252e+05 -5.37735835e+05 7.33450422e+05
 2.29967138e+05 -5.37738360e+05 7.33450418e+05
 2.29964082e+05 -5.37739623e+05 7.33450416e+05
 2.29961082e+05 -5.37740862e+05 7.33450414e+05
 2.29957622e+05 -5.37742292e+05 7.33450411e+05
 2.29954161e+05 -5.37743721e+05 7.33450409e+05
 2.29950701e+05 -5.37745151e+05 7.33450407e+05
 2.29947240e+05 -5.37746581e+05 7.33450405e+05
 2.29943837e+05 -5.37747986e+05 7.33450402e+05
 2.29940434e+05 -5.37749392e+05 7.33450400e+05
 2.29937031e+05 -5.37750798e+05 7.33450398e+05
 2.29933686e+05 -5.37752180e+05 7.33450396e+05
 2.29930341e+05 -5.37753561e+05 7.33450393e+05
 2.29926996e+05 -5.37754943e+05 7.33450391e+05
 2.29923651e+05 -5.37756325e+05 7.33450389e+05
 2.29920363e+05 -5.37757684e+05 7.33450387e+05
 2.29917076e+05 -5.37759041e+05 7.33450385e+05
 2.29913788e+05 -5.37760400e+05 7.33450382e+05
 2.29910500e+05 -5.37761758e+05 7.33450380e+05
 2.29907271e+05 -5.37763092e+05 7.33450378e+05
 2.29904041e+05 -5.37764426e+05 7.33450376e+05
 2.29900811e+05 -5.37765760e+05 7.33450374e+05
 2.29897639e+05 -5.37767071e+05 7.33450372e+05
 2.29894467e+05 -5.37768381e+05 7.33450369e+05
 2.29891295e+05 -5.37769692e+05 7.33450367e+05
 2.29888122e+05 -5.37771002e+05 7.33450365e+05
 2.29885007e+05 -5.37772289e+05 7.33450363e+05
 2.29881893e+05 -5.37773575e+05 7.33450361e+05
 2.29878779e+05 -5.37774862e+05 7.33450359e+05
 2.29875260e+05 -5.37776316e+05 7.33450357e+05
 2.29871743e+05 -5.37777769e+05 7.33450354e+05
 2.29868224e+05 -5.37779222e+05 7.33450352e+05
 2.29864706e+05 -5.37780675e+05 7.33450349e+05
 2.29861245e+05 -5.37782105e+05 7.33450347e+05
 2.29857785e+05 -5.37783535e+05 7.33450345e+05
 2.29854324e+05 -5.37784964e+05 7.33450342e+05
 2.29850863e+05 -5.37786394e+05 7.33450340e+05
 2.29847461e+05 -5.37787800e+05 7.33450338e+05
 2.29844058e+05 -5.37789205e+05 7.33450335e+05
 2.29840655e+05 -5.37790611e+05 7.33450333e+05
 2.29837310e+05 -5.37791993e+05 7.33450331e+05
 2.29830619e+05 -5.37794757e+05 7.33450326e+05
 2.29827272e+05 -5.37796140e+05 7.33450324e+05
 2.29823987e+05 -5.37797497e+05 7.33450322e+05
 2.29820699e+05 -5.37798855e+05 7.33450320e+05
 2.29817411e+05 -5.37800213e+05 7.33450317e+05
 2.29814124e+05 -5.37801571e+05 7.33450315e+05
 2.29810894e+05 -5.37802905e+05 7.33450313e+05
 2.29807664e+05 -5.37804240e+05 7.33450311e+05
 2.29804435e+05 -5.37805574e+05 7.33450308e+05
 2.29801262e+05 -5.37806884e+05 7.33450306e+05
 2.29798090e+05 -5.37808195e+05 7.33450304e+05
 2.29794457e+05 -5.37809696e+05 7.33450302e+05
 2.29790881e+05 -5.37811173e+05 7.33450299e+05
 2.29787305e+05 -5.37812650e+05 7.33450297e+05
 2.29783729e+05 -5.37814128e+05 7.33450294e+05
 2.29780211e+05 -5.37815581e+05 7.33450292e+05
 2.29776693e+05 -5.37817034e+05 7.33450289e+05
 2.29773174e+05 -5.37818488e+05 7.33450287e+05
 2.29769656e+05 -5.37819941e+05 7.33450285e+05
 2.29766195e+05 -5.37821371e+05 7.33450282e+05
 2.29762736e+05 -5.37822800e+05 7.33450280e+05
 2.29759274e+05 -5.37824230e+05 7.33450277e+05
 2.29755814e+05 -5.37825659e+05 7.33450275e+05
 2.29752411e+05 -5.37827065e+05 7.33450273e+05
 2.29749008e+05 -5.37828471e+05 7.33450270e+05
 2.29745605e+05 -5.37829877e+05 7.33450268e+05
 2.29742260e+05 -5.37831258e+05 7.33450266e+05
 2.29738915e+05 -5.37832640e+05 7.33450263e+05
 2.29735570e+05 -5.37834022e+05 7.33450261e+05
 2.29732224e+05 -5.37835404e+05 7.33450259e+05
 2.29728937e+05 -5.37836762e+05 7.33450256e+05
 2.29725649e+05 -5.37838120e+05 7.33450254e+05
 2.29722362e+05 -5.37839478e+05 7.33450252e+05
 2.29719074e+05 -5.37840837e+05 7.33450249e+05
 2.29715844e+05 -5.37842171e+05 7.33450247e+05
 2.29712153e+05 -5.37843696e+05 7.33450245e+05
 2.29708520e+05 -5.37845197e+05 7.33450242e+05
 2.29704886e+05 -5.37846698e+05 7.33450239e+05
 2.29701252e+05 -5.37848199e+05 7.33450237e+05
 2.29697619e+05 -5.37849700e+05 7.33450234e+05
 2.29694043e+05 -5.37851177e+05 7.33450232e+05
 2.29690467e+05 -5.37852654e+05 7.33450229e+05
 2.29686891e+05 -5.37854132e+05 7.33450227e+05
 2.29683373e+05 -5.37855585e+05 7.33450224e+05
 2.29679855e+05 -5.37857038e+05 7.33450222e+05
 2.29676337e+05 -5.37858492e+05 7.33450219e+05
 2.29672818e+05 -5.37859945e+05 7.33450217e+05
 2.29669358e+05 -5.37861375e+05 7.33450214e+05
 2.29665897e+05 -5.37862804e+05 7.33450212e+05
 2.29662437e+05 -5.37864234e+05 7.33450210e+05
 2.29658976e+05 -5.37865663e+05 7.33450207e+05
 2.29655571e+05 -5.37867070e+05 7.33450205e+05
 2.29652171e+05 -5.37868475e+05 7.33450202e+05
 2.29648768e+05 -5.37869881e+05 7.33450200e+05
 2.29645420e+05 -5.37871263e+05 7.33450197e+05
 2.29642077e+05 -5.37872644e+05 7.33450195e+05
 2.29638732e+05 -5.37874026e+05 7.33450193e+05
 2.29635387e+05 -5.37875408e+05 7.33450190e+05
 2.29632099e+05 -5.37876766e+05 7.33450188e+05
 2.29628351e+05 -5.37878315e+05 7.33450185e+05
 2.29624659e+05 -5.37879840e+05 7.33450183e+05
 2.29620968e+05 -5.37881365e+05 7.33450180e+05
 2.29617277e+05 -5.37882890e+05 7.33450177e+05
 2.29613586e+05 -5.37884414e+05 7.33450175e+05
 2.29609952e+05 -5.37885916e+05 7.33450172e+05
 2.29606318e+05 -5.37887417e+05 7.33450169e+05
 2.29602685e+05 -5.37888918e+05 7.33450167e+05
 2.29599051e+05 -5.37890419e+05 7.33450164e+05
 2.29595475e+05 -5.37891896e+05 7.33450162e+05
 2.29591899e+05 -5.37893373e+05 7.33450159e+05
 2.29588323e+05 -5.37894850e+05 7.33450157e+05
 2.29584806e+05 -5.37896303e+05 7.33450154e+05
 2.29581287e+05 -5.37897757e+05 7.33450151e+05
 2.29577769e+05 -5.37899211e+05 7.33450149e+05
 2.29574250e+05 -5.37900664e+05 7.33450146e+05
 2.29570790e+05 -5.37902093e+05 7.33450144e+05
 2.29567329e+05 -5.37903523e+05 7.33450141e+05
 2.29563869e+05 -5.37904953e+05 7.33450139e+05
 2.29560408e+05 -5.37906382e+05 7.33450136e+05
 2.29557006e+05 -5.37907788e+05 7.33450134e+05
 2.29553602e+05 -5.37909194e+05 7.33450131e+05
 2.29550200e+05 -5.37910599e+05 7.33450129e+05
 2.29546854e+05 -5.37911981e+05 7.33450127e+05
 2.29543509e+05 -5.37913363e+05 7.33450124e+05
 2.29540164e+05 -5.37914745e+05 7.33450122e+05
 2.29536819e+05 -5.37916127e+05 7.33450119e+05
 2.29533531e+05 -5.37917485e+05 7.33450117e+05
 2.29530244e+05 -5.37918843e+05 7.33450114e+05
 2.29526956e+05 -5.37920201e+05 7.33450112e+05
 2.29523669e+05 -5.37921559e+05 7.33450110e+05
 2.29520439e+05 -5.37922894e+05 7.33450107e+05
 2.29517209e+05 -5.37924228e+05 7.33450105e+05
 2.29513979e+05 -5.37925562e+05 7.33450103e+05
 2.29510807e+05 -5.37926873e+05 7.33450100e+05
 2.29507635e+05 -5.37928183e+05 7.33450098e+05
 2.29504462e+05 -5.37929494e+05 7.33450096e+05
 2.29501291e+05 -5.37930804e+05 7.33450093e+05
 2.29498176e+05 -5.37932091e+05 7.33450091e+05
 2.29495061e+05 -5.37933377e+05 7.33450089e+05
 2.29491947e+05 -5.37934664e+05 7.33450086e+05
 2.29488832e+05 -5.37935951e+05 7.33450084e+05
 2.29485776e+05 -5.37937213e+05 7.33450082e+05
 2.29482717e+05 -5.37938477e+05 7.33450080e+05
 2.29479662e+05 -5.37939739e+05 7.33450077e+05
 2.29476663e+05 -5.37940978e+05 7.33450075e+05
 2.29473664e+05 -5.37942217e+05 7.33450073e+05
 2.29470664e+05 -5.37943456e+05 7.33450071e+05
 2.29467665e+05 -5.37944695e+05 7.33450068e+05
 2.29464724e+05 -5.37945910e+05 7.33450066e+05
 2.29461321e+05 -5.37947315e+05 7.33450064e+05
 2.29457918e+05 -5.37948721e+05 7.33450061e+05
 2.29454515e+05 -5.37950127e+05 7.33450059e+05
 2.29451170e+05 -5.37951509e+05 7.33450056e+05
 2.29447825e+05 -5.37952891e+05 7.33450054e+05
 2.29444480e+05 -5.37954273e+05 7.33450051e+05
 2.29441134e+05 -5.37955655e+05 7.33450049e+05
 2.29437847e+05 -5.37957013e+05 7.33450046e+05
 2.29434559e+05 -5.37958371e+05 7.33450044e+05
 2.29431272e+05 -5.37959729e+05 7.33450041e+05
 2.29427984e+05 -5.37961087e+05 7.33450039e+05
 2.29424755e+05 -5.37962421e+05 7.33450036e+05
 2.29421525e+05 -5.37963756e+05 7.33450034e+05
 2.29418295e+05 -5.37965090e+05 7.33450032e+05
 2.29415123e+05 -5.37966400e+05 7.33450029e+05
 2.29411951e+05 -5.37967711e+05 7.33450027e+05
 2.29408778e+05 -5.37969021e+05 7.33450025e+05
 2.29405606e+05 -5.37970332e+05 7.33450022e+05
 2.29402492e+05 -5.37971618e+05 7.33450020e+05
 2.29399377e+05 -5.37972905e+05 7.33450017e+05
 2.29396263e+05 -5.37974191e+05 7.33450015e+05
 2.29393149e+05 -5.37975478e+05 7.33450013e+05
 2.29390091e+05 -5.37976741e+05 7.33450010e+05
 2.29387035e+05 -5.37978003e+05 7.33450008e+05
 2.29383978e+05 -5.37979266e+05 7.33450006e+05
 2.29380979e+05 -5.37980505e+05 7.33450004e+05
 2.29377518e+05 -5.37981935e+05 7.33450001e+05
 2.29374058e+05 -5.37983365e+05 7.33449998e+05
 2.29370597e+05 -5.37984794e+05 7.33449996e+05
 2.29367137e+05 -5.37986224e+05 7.33449993e+05
 2.29363734e+05 -5.37987629e+05 7.33449991e+05
 2.29360331e+05 -5.37989035e+05 7.33449988e+05
 2.29356928e+05 -5.37990441e+05 7.33449985e+05
 2.29353583e+05 -5.37991823e+05 7.33449983e+05
 2.29350237e+05 -5.37993205e+05 7.33449980e+05
 2.29346892e+05 -5.37994587e+05 7.33449978e+05
 2.29343547e+05 -5.37995969e+05 7.33449975e+05
 2.29340260e+05 -5.37997327e+05 7.33449973e+05
 2.29336972e+05 -5.37998685e+05 7.33449970e+05
 2.29333685e+05 -5.38000043e+05 7.33449968e+05
 2.29330397e+05 -5.38001401e+05 7.33449965e+05
 2.29327167e+05 -5.38002735e+05 7.33449963e+05
 2.29323937e+05 -5.38004069e+05 7.33449960e+05
 2.29320707e+05 -5.38005404e+05 7.33449958e+05
 2.29317535e+05 -5.38006714e+05 7.33449955e+05
 2.29314363e+05 -5.38008025e+05 7.33449953e+05
 2.29311191e+05 -5.38009335e+05 7.33449950e+05
 2.29308019e+05 -5.38010645e+05 7.33449948e+05
 2.29304905e+05 -5.38011932e+05 7.33449946e+05
 2.29301790e+05 -5.38013218e+05 7.33449943e+05
 2.29298676e+05 -5.38014505e+05 7.33449941e+05
 2.29295157e+05 -5.38015959e+05 7.33449938e+05
 2.29291639e+05 -5.38017412e+05 7.33449935e+05
 2.29288121e+05 -5.38018866e+05 7.33449933e+05
 2.29284602e+05 -5.38020319e+05 7.33449930e+05
 2.29281142e+05 -5.38021748e+05 7.33449927e+05
 2.29277682e+05 -5.38023178e+05 7.33449925e+05
 2.29274221e+05 -5.38024608e+05 7.33449922e+05
 2.29270760e+05 -5.38026037e+05 7.33449919e+05
 2.29267357e+05 -5.38027443e+05 7.33449917e+05
 2.29263955e+05 -5.38028849e+05 7.33449914e+05
 2.29260551e+05 -5.38030255e+05 7.33449911e+05
 2.29257206e+05 -5.38031636e+05 7.33449909e+05
 2.29253861e+05 -5.38033018e+05 7.33449906e+05
 2.29250516e+05 -5.38034400e+05 7.33449904e+05
 2.29247171e+05 -5.38035782e+05 7.33449901e+05
 2.29243883e+05 -5.38037140e+05 7.33449899e+05
 2.29240596e+05 -5.38038498e+05 7.33449896e+05
 2.29237308e+05 -5.38039856e+05 7.33449893e+05
 2.29234021e+05 -5.38041215e+05 7.33449891e+05
 2.29230791e+05 -5.38042549e+05 7.33449888e+05
 2.29227561e+05 -5.38043883e+05 7.33449886e+05
 2.29224331e+05 -5.38045217e+05 7.33449883e+05
 2.29221159e+05 -5.38046528e+05 7.33449881e+05
 2.29217987e+05 -5.38047838e+05 7.33449878e+05
 2.29214353e+05 -5.38049339e+05 7.33449876e+05
 2.29210777e+05 -5.38050817e+05 7.33449873e+05
 2.29207201e+05 -5.38052294e+05 7.33449870e+05
 2.29203626e+05 -5.38053771e+05 7.33449867e+05
 2.29200107e+05 -5.38055224e+05 7.33449864e+05
 2.29196589e+05 -5.38056678e+05 7.33449862e+05
 2.29193071e+05 -5.38058131e+05 7.33449859e+05
 2.29189553e+05 -5.38059584e+05 7.33449856e+05
 2.29186092e+05 -5.38061014e+05 7.33449853e+05
 2.29182631e+05 -5.38062444e+05 7.33449851e+05
 2.29179171e+05 -5.38063873e+05 7.33449848e+05
 2.29175710e+05 -5.38065303e+05 7.33449845e+05
 2.29172308e+05 -5.38066708e+05 7.33449842e+05
 2.29168905e+05 -5.38068114e+05 7.33449840e+05
 2.29165502e+05 -5.38069520e+05 7.33449837e+05
 2.29162157e+05 -5.38070902e+05 7.33449834e+05
 2.29158811e+05 -5.38072284e+05 7.33449832e+05
 2.29155466e+05 -5.38073666e+05 7.33449829e+05
 2.29152122e+05 -5.38075047e+05 7.33449826e+05
 2.29148833e+05 -5.38076406e+05 7.33449824e+05
 2.29145546e+05 -5.38077764e+05 7.33449821e+05
 2.29142258e+05 -5.38079122e+05 7.33449819e+05
 2.29138971e+05 -5.38080480e+05 7.33449816e+05
 2.29135741e+05 -5.38081814e+05 7.33449813e+05
 2.29132050e+05 -5.38083339e+05 7.33449811e+05
 2.29128416e+05 -5.38084840e+05 7.33449808e+05
 2.29124783e+05 -5.38086341e+05 7.33449805e+05
 2.29121149e+05 -5.38087842e+05 7.33449802e+05
 2.29117516e+05 -5.38089343e+05 7.33449799e+05
 2.29113940e+05 -5.38090821e+05 7.33449796e+05
 2.29110364e+05 -5.38092298e+05 7.33449793e+05
 2.29106788e+05 -5.38093775e+05 7.33449790e+05
 2.29103270e+05 -5.38095229e+05 7.33449788e+05
 2.29099752e+05 -5.38096682e+05 7.33449785e+05
 2.29096233e+05 -5.38098135e+05 7.33449782e+05
 2.29092715e+05 -5.38099589e+05 7.33449779e+05
 2.29089254e+05 -5.38101018e+05 7.33449776e+05
 2.29085794e+05 -5.38102448e+05 7.33449774e+05
 2.29082333e+05 -5.38103877e+05 7.33449771e+05
 2.29078873e+05 -5.38105307e+05 7.33449768e+05
 2.29075470e+05 -5.38106713e+05 7.33449765e+05
 2.29072067e+05 -5.38108119e+05 7.33449763e+05
 2.29068664e+05 -5.38109524e+05 7.33449760e+05
 2.29065319e+05 -5.38110906e+05 7.33449757e+05
 2.29061974e+05 -5.38112288e+05 7.33449754e+05
 2.29058629e+05 -5.38113670e+05 7.33449752e+05
 2.29055283e+05 -5.38115052e+05 7.33449749e+05
 2.29051996e+05 -5.38116410e+05 7.33449746e+05
 2.29048247e+05 -5.38117959e+05 7.33449743e+05
 2.29044556e+05 -5.38119484e+05 7.33449740e+05
 2.29040864e+05 -5.38121009e+05 7.33449737e+05
 2.29037173e+05 -5.38122533e+05 7.33449734e+05
 2.29033482e+05 -5.38124058e+05 7.33449731e+05
 2.29029846e+05 -5.38125560e+05 7.33449728e+05
 2.29026215e+05 -5.38127060e+05 7.33449725e+05
 2.29022581e+05 -5.38128561e+05 7.33449722e+05
 2.29018948e+05 -5.38130062e+05 7.33449719e+05
 2.29015372e+05 -5.38131540e+05 7.33449717e+05
 2.29011796e+05 -5.38133017e+05 7.33449714e+05
 2.29008221e+05 -5.38134494e+05 7.33449711e+05
 2.29004702e+05 -5.38135948e+05 7.33449708e+05
 2.29001184e+05 -5.38137401e+05 7.33449705e+05
 2.28997665e+05 -5.38138854e+05 7.33449702e+05
 2.28994147e+05 -5.38140308e+05 7.33449699e+05
 2.28990687e+05 -5.38141737e+05 7.33449696e+05
 2.28987227e+05 -5.38143167e+05 7.33449694e+05
 2.28983766e+05 -5.38144596e+05 7.33449691e+05
 2.28980305e+05 -5.38146026e+05 7.33449688e+05
 2.28976902e+05 -5.38147432e+05 7.33449685e+05
 2.28973499e+05 -5.38148838e+05 7.33449682e+05
 2.28970096e+05 -5.38150243e+05 7.33449679e+05
 2.28966751e+05 -5.38151625e+05 7.33449677e+05
 2.28963407e+05 -5.38153007e+05 7.33449674e+05
 2.28960061e+05 -5.38154389e+05 7.33449671e+05
 2.28956716e+05 -5.38155771e+05 7.33449668e+05
 2.28953429e+05 -5.38157129e+05 7.33449666e+05
 2.28950141e+05 -5.38158487e+05 7.33449663e+05
 2.28946853e+05 -5.38159845e+05 7.33449660e+05
 2.28943566e+05 -5.38161203e+05 7.33449658e+05
 2.28940336e+05 -5.38162537e+05 7.33449655e+05
 2.28937106e+05 -5.38163872e+05 7.33449652e+05
 2.28933876e+05 -5.38165206e+05 7.33449650e+05
 2.28930704e+05 -5.38166517e+05 7.33449647e+05
 2.28927531e+05 -5.38167827e+05 7.33449644e+05
 2.28924359e+05 -5.38169138e+05 7.33449642e+05
 2.28921187e+05 -5.38170448e+05 7.33449639e+05
 2.28918073e+05 -5.38171734e+05 7.33449636e+05
 2.28914958e+05 -5.38173021e+05 7.33449634e+05
 2.28911844e+05 -5.38174308e+05 7.33449631e+05
 2.28908729e+05 -5.38175595e+05 7.33449629e+05
 2.28905672e+05 -5.38176857e+05 7.33449626e+05
 2.28902616e+05 -5.38178120e+05 7.33449624e+05
 2.28899559e+05 -5.38179383e+05 7.33449621e+05
 2.28896560e+05 -5.38180622e+05 7.33449619e+05
 2.28893560e+05 -5.38181861e+05 7.33449616e+05
 2.28890561e+05 -5.38183100e+05 7.33449614e+05
 2.28887562e+05 -5.38184339e+05 7.33449611e+05
 2.28884621e+05 -5.38185554e+05 7.33449609e+05
 2.28881218e+05 -5.38186960e+05 7.33449606e+05
 2.28877815e+05 -5.38188365e+05 7.33449603e+05
 2.28874412e+05 -5.38189771e+05 7.33449600e+05
 2.28871067e+05 -5.38191153e+05 7.33449597e+05
 2.28867722e+05 -5.38192535e+05 7.33449594e+05
 2.28864376e+05 -5.38193917e+05 7.33449592e+05
 2.28861031e+05 -5.38195299e+05 7.33449589e+05
 2.28857744e+05 -5.38196657e+05 7.33449586e+05
 2.28854456e+05 -5.38198015e+05 7.33449583e+05
 2.28851169e+05 -5.38199373e+05 7.33449580e+05
 2.28847881e+05 -5.38200731e+05 7.33449578e+05
 2.28844651e+05 -5.38202065e+05 7.33449575e+05
 2.28841422e+05 -5.38203400e+05 7.33449572e+05
 2.28838192e+05 -5.38204734e+05 7.33449570e+05
 2.28835020e+05 -5.38206044e+05 7.33449567e+05
 2.28831848e+05 -5.38207355e+05 7.33449564e+05
 2.28828675e+05 -5.38208665e+05 7.33449561e+05
 2.28825503e+05 -5.38209976e+05 7.33449559e+05
 2.28822389e+05 -5.38211262e+05 7.33449556e+05
 2.28819274e+05 -5.38212549e+05 7.33449554e+05
 2.28816160e+05 -5.38213836e+05 7.33449551e+05
 2.28813045e+05 -5.38215122e+05 7.33449548e+05
 2.28809988e+05 -5.38216385e+05 7.33449546e+05
 2.28806931e+05 -5.38217648e+05 7.33449543e+05
 2.28803875e+05 -5.38218911e+05 7.33449540e+05
 2.28800876e+05 -5.38220150e+05 7.33449538e+05
 2.28797415e+05 -5.38221579e+05 7.33449535e+05
 2.28793954e+05 -5.38223009e+05 7.33449532e+05
 2.28790494e+05 -5.38224438e+05 7.33449529e+05
 2.28787034e+05 -5.38225868e+05 7.33449526e+05
 2.28783630e+05 -5.38227274e+05 7.33449523e+05
 2.28780228e+05 -5.38228679e+05 7.33449520e+05
 2.28776825e+05 -5.38230085e+05 7.33449517e+05
 2.28773479e+05 -5.38231467e+05 7.33449515e+05
 2.28770134e+05 -5.38232849e+05 7.33449512e+05
 2.28766789e+05 -5.38234231e+05 7.33449509e+05
 2.28763444e+05 -5.38235613e+05 7.33449506e+05
 2.28760156e+05 -5.38236971e+05 7.33449503e+05
 2.28756869e+05 -5.38238329e+05 7.33449500e+05
 2.28753581e+05 -5.38239687e+05 7.33449497e+05
 2.28750294e+05 -5.38241045e+05 7.33449495e+05
 2.28747064e+05 -5.38242380e+05 7.33449492e+05
 2.28743834e+05 -5.38243714e+05 7.33449489e+05
 2.28740604e+05 -5.38245048e+05 7.33449486e+05
 2.28737432e+05 -5.38246358e+05 7.33449484e+05
 2.28734260e+05 -5.38247669e+05 7.33449481e+05
 2.28731088e+05 -5.38248979e+05 7.33449478e+05
 2.28727916e+05 -5.38250290e+05 7.33449475e+05
 2.28724802e+05 -5.38251576e+05 7.33449473e+05
 2.28721687e+05 -5.38252863e+05 7.33449470e+05
 2.28718572e+05 -5.38254150e+05 7.33449467e+05
 2.28715054e+05 -5.38255603e+05 7.33449464e+05
 2.28711536e+05 -5.38257056e+05 7.33449461e+05
 2.28708018e+05 -5.38258510e+05 7.33449458e+05
 2.28704499e+05 -5.38259963e+05 7.33449455e+05
 2.28701038e+05 -5.38261393e+05 7.33449452e+05
 2.28697578e+05 -5.38262823e+05 7.33449449e+05
 2.28694118e+05 -5.38264252e+05 7.33449446e+05
 2.28690657e+05 -5.38265682e+05 7.33449443e+05
 2.28687254e+05 -5.38267087e+05 7.33449440e+05
 2.28683851e+05 -5.38268493e+05 7.33449437e+05
 2.28680449e+05 -5.38269899e+05 7.33449434e+05
 2.28677103e+05 -5.38271281e+05 7.33449431e+05
 2.28673759e+05 -5.38272663e+05 7.33449428e+05
 2.28670413e+05 -5.38274045e+05 7.33449426e+05
 2.28667068e+05 -5.38275427e+05 7.33449423e+05
 2.28663780e+05 -5.38276785e+05 7.33449420e+05
 2.28660493e+05 -5.38278143e+05 7.33449417e+05
 2.28657205e+05 -5.38279501e+05 7.33449414e+05
 2.28653917e+05 -5.38280859e+05 7.33449411e+05
 2.28650688e+05 -5.38282193e+05 7.33449408e+05
 2.28647458e+05 -5.38283527e+05 7.33449405e+05
 2.28644228e+05 -5.38284862e+05 7.33449403e+05
 2.28641056e+05 -5.38286172e+05 7.33449400e+05
 2.28637885e+05 -5.38287482e+05 7.33449397e+05
 2.28634250e+05 -5.38288984e+05 7.33449394e+05
 2.28630674e+05 -5.38290461e+05 7.33449391e+05
 2.28627099e+05 -5.38291938e+05 7.33449388e+05
 2.28623522e+05 -5.38293416e+05 7.33449384e+05
 2.28620004e+05 -5.38294869e+05 7.33449381e+05
 2.28616487e+05 -5.38296322e+05 7.33449378e+05
 2.28612968e+05 -5.38297776e+05 7.33449375e+05
 2.28609450e+05 -5.38299229e+05 7.33449372e+05
 2.28605990e+05 -5.38300658e+05 7.33449369e+05
 2.28602529e+05 -5.38302088e+05 7.33449366e+05
 2.28599068e+05 -5.38303518e+05 7.33449363e+05
 2.28595607e+05 -5.38304947e+05 7.33449360e+05
 2.28592204e+05 -5.38306353e+05 7.33449357e+05
 2.28588802e+05 -5.38307759e+05 7.33449354e+05
 2.28585399e+05 -5.38309165e+05 7.33449351e+05
 2.28582054e+05 -5.38310547e+05 7.33449348e+05
 2.28578708e+05 -5.38311929e+05 7.33449345e+05
 2.28575363e+05 -5.38313310e+05 7.33449342e+05
 2.28572019e+05 -5.38314692e+05 7.33449339e+05
 2.28568730e+05 -5.38316051e+05 7.33449336e+05
 2.28565443e+05 -5.38317409e+05 7.33449333e+05
 2.28562156e+05 -5.38318767e+05 7.33449330e+05
 2.28558868e+05 -5.38320125e+05 7.33449327e+05
 2.28555638e+05 -5.38321459e+05 7.33449324e+05
 2.28551947e+05 -5.38322984e+05 7.33449321e+05
 2.28548313e+05 -5.38324485e+05 7.33449318e+05
 2.28544680e+05 -5.38325986e+05 7.33449315e+05
 2.28541046e+05 -5.38327487e+05 7.33449311e+05
 2.28537413e+05 -5.38328988e+05 7.33449308e+05
 2.28533837e+05 -5.38330465e+05 7.33449305e+05
 2.28530261e+05 -5.38331943e+05 7.33449302e+05
 2.28526685e+05 -5.38333420e+05 7.33449298e+05
 2.28523168e+05 -5.38334873e+05 7.33449295e+05
 2.28519649e+05 -5.38336326e+05 7.33449292e+05
 2.28516130e+05 -5.38337780e+05 7.33449289e+05
 2.28512612e+05 -5.38339234e+05 7.33449286e+05
 2.28509151e+05 -5.38340663e+05 7.33449283e+05
 2.28505691e+05 -5.38342093e+05 7.33449280e+05
 2.28502230e+05 -5.38343522e+05 7.33449277e+05
 2.28498770e+05 -5.38344952e+05 7.33449273e+05
 2.28495367e+05 -5.38346358e+05 7.33449270e+05
 2.28491964e+05 -5.38347763e+05 7.33449267e+05
 2.28488562e+05 -5.38349169e+05 7.33449264e+05
 2.28485216e+05 -5.38350551e+05 7.33449261e+05
 2.28481871e+05 -5.38351933e+05 7.33449258e+05
 2.28478526e+05 -5.38353315e+05 7.33449255e+05
 2.28475181e+05 -5.38354697e+05 7.33449252e+05
 2.28471893e+05 -5.38356055e+05 7.33449249e+05
 2.28468144e+05 -5.38357604e+05 7.33449246e+05
 2.28464453e+05 -5.38359128e+05 7.33449242e+05
 2.28460762e+05 -5.38360653e+05 7.33449239e+05
 2.28457070e+05 -5.38362178e+05 7.33449236e+05
 2.28453379e+05 -5.38363703e+05 7.33449232e+05
 2.28449745e+05 -5.38365204e+05 7.33449229e+05
 2.28446112e+05 -5.38366705e+05 7.33449226e+05
 2.28442478e+05 -5.38368206e+05 7.33449222e+05
 2.28438845e+05 -5.38369707e+05 7.33449219e+05
 2.28435269e+05 -5.38371185e+05 7.33449216e+05
 2.28431693e+05 -5.38372662e+05 7.33449213e+05
 2.28428117e+05 -5.38374139e+05 7.33449209e+05
 2.28424599e+05 -5.38375592e+05 7.33449206e+05
 2.28421081e+05 -5.38377046e+05 7.33449203e+05
 2.28417562e+05 -5.38378499e+05 7.33449200e+05
 2.28414044e+05 -5.38379953e+05 7.33449197e+05
 2.28410584e+05 -5.38381382e+05 7.33449193e+05
 2.28407123e+05 -5.38382812e+05 7.33449190e+05
 2.28403663e+05 -5.38384241e+05 7.33449187e+05
 2.28400202e+05 -5.38385671e+05 7.33449184e+05
 2.28396799e+05 -5.38387077e+05 7.33449181e+05
 2.28393397e+05 -5.38388482e+05 7.33449178e+05
 2.28389993e+05 -5.38389888e+05 7.33449174e+05
 2.28386648e+05 -5.38391270e+05 7.33449171e+05
 2.28383303e+05 -5.38392652e+05 7.33449168e+05
 2.28379958e+05 -5.38394034e+05 7.33449165e+05
 2.28376613e+05 -5.38395416e+05 7.33449162e+05
 2.28373325e+05 -5.38396774e+05 7.33449159e+05
 2.28370038e+05 -5.38398132e+05 7.33449156e+05
 2.28366750e+05 -5.38399490e+05 7.33449153e+05
 2.28363462e+05 -5.38400849e+05 7.33449150e+05
 2.28360233e+05 -5.38402183e+05 7.33449147e+05
 2.28357003e+05 -5.38403517e+05 7.33449144e+05
 2.28353773e+05 -5.38404851e+05 7.33449141e+05
 2.28350601e+05 -5.38406162e+05 7.33449138e+05
 2.28347429e+05 -5.38407472e+05 7.33449135e+05
 2.28344256e+05 -5.38408783e+05 7.33449132e+05
 2.28341084e+05 -5.38410093e+05 7.33449129e+05
 2.28337970e+05 -5.38411380e+05 7.33449126e+05
 2.28334855e+05 -5.38412666e+05 7.33449124e+05
 2.28331741e+05 -5.38413953e+05 7.33449121e+05
 2.28328626e+05 -5.38415240e+05 7.33449118e+05
 2.28325570e+05 -5.38416502e+05 7.33449115e+05
 2.28322513e+05 -5.38417765e+05 7.33449112e+05
 2.28319456e+05 -5.38419028e+05 7.33449109e+05
 2.28316457e+05 -5.38420267e+05 7.33449106e+05
 2.28313458e+05 -5.38421506e+05 7.33449104e+05
 2.28310459e+05 -5.38422745e+05 7.33449101e+05
 2.28307459e+05 -5.38423984e+05 7.33449098e+05
 2.28304518e+05 -5.38425199e+05 7.33449095e+05
 2.28301115e+05 -5.38426605e+05 7.33449092e+05
 2.28297712e+05 -5.38428011e+05 7.33449089e+05
 2.28294309e+05 -5.38429416e+05 7.33449086e+05
 2.28290964e+05 -5.38430798e+05 7.33449083e+05
 2.28287619e+05 -5.38432180e+05 7.33449080e+05
 2.28284274e+05 -5.38433562e+05 7.33449076e+05
 2.28280928e+05 -5.38434944e+05 7.33449073e+05
 2.28277641e+05 -5.38436302e+05 7.33449070e+05
 2.28274353e+05 -5.38437660e+05 7.33449067e+05
 2.28271066e+05 -5.38439018e+05 7.33449064e+05
 2.28267778e+05 -5.38440376e+05 7.33449061e+05
 2.28264549e+05 -5.38441711e+05 7.33449058e+05
 2.28261319e+05 -5.38443045e+05 7.33449055e+05
 2.28258089e+05 -5.38444379e+05 7.33449052e+05
 2.28254917e+05 -5.38445690e+05 7.33449049e+05
 2.28251745e+05 -5.38447000e+05 7.33449046e+05
 2.28248572e+05 -5.38448311e+05 7.33449043e+05
 2.28245400e+05 -5.38449621e+05 7.33449040e+05
 2.28242286e+05 -5.38450908e+05 7.33449037e+05
 2.28239171e+05 -5.38452194e+05 7.33449034e+05
 2.28236057e+05 -5.38453481e+05 7.33449031e+05
 2.28232942e+05 -5.38454768e+05 7.33449028e+05
 2.28229885e+05 -5.38456030e+05 7.33449025e+05
 2.28226829e+05 -5.38457293e+05 7.33449022e+05
 2.28223772e+05 -5.38458556e+05 7.33449020e+05
 2.28220773e+05 -5.38459795e+05 7.33449017e+05
 2.28217312e+05 -5.38461225e+05 7.33449013e+05
 2.28213852e+05 -5.38462654e+05 7.33449010e+05
 2.28210391e+05 -5.38464084e+05 7.33449007e+05
 2.28206931e+05 -5.38465513e+05 7.33449004e+05
 2.28203528e+05 -5.38466919e+05 7.33449000e+05
 2.28200125e+05 -5.38468325e+05 7.33448997e+05
 2.28196722e+05 -5.38469731e+05 7.33448994e+05
 2.28193377e+05 -5.38471112e+05 7.33448991e+05
 2.28190032e+05 -5.38472494e+05 7.33448988e+05
 2.28186686e+05 -5.38473876e+05 7.33448984e+05
 2.28183341e+05 -5.38475258e+05 7.33448981e+05
 2.28180054e+05 -5.38476616e+05 7.33448978e+05
 2.28176766e+05 -5.38477974e+05 7.33448975e+05
 2.28173479e+05 -5.38479333e+05 7.33448972e+05
 2.28170191e+05 -5.38480691e+05 7.33448969e+05
 2.28166962e+05 -5.38482025e+05 7.33448966e+05
 2.28163731e+05 -5.38483359e+05 7.33448962e+05
 2.28160502e+05 -5.38484693e+05 7.33448959e+05
 2.28157329e+05 -5.38486004e+05 7.33448956e+05
 2.28154157e+05 -5.38487315e+05 7.33448953e+05
 2.28150985e+05 -5.38488625e+05 7.33448950e+05
 2.28147813e+05 -5.38489935e+05 7.33448947e+05
 2.28144698e+05 -5.38491222e+05 7.33448944e+05
 2.28141584e+05 -5.38492509e+05 7.33448941e+05
 2.28138469e+05 -5.38493795e+05 7.33448938e+05
 2.28134951e+05 -5.38495249e+05 7.33448935e+05
 2.28131433e+05 -5.38496702e+05 7.33448931e+05
 2.28127915e+05 -5.38498155e+05 7.33448928e+05
 2.28124397e+05 -5.38499609e+05 7.33448925e+05
 2.28120936e+05 -5.38501038e+05 7.33448921e+05
 2.28117476e+05 -5.38502468e+05 7.33448918e+05
 2.28114015e+05 -5.38503898e+05 7.33448915e+05
 2.28110555e+05 -5.38505327e+05 7.33448911e+05
 2.28107152e+05 -5.38506733e+05 7.33448908e+05
 2.28103749e+05 -5.38508139e+05 7.33448905e+05
 2.28100346e+05 -5.38509544e+05 7.33448902e+05
 2.28097001e+05 -5.38510926e+05 7.33448898e+05
 2.28093656e+05 -5.38512308e+05 7.33448895e+05
 2.28090310e+05 -5.38513690e+05 7.33448892e+05
 2.28086965e+05 -5.38515072e+05 7.33448889e+05
 2.28083677e+05 -5.38516430e+05 7.33448885e+05
 2.28080390e+05 -5.38517788e+05 7.33448882e+05
 2.28077103e+05 -5.38519146e+05 7.33448879e+05
 2.28073815e+05 -5.38520505e+05 7.33448876e+05
 2.28070585e+05 -5.38521839e+05 7.33448873e+05
 2.28067356e+05 -5.38523173e+05 7.33448870e+05
 2.28064125e+05 -5.38524508e+05 7.33448866e+05
 2.28060954e+05 -5.38525818e+05 7.33448863e+05
 2.28057781e+05 -5.38527128e+05 7.33448860e+05
 2.28054147e+05 -5.38528629e+05 7.33448857e+05
 2.28050571e+05 -5.38530107e+05 7.33448853e+05
 2.28046996e+05 -5.38531584e+05 7.33448850e+05
 2.28043420e+05 -5.38533061e+05 7.33448846e+05
 2.28039902e+05 -5.38534514e+05 7.33448843e+05
 2.28036383e+05 -5.38535968e+05 7.33448839e+05
 2.28032866e+05 -5.38537421e+05 7.33448836e+05
 2.28029347e+05 -5.38538875e+05 7.33448833e+05
 2.28025886e+05 -5.38540304e+05 7.33448829e+05
 2.28022426e+05 -5.38541734e+05 7.33448826e+05
 2.28018965e+05 -5.38543163e+05 7.33448822e+05
 2.28015505e+05 -5.38544593e+05 7.33448819e+05
 2.28012102e+05 -5.38545999e+05 7.33448816e+05
 2.28008699e+05 -5.38547405e+05 7.33448812e+05
 2.28005296e+05 -5.38548810e+05 7.33448809e+05
 2.28001951e+05 -5.38550192e+05 7.33448806e+05
 2.27998606e+05 -5.38551574e+05 7.33448802e+05
 2.27995261e+05 -5.38552956e+05 7.33448799e+05
 2.27991915e+05 -5.38554338e+05 7.33448796e+05
 2.27988628e+05 -5.38555696e+05 7.33448793e+05
 2.27985341e+05 -5.38557054e+05 7.33448789e+05
 2.27982054e+05 -5.38558412e+05 7.33448786e+05
 2.27978766e+05 -5.38559770e+05 7.33448783e+05
 2.27975535e+05 -5.38561105e+05 7.33448780e+05
 2.27971844e+05 -5.38562630e+05 7.33448776e+05
 2.27968211e+05 -5.38564131e+05 7.33448772e+05
 2.27964577e+05 -5.38565632e+05 7.33448769e+05
 2.27960943e+05 -5.38567133e+05 7.33448765e+05
 2.27957310e+05 -5.38568634e+05 7.33448762e+05
 2.27953734e+05 -5.38570111e+05 7.33448758e+05
 2.27950158e+05 -5.38571588e+05 7.33448755e+05
 2.27946582e+05 -5.38573066e+05 7.33448751e+05
 2.27943064e+05 -5.38574519e+05 7.33448748e+05
 2.27939546e+05 -5.38575973e+05 7.33448744e+05
 2.27936028e+05 -5.38577426e+05 7.33448741e+05
 2.27932509e+05 -5.38578879e+05 7.33448737e+05
 2.27929049e+05 -5.38580309e+05 7.33448734e+05
 2.27925589e+05 -5.38581738e+05 7.33448730e+05
 2.27922128e+05 -5.38583168e+05 7.33448727e+05
 2.27918667e+05 -5.38584598e+05 7.33448723e+05
 2.27915264e+05 -5.38586003e+05 7.33448720e+05
 2.27911861e+05 -5.38587409e+05 7.33448716e+05
 2.27908459e+05 -5.38588815e+05 7.33448713e+05
 2.27905113e+05 -5.38590197e+05 7.33448710e+05
 2.27901768e+05 -5.38591579e+05 7.33448706e+05
 2.27898423e+05 -5.38592961e+05 7.33448703e+05
 2.27895078e+05 -5.38594343e+05 7.33448700e+05
 2.27891790e+05 -5.38595701e+05 7.33448696e+05
 2.27888041e+05 -5.38597250e+05 7.33448693e+05
 2.27884350e+05 -5.38598774e+05 7.33448689e+05
 2.27880659e+05 -5.38600299e+05 7.33448685e+05
 2.27876968e+05 -5.38601824e+05 7.33448682e+05
 2.27873276e+05 -5.38603349e+05 7.33448678e+05
 2.27869641e+05 -5.38604851e+05 7.33448674e+05
 2.27866009e+05 -5.38606351e+05 7.33448671e+05
 2.27862376e+05 -5.38607852e+05 7.33448667e+05
 2.27858742e+05 -5.38609353e+05 7.33448663e+05
 2.27855167e+05 -5.38610831e+05 7.33448660e+05
 2.27851590e+05 -5.38612308e+05 7.33448656e+05
 2.27848015e+05 -5.38613785e+05 7.33448652e+05
 2.27844497e+05 -5.38615238e+05 7.33448649e+05
 2.27840978e+05 -5.38616692e+05 7.33448645e+05
 2.27837460e+05 -5.38618145e+05 7.33448642e+05
 2.27833942e+05 -5.38619599e+05 7.33448638e+05
 2.27830481e+05 -5.38621028e+05 7.33448635e+05
 2.27827021e+05 -5.38622458e+05 7.33448631e+05
 2.27823560e+05 -5.38623888e+05 7.33448628e+05
 2.27820100e+05 -5.38625317e+05 7.33448624e+05
 2.27816697e+05 -5.38626723e+05 7.33448621e+05
 2.27813294e+05 -5.38628129e+05 7.33448617e+05
 2.27809892e+05 -5.38629534e+05 7.33448614e+05
 2.27806546e+05 -5.38630916e+05 7.33448611e+05
 2.27803201e+05 -5.38632298e+05 7.33448607e+05
 2.27799855e+05 -5.38633680e+05 7.33448604e+05
 2.27796510e+05 -5.38635062e+05 7.33448600e+05
 2.27793223e+05 -5.38636420e+05 7.33448597e+05
 2.27789935e+05 -5.38637778e+05 7.33448594e+05
 2.27786647e+05 -5.38639137e+05 7.33448590e+05
 2.27783360e+05 -5.38640495e+05 7.33448587e+05
 2.27780130e+05 -5.38641829e+05 7.33448584e+05
 2.27776900e+05 -5.38643163e+05 7.33448580e+05
 2.27773671e+05 -5.38644497e+05 7.33448577e+05
 2.27770498e+05 -5.38645808e+05 7.33448574e+05
 2.27767326e+05 -5.38647118e+05 7.33448571e+05
 2.27764154e+05 -5.38648429e+05 7.33448567e+05
 2.27760982e+05 -5.38649739e+05 7.33448564e+05
 2.27757867e+05 -5.38651026e+05 7.33448561e+05
 2.27754753e+05 -5.38652312e+05 7.33448558e+05
 2.27751639e+05 -5.38653599e+05 7.33448555e+05
 2.27748524e+05 -5.38654886e+05 7.33448551e+05
 2.27745467e+05 -5.38656149e+05 7.33448548e+05
 2.27742410e+05 -5.38657411e+05 7.33448545e+05
 2.27739354e+05 -5.38658674e+05 7.33448542e+05
 2.27736355e+05 -5.38659913e+05 7.33448539e+05
 2.27733356e+05 -5.38661152e+05 7.33448536e+05
 2.27730356e+05 -5.38662391e+05 7.33448533e+05
 2.27727357e+05 -5.38663630e+05 7.33448530e+05
 2.27724415e+05 -5.38664845e+05 7.33448527e+05
 2.27721012e+05 -5.38666251e+05 7.33448523e+05
 2.27717610e+05 -5.38667657e+05 7.33448520e+05
 2.27714207e+05 -5.38669063e+05 7.33448516e+05
 2.27710862e+05 -5.38670445e+05 7.33448513e+05
 2.27707517e+05 -5.38671826e+05 7.33448509e+05
 2.27704172e+05 -5.38673208e+05 7.33448506e+05
 2.27700827e+05 -5.38674590e+05 7.33448502e+05
 2.27697538e+05 -5.38675948e+05 7.33448499e+05
 2.27694251e+05 -5.38677306e+05 7.33448496e+05
 2.27690963e+05 -5.38678665e+05 7.33448492e+05
 2.27687676e+05 -5.38680023e+05 7.33448489e+05
 2.27684446e+05 -5.38681357e+05 7.33448485e+05
 2.27681216e+05 -5.38682691e+05 7.33448482e+05
 2.27677987e+05 -5.38684025e+05 7.33448479e+05
 2.27674815e+05 -5.38685336e+05 7.33448475e+05
 2.27671642e+05 -5.38686647e+05 7.33448472e+05
 2.27668470e+05 -5.38687957e+05 7.33448469e+05
 2.27665298e+05 -5.38689267e+05 7.33448466e+05
 2.27662183e+05 -5.38690554e+05 7.33448462e+05
 2.27659069e+05 -5.38691841e+05 7.33448459e+05
 2.27655955e+05 -5.38693127e+05 7.33448456e+05
 2.27652840e+05 -5.38694414e+05 7.33448453e+05
 2.27649783e+05 -5.38695677e+05 7.33448449e+05
 2.27646726e+05 -5.38696940e+05 7.33448446e+05
 2.27643669e+05 -5.38698202e+05 7.33448443e+05
 2.27640670e+05 -5.38699441e+05 7.33448440e+05
 2.27637210e+05 -5.38700871e+05 7.33448436e+05
 2.27633749e+05 -5.38702301e+05 7.33448433e+05
 2.27630289e+05 -5.38703730e+05 7.33448429e+05
 2.27626828e+05 -5.38705160e+05 7.33448426e+05
 2.27623425e+05 -5.38706565e+05 7.33448422e+05
 2.27620022e+05 -5.38707971e+05 7.33448418e+05
 2.27616620e+05 -5.38709377e+05 7.33448415e+05
 2.27613274e+05 -5.38710759e+05 7.33448411e+05
 2.27609929e+05 -5.38712141e+05 7.33448408e+05
 2.27606584e+05 -5.38713523e+05 7.33448404e+05
 2.27603239e+05 -5.38714905e+05 7.33448401e+05
 2.27599951e+05 -5.38716263e+05 7.33448397e+05
 2.27596664e+05 -5.38717621e+05 7.33448394e+05
 2.27593376e+05 -5.38718979e+05 7.33448390e+05
 2.27590089e+05 -5.38720337e+05 7.33448387e+05
 2.27586859e+05 -5.38721671e+05 7.33448384e+05
 2.27583629e+05 -5.38723006e+05 7.33448380e+05
 2.27580400e+05 -5.38724340e+05 7.33448377e+05
 2.27577227e+05 -5.38725650e+05 7.33448374e+05
 2.27574055e+05 -5.38726961e+05 7.33448370e+05
 2.27570883e+05 -5.38728271e+05 7.33448367e+05
 2.27567711e+05 -5.38729582e+05 7.33448363e+05
 2.27564596e+05 -5.38730868e+05 7.33448360e+05
 2.27561482e+05 -5.38732155e+05 7.33448357e+05
 2.27558367e+05 -5.38733442e+05 7.33448354e+05
 2.27554849e+05 -5.38734895e+05 7.33448350e+05
 2.27551331e+05 -5.38736349e+05 7.33448346e+05
 2.27547812e+05 -5.38737802e+05 7.33448342e+05
 2.27544294e+05 -5.38739255e+05 7.33448339e+05
 2.27540834e+05 -5.38740685e+05 7.33448335e+05
 2.27537373e+05 -5.38742115e+05 7.33448331e+05
 2.27533913e+05 -5.38743544e+05 7.33448328e+05
 2.27530452e+05 -5.38744974e+05 7.33448324e+05
 2.27527049e+05 -5.38746380e+05 7.33448320e+05
 2.27523646e+05 -5.38747785e+05 7.33448317e+05
 2.27520244e+05 -5.38749191e+05 7.33448313e+05
 2.27516898e+05 -5.38750573e+05 7.33448310e+05
 2.27513553e+05 -5.38751955e+05 7.33448306e+05
 2.27510208e+05 -5.38753337e+05 7.33448303e+05
 2.27506863e+05 -5.38754719e+05 7.33448299e+05
 2.27503575e+05 -5.38756077e+05 7.33448296e+05
 2.27500288e+05 -5.38757435e+05 7.33448292e+05
 2.27497000e+05 -5.38758793e+05 7.33448289e+05
 2.27493711e+05 -5.38760152e+05 7.33448285e+05
 2.27490483e+05 -5.38761486e+05 7.33448282e+05
 2.27487253e+05 -5.38762820e+05 7.33448278e+05
 2.27484023e+05 -5.38764154e+05 7.33448275e+05
 2.27480851e+05 -5.38765465e+05 7.33448271e+05
 2.27477679e+05 -5.38766775e+05 7.33448268e+05
 2.27474045e+05 -5.38768276e+05 7.33448264e+05
 2.27470469e+05 -5.38769753e+05 7.33448260e+05
 2.27466894e+05 -5.38771231e+05 7.33448256e+05
 2.27463318e+05 -5.38772708e+05 7.33448253e+05
 2.27459799e+05 -5.38774161e+05 7.33448249e+05
 2.27456281e+05 -5.38775615e+05 7.33448245e+05
 2.27452763e+05 -5.38777068e+05 7.33448241e+05
 2.27449245e+05 -5.38778522e+05 7.33448237e+05
 2.27445784e+05 -5.38779951e+05 7.33448234e+05
 2.27442323e+05 -5.38781381e+05 7.33448230e+05
 2.27438863e+05 -5.38782810e+05 7.33448226e+05
 2.27435402e+05 -5.38784240e+05 7.33448223e+05
 2.27432000e+05 -5.38785645e+05 7.33448219e+05
 2.27428597e+05 -5.38787051e+05 7.33448215e+05
 2.27425194e+05 -5.38788457e+05 7.33448212e+05
 2.27421849e+05 -5.38789839e+05 7.33448208e+05
 2.27418503e+05 -5.38791221e+05 7.33448204e+05
 2.27415159e+05 -5.38792603e+05 7.33448201e+05
 2.27411813e+05 -5.38793985e+05 7.33448197e+05
 2.27408526e+05 -5.38795343e+05 7.33448194e+05
 2.27405238e+05 -5.38796701e+05 7.33448190e+05
 2.27401951e+05 -5.38798059e+05 7.33448187e+05
 2.27398663e+05 -5.38799417e+05 7.33448183e+05
 2.27395433e+05 -5.38800752e+05 7.33448179e+05
 2.27391742e+05 -5.38802277e+05 7.33448175e+05
 2.27388108e+05 -5.38803778e+05 7.33448172e+05
 2.27384475e+05 -5.38805279e+05 7.33448168e+05
 2.27380841e+05 -5.38806780e+05 7.33448164e+05
 2.27377208e+05 -5.38808281e+05 7.33448160e+05
 2.27373632e+05 -5.38809758e+05 7.33448156e+05
 2.27370056e+05 -5.38811235e+05 7.33448152e+05
 2.27366480e+05 -5.38812713e+05 7.33448148e+05
 2.27362962e+05 -5.38814166e+05 7.33448144e+05
 2.27359444e+05 -5.38815619e+05 7.33448140e+05
 2.27355926e+05 -5.38817073e+05 7.33448137e+05
 2.27352407e+05 -5.38818526e+05 7.33448133e+05
 2.27348947e+05 -5.38819956e+05 7.33448129e+05
 2.27345486e+05 -5.38821386e+05 7.33448125e+05
 2.27342026e+05 -5.38822815e+05 7.33448121e+05
 2.27338565e+05 -5.38824245e+05 7.33448118e+05
 2.27335162e+05 -5.38825650e+05 7.33448114e+05
 2.27331759e+05 -5.38827056e+05 7.33448110e+05
 2.27328356e+05 -5.38828462e+05 7.33448106e+05
 2.27325011e+05 -5.38829844e+05 7.33448103e+05
 2.27321666e+05 -5.38831226e+05 7.33448099e+05
 2.27318321e+05 -5.38832608e+05 7.33448095e+05
 2.27314976e+05 -5.38833990e+05 7.33448092e+05
 2.27311688e+05 -5.38835348e+05 7.33448088e+05
 2.27307939e+05 -5.38836897e+05 7.33448084e+05
 2.27304248e+05 -5.38838421e+05 7.33448080e+05
 2.27300557e+05 -5.38839946e+05 7.33448076e+05
 2.27296866e+05 -5.38841471e+05 7.33448072e+05
 2.27293174e+05 -5.38842996e+05 7.33448068e+05
 2.27289541e+05 -5.38844497e+05 7.33448064e+05
 2.27285907e+05 -5.38845998e+05 7.33448060e+05
 2.27282274e+05 -5.38847499e+05 7.33448056e+05
 2.27278640e+05 -5.38849000e+05 7.33448052e+05
 2.27275064e+05 -5.38850478e+05 7.33448048e+05
 2.27271488e+05 -5.38851955e+05 7.33448044e+05
 2.27267913e+05 -5.38853432e+05 7.33448040e+05
 2.27264394e+05 -5.38854886e+05 7.33448036e+05
 2.27260876e+05 -5.38856339e+05 7.33448032e+05
 2.27257358e+05 -5.38857792e+05 7.33448028e+05
 2.27253840e+05 -5.38859246e+05 7.33448025e+05
 2.27250379e+05 -5.38860675e+05 7.33448021e+05
 2.27246918e+05 -5.38862105e+05 7.33448017e+05
 2.27243458e+05 -5.38863535e+05 7.33448013e+05
 2.27239997e+05 -5.38864964e+05 7.33448009e+05
 2.27236595e+05 -5.38866370e+05 7.33448005e+05
 2.27233192e+05 -5.38867776e+05 7.33448002e+05
 2.27229789e+05 -5.38869182e+05 7.33447998e+05
 2.27226444e+05 -5.38870563e+05 7.33447994e+05
 2.27223099e+05 -5.38871945e+05 7.33447990e+05
 2.27219753e+05 -5.38873327e+05 7.33447987e+05
 2.27216408e+05 -5.38874709e+05 7.33447983e+05
 2.27213121e+05 -5.38876067e+05 7.33447979e+05
 2.27209833e+05 -5.38877426e+05 7.33447976e+05
 2.27206546e+05 -5.38878784e+05 7.33447972e+05
 2.27203258e+05 -5.38880142e+05 7.33447968e+05
 2.27200028e+05 -5.38881476e+05 7.33447965e+05
 2.27196798e+05 -5.38882810e+05 7.33447961e+05
 2.27193568e+05 -5.38884145e+05 7.33447958e+05
 2.27190397e+05 -5.38885455e+05 7.33447954e+05
 2.27187224e+05 -5.38886766e+05 7.33447950e+05
 2.27184052e+05 -5.38888076e+05 7.33447947e+05
 2.27180880e+05 -5.38889386e+05 7.33447943e+05
 2.27177765e+05 -5.38890673e+05 7.33447940e+05
 2.27174651e+05 -5.38891960e+05 7.33447936e+05
 2.27171536e+05 -5.38893246e+05 7.33447933e+05
 2.27168422e+05 -5.38894533e+05 7.33447929e+05
 2.27165365e+05 -5.38895796e+05 7.33447926e+05
 2.27162308e+05 -5.38897059e+05 7.33447923e+05
 2.27159251e+05 -5.38898321e+05 7.33447919e+05
 2.27156253e+05 -5.38899560e+05 7.33447916e+05
 2.27153253e+05 -5.38900800e+05 7.33447912e+05
 2.27150254e+05 -5.38902038e+05 7.33447909e+05
 2.27147255e+05 -5.38903277e+05 7.33447906e+05
 2.27144314e+05 -5.38904493e+05 7.33447902e+05
 2.27140910e+05 -5.38905899e+05 7.33447899e+05
 2.27137508e+05 -5.38907304e+05 7.33447895e+05
 2.27134105e+05 -5.38908710e+05 7.33447891e+05
 2.27130759e+05 -5.38910092e+05 7.33447887e+05
 2.27127414e+05 -5.38911474e+05 7.33447883e+05
 2.27124069e+05 -5.38912856e+05 7.33447880e+05
 2.27120724e+05 -5.38914238e+05 7.33447876e+05
 2.27117436e+05 -5.38915596e+05 7.33447872e+05
 2.27114149e+05 -5.38916954e+05 7.33447868e+05
 2.27110861e+05 -5.38918312e+05 7.33447865e+05
 2.27107574e+05 -5.38919670e+05 7.33447861e+05
 2.27104344e+05 -5.38921004e+05 7.33447857e+05
 2.27101114e+05 -5.38922339e+05 7.33447854e+05
 2.27097885e+05 -5.38923673e+05 7.33447850e+05
 2.27094712e+05 -5.38924983e+05 7.33447846e+05
 2.27091540e+05 -5.38926294e+05 7.33447843e+05
 2.27088368e+05 -5.38927604e+05 7.33447839e+05
 2.27085196e+05 -5.38928915e+05 7.33447836e+05
 2.27082081e+05 -5.38930202e+05 7.33447832e+05
 2.27078967e+05 -5.38931488e+05 7.33447829e+05
 2.27075853e+05 -5.38932775e+05 7.33447825e+05
 2.27072738e+05 -5.38934061e+05 7.33447822e+05
 2.27069681e+05 -5.38935324e+05 7.33447818e+05
 2.27066625e+05 -5.38936587e+05 7.33447815e+05
 2.27063567e+05 -5.38937850e+05 7.33447811e+05
 2.27060568e+05 -5.38939089e+05 7.33447808e+05
 2.27057108e+05 -5.38940518e+05 7.33447804e+05
 2.27053647e+05 -5.38941948e+05 7.33447800e+05
 2.27050187e+05 -5.38943378e+05 7.33447796e+05
 2.27046726e+05 -5.38944807e+05 7.33447792e+05
 2.27043323e+05 -5.38946213e+05 7.33447788e+05
 2.27039921e+05 -5.38947619e+05 7.33447784e+05
 2.27036518e+05 -5.38949025e+05 7.33447780e+05
 2.27033172e+05 -5.38950406e+05 7.33447776e+05
 2.27029827e+05 -5.38951788e+05 7.33447773e+05
 2.27026482e+05 -5.38953170e+05 7.33447769e+05
 2.27023137e+05 -5.38954552e+05 7.33447765e+05
 2.27019849e+05 -5.38955910e+05 7.33447761e+05
 2.27016562e+05 -5.38957268e+05 7.33447757e+05
 2.27013274e+05 -5.38958627e+05 7.33447754e+05
 2.27009987e+05 -5.38959985e+05 7.33447750e+05
 2.27006757e+05 -5.38961319e+05 7.33447746e+05
 2.27003527e+05 -5.38962653e+05 7.33447743e+05
 2.27000298e+05 -5.38963987e+05 7.33447739e+05
 2.26997125e+05 -5.38965298e+05 7.33447735e+05
 2.26993953e+05 -5.38966609e+05 7.33447732e+05
 2.26990781e+05 -5.38967919e+05 7.33447728e+05
 2.26987609e+05 -5.38969229e+05 7.33447724e+05
 2.26984494e+05 -5.38970516e+05 7.33447721e+05
 2.26981380e+05 -5.38971803e+05 7.33447717e+05
 2.26978265e+05 -5.38973089e+05 7.33447714e+05
 2.26974747e+05 -5.38974543e+05 7.33447709e+05
 2.26971229e+05 -5.38975996e+05 7.33447705e+05
 2.26967711e+05 -5.38977450e+05 7.33447701e+05
 2.26964192e+05 -5.38978903e+05 7.33447697e+05
 2.26960732e+05 -5.38980333e+05 7.33447693e+05
 2.26957271e+05 -5.38981762e+05 7.33447689e+05
 2.26953811e+05 -5.38983192e+05 7.33447685e+05
 2.26950350e+05 -5.38984621e+05 7.33447681e+05
 2.26946948e+05 -5.38986027e+05 7.33447677e+05
 2.26943544e+05 -5.38987433e+05 7.33447673e+05
 2.26940142e+05 -5.38988839e+05 7.33447669e+05
 2.26936796e+05 -5.38990221e+05 7.33447666e+05
 2.26933451e+05 -5.38991603e+05 7.33447662e+05
 2.26930106e+05 -5.38992985e+05 7.33447658e+05
 2.26926761e+05 -5.38994367e+05 7.33447654e+05
 2.26923474e+05 -5.38995725e+05 7.33447650e+05
 2.26920185e+05 -5.38997083e+05 7.33447646e+05
 2.26916898e+05 -5.38998441e+05 7.33447643e+05
 2.26913611e+05 -5.38999799e+05 7.33447639e+05
 2.26907151e+05 -5.39002468e+05 7.33447631e+05
 2.26903921e+05 -5.39003802e+05 7.33447627e+05
 2.26900749e+05 -5.39005112e+05 7.33447624e+05
 2.26897577e+05 -5.39006423e+05 7.33447620e+05
 2.26893943e+05 -5.39007924e+05 7.33447616e+05
 2.26890368e+05 -5.39009401e+05 7.33447612e+05
 2.26886791e+05 -5.39010879e+05 7.33447607e+05
 2.26883215e+05 -5.39012356e+05 7.33447603e+05
 2.26879697e+05 -5.39013809e+05 7.33447599e+05
 2.26876179e+05 -5.39015262e+05 7.33447595e+05
 2.26872661e+05 -5.39016716e+05 7.33447591e+05
 2.26869143e+05 -5.39018169e+05 7.33447587e+05
 2.26865682e+05 -5.39019599e+05 7.33447583e+05
 2.26862222e+05 -5.39021029e+05 7.33447579e+05
 2.26858761e+05 -5.39022458e+05 7.33447575e+05
 2.26855301e+05 -5.39023888e+05 7.33447571e+05
 2.26851898e+05 -5.39025293e+05 7.33447567e+05
 2.26848495e+05 -5.39026699e+05 7.33447563e+05
 2.26845093e+05 -5.39028105e+05 7.33447559e+05
 2.26841747e+05 -5.39029487e+05 7.33447555e+05
 2.26838402e+05 -5.39030869e+05 7.33447551e+05
 2.26835056e+05 -5.39032251e+05 7.33447547e+05
 2.26831711e+05 -5.39033633e+05 7.33447543e+05
 2.26828424e+05 -5.39034991e+05 7.33447539e+05
 2.26825137e+05 -5.39036349e+05 7.33447535e+05
 2.26821849e+05 -5.39037707e+05 7.33447531e+05
 2.26818561e+05 -5.39039065e+05 7.33447528e+05
 2.26815331e+05 -5.39040400e+05 7.33447524e+05
 2.26811641e+05 -5.39041924e+05 7.33447519e+05
 2.26808007e+05 -5.39043426e+05 7.33447515e+05
 2.26804373e+05 -5.39044927e+05 7.33447511e+05
 2.26800740e+05 -5.39046427e+05 7.33447507e+05
 2.26797106e+05 -5.39047929e+05 7.33447502e+05
 2.26793530e+05 -5.39049406e+05 7.33447498e+05
 2.26789954e+05 -5.39050883e+05 7.33447494e+05
 2.26786378e+05 -5.39052361e+05 7.33447490e+05
 2.26782860e+05 -5.39053814e+05 7.33447485e+05
 2.26779342e+05 -5.39055268e+05 7.33447481e+05
 2.26775824e+05 -5.39056721e+05 7.33447477e+05
 2.26772305e+05 -5.39058174e+05 7.33447473e+05
 2.26768845e+05 -5.39059604e+05 7.33447469e+05
 2.26765384e+05 -5.39061034e+05 7.33447465e+05
 2.26761924e+05 -5.39062463e+05 7.33447461e+05
 2.26758463e+05 -5.39063893e+05 7.33447456e+05
 2.26755060e+05 -5.39065299e+05 7.33447452e+05
 2.26751657e+05 -5.39066704e+05 7.33447448e+05
 2.26748255e+05 -5.39068110e+05 7.33447444e+05
 2.26744909e+05 -5.39069492e+05 7.33447440e+05
 2.26741565e+05 -5.39070874e+05 7.33447436e+05
 2.26738219e+05 -5.39072256e+05 7.33447432e+05
 2.26734873e+05 -5.39073638e+05 7.33447428e+05
 2.26731586e+05 -5.39074996e+05 7.33447424e+05
 2.26727837e+05 -5.39076545e+05 7.33447420e+05
 2.26724146e+05 -5.39078070e+05 7.33447416e+05
 2.26720455e+05 -5.39079595e+05 7.33447411e+05
 2.26716764e+05 -5.39081119e+05 7.33447407e+05
 2.26713072e+05 -5.39082644e+05 7.33447402e+05
 2.26709439e+05 -5.39084145e+05 7.33447398e+05
 2.26705806e+05 -5.39085646e+05 7.33447394e+05
 2.26702172e+05 -5.39087148e+05 7.33447389e+05
 2.26698538e+05 -5.39088649e+05 7.33447385e+05
 2.26694962e+05 -5.39090126e+05 7.33447381e+05
 2.26691386e+05 -5.39091603e+05 7.33447376e+05
 2.26687811e+05 -5.39093080e+05 7.33447372e+05
 2.26684292e+05 -5.39094534e+05 7.33447368e+05
 2.26680774e+05 -5.39095987e+05 7.33447364e+05
 2.26677256e+05 -5.39097441e+05 7.33447359e+05
 2.26673738e+05 -5.39098894e+05 7.33447355e+05
 2.26670277e+05 -5.39100324e+05 7.33447351e+05
 2.26666817e+05 -5.39101753e+05 7.33447347e+05
 2.26663356e+05 -5.39103183e+05 7.33447343e+05
 2.26659895e+05 -5.39104613e+05 7.33447339e+05
 2.26656493e+05 -5.39106018e+05 7.33447334e+05
 2.26653090e+05 -5.39107424e+05 7.33447330e+05
 2.26649687e+05 -5.39108830e+05 7.33447326e+05
 2.26646342e+05 -5.39110212e+05 7.33447322e+05
 2.26642997e+05 -5.39111594e+05 7.33447318e+05
 2.26639651e+05 -5.39112976e+05 7.33447314e+05
 2.26636306e+05 -5.39114358e+05 7.33447310e+05
 2.26633019e+05 -5.39115716e+05 7.33447306e+05
 2.26629732e+05 -5.39117074e+05 7.33447302e+05
 2.26626444e+05 -5.39118432e+05 7.33447298e+05
 2.26623156e+05 -5.39119790e+05 7.33447294e+05
 2.26619926e+05 -5.39121124e+05 7.33447290e+05
 2.26616697e+05 -5.39122459e+05 7.33447286e+05
 2.26613467e+05 -5.39123793e+05 7.33447283e+05
 2.26610295e+05 -5.39125103e+05 7.33447279e+05
 2.26607122e+05 -5.39126414e+05 7.33447275e+05
 2.26603950e+05 -5.39127724e+05 7.33447271e+05
 2.26600778e+05 -5.39129035e+05 7.33447267e+05
 2.26597664e+05 -5.39130321e+05 7.33447263e+05
 2.26594550e+05 -5.39131608e+05 7.33447260e+05
 2.26591434e+05 -5.39132895e+05 7.33447256e+05
 2.26588320e+05 -5.39134181e+05 7.33447252e+05
 2.26585263e+05 -5.39135444e+05 7.33447248e+05
 2.26582206e+05 -5.39136707e+05 7.33447245e+05
 2.26579150e+05 -5.39137970e+05 7.33447241e+05
 2.26576151e+05 -5.39139209e+05 7.33447237e+05
 2.26573151e+05 -5.39140448e+05 7.33447234e+05
 2.26570152e+05 -5.39141687e+05 7.33447230e+05
 2.26567153e+05 -5.39142926e+05 7.33447226e+05
 2.26564212e+05 -5.39144141e+05 7.33447223e+05
 2.26560809e+05 -5.39145547e+05 7.33447218e+05
 2.26557406e+05 -5.39146953e+05 7.33447214e+05
 2.26554004e+05 -5.39148358e+05 7.33447210e+05
 2.26550659e+05 -5.39149740e+05 7.33447206e+05
 2.26547313e+05 -5.39151122e+05 7.33447202e+05
 2.26543968e+05 -5.39152504e+05 7.33447198e+05
 2.26540622e+05 -5.39153886e+05 7.33447194e+05
 2.26537335e+05 -5.39155244e+05 7.33447190e+05
 2.26534047e+05 -5.39156602e+05 7.33447186e+05
 2.26530760e+05 -5.39157961e+05 7.33447182e+05
 2.26527472e+05 -5.39159319e+05 7.33447178e+05
 2.26524243e+05 -5.39160653e+05 7.33447174e+05
 2.26521012e+05 -5.39161987e+05 7.33447170e+05
 2.26517783e+05 -5.39163322e+05 7.33447166e+05
 2.26514610e+05 -5.39164632e+05 7.33447162e+05
 2.26511439e+05 -5.39165942e+05 7.33447158e+05
 2.26508267e+05 -5.39167253e+05 7.33447154e+05
 2.26505094e+05 -5.39168563e+05 7.33447150e+05
 2.26501980e+05 -5.39169850e+05 7.33447146e+05
 2.26498865e+05 -5.39171137e+05 7.33447143e+05
 2.26495751e+05 -5.39172423e+05 7.33447139e+05
 2.26492636e+05 -5.39173710e+05 7.33447135e+05
 2.26489579e+05 -5.39174973e+05 7.33447131e+05
 2.26486522e+05 -5.39176236e+05 7.33447127e+05
 2.26483466e+05 -5.39177498e+05 7.33447124e+05
 2.26480467e+05 -5.39178737e+05 7.33447120e+05
 2.26477006e+05 -5.39180167e+05 7.33447116e+05
 2.26473545e+05 -5.39181597e+05 7.33447111e+05
 2.26470085e+05 -5.39183026e+05 7.33447107e+05
 2.26466624e+05 -5.39184456e+05 7.33447103e+05
 2.26463222e+05 -5.39185862e+05 7.33447099e+05
 2.26459819e+05 -5.39187267e+05 7.33447094e+05
 2.26456416e+05 -5.39188673e+05 7.33447090e+05
 2.26453071e+05 -5.39190055e+05 7.33447086e+05
 2.26449725e+05 -5.39191437e+05 7.33447082e+05
 2.26446380e+05 -5.39192819e+05 7.33447078e+05
 2.26443035e+05 -5.39194201e+05 7.33447074e+05
 2.26439748e+05 -5.39195559e+05 7.33447070e+05
 2.26436460e+05 -5.39196917e+05 7.33447065e+05
 2.26433173e+05 -5.39198275e+05 7.33447061e+05
 2.26429885e+05 -5.39199633e+05 7.33447057e+05
 2.26426655e+05 -5.39200968e+05 7.33447053e+05
 2.26423425e+05 -5.39202302e+05 7.33447049e+05
 2.26420196e+05 -5.39203636e+05 7.33447045e+05
 2.26417023e+05 -5.39204947e+05 7.33447041e+05
 2.26413851e+05 -5.39206257e+05 7.33447037e+05
 2.26410679e+05 -5.39207568e+05 7.33447033e+05
 2.26407507e+05 -5.39208878e+05 7.33447029e+05
 2.26404392e+05 -5.39210165e+05 7.33447026e+05
 2.26401278e+05 -5.39211451e+05 7.33447022e+05
 2.26398163e+05 -5.39212738e+05 7.33447018e+05
 2.26394645e+05 -5.39214192e+05 7.33447013e+05
 2.26391127e+05 -5.39215645e+05 7.33447009e+05
 2.26387609e+05 -5.39217098e+05 7.33447005e+05
 2.26384091e+05 -5.39218552e+05 7.33447000e+05
 2.26380630e+05 -5.39219981e+05 7.33446996e+05
 2.26377170e+05 -5.39221411e+05 7.33446992e+05
 2.26373709e+05 -5.39222841e+05 7.33446987e+05
 2.26370249e+05 -5.39224270e+05 7.33446983e+05
 2.26366846e+05 -5.39225676e+05 7.33446979e+05
 2.26363443e+05 -5.39227082e+05 7.33446974e+05
 2.26360040e+05 -5.39228487e+05 7.33446970e+05
 2.26356695e+05 -5.39229870e+05 7.33446966e+05
 2.26353350e+05 -5.39231251e+05 7.33446962e+05
 2.26350004e+05 -5.39232634e+05 7.33446958e+05
 2.26346657e+05 -5.39234016e+05 7.33446953e+05
 2.26343372e+05 -5.39235374e+05 7.33446949e+05
 2.26340084e+05 -5.39236732e+05 7.33446945e+05
 2.26336797e+05 -5.39238090e+05 7.33446941e+05
 2.26333509e+05 -5.39239448e+05 7.33446937e+05
 2.26330279e+05 -5.39240782e+05 7.33446933e+05
 2.26327050e+05 -5.39242116e+05 7.33446929e+05
 2.26323820e+05 -5.39243451e+05 7.33446925e+05
 2.26320648e+05 -5.39244761e+05 7.33446921e+05
 2.26317475e+05 -5.39246072e+05 7.33446917e+05
 2.26313842e+05 -5.39247573e+05 7.33446912e+05
 2.26310267e+05 -5.39249050e+05 7.33446908e+05
 2.26306690e+05 -5.39250527e+05 7.33446903e+05
 2.26303114e+05 -5.39252005e+05 7.33446899e+05
 2.26299597e+05 -5.39253458e+05 7.33446894e+05
 2.26296078e+05 -5.39254911e+05 7.33446890e+05
 2.26292559e+05 -5.39256365e+05 7.33446885e+05
 2.26289041e+05 -5.39257818e+05 7.33446881e+05
 2.26285581e+05 -5.39259248e+05 7.33446876e+05
 2.26282120e+05 -5.39260678e+05 7.33446872e+05
 2.26278659e+05 -5.39262107e+05 7.33446868e+05
 2.26275200e+05 -5.39263536e+05 7.33446863e+05
 2.26271794e+05 -5.39264943e+05 7.33446859e+05
 2.26268393e+05 -5.39266348e+05 7.33446855e+05
 2.26264990e+05 -5.39267754e+05 7.33446850e+05
 2.26261645e+05 -5.39269136e+05 7.33446846e+05
 2.26258300e+05 -5.39270518e+05 7.33446842e+05
 2.26254955e+05 -5.39271900e+05 7.33446838e+05
 2.26251610e+05 -5.39273282e+05 7.33446833e+05
 2.26248322e+05 -5.39274640e+05 7.33446829e+05
 2.26245035e+05 -5.39275998e+05 7.33446825e+05
 2.26241747e+05 -5.39277356e+05 7.33446821e+05
 2.26238460e+05 -5.39278714e+05 7.33446817e+05
 2.26235231e+05 -5.39280048e+05 7.33446812e+05
 2.26231539e+05 -5.39281574e+05 7.33446808e+05
 2.26227905e+05 -5.39283075e+05 7.33446803e+05
 2.26224271e+05 -5.39284576e+05 7.33446798e+05
 2.26220638e+05 -5.39286077e+05 7.33446794e+05
 2.26217004e+05 -5.39287578e+05 7.33446789e+05
 2.26213429e+05 -5.39289055e+05 7.33446785e+05
 2.26209852e+05 -5.39290533e+05 7.33446780e+05
 2.26206277e+05 -5.39292010e+05 7.33446776e+05
 2.26202758e+05 -5.39293463e+05 7.33446771e+05
 2.26199240e+05 -5.39294917e+05 7.33446767e+05
 2.26195722e+05 -5.39296370e+05 7.33446762e+05
 2.26192205e+05 -5.39297823e+05 7.33446757e+05
 2.26188743e+05 -5.39299253e+05 7.33446753e+05
 2.26185283e+05 -5.39300683e+05 7.33446749e+05
 2.26181822e+05 -5.39302112e+05 7.33446744e+05
 2.26178362e+05 -5.39303542e+05 7.33446740e+05
 2.26174959e+05 -5.39304948e+05 7.33446735e+05
 2.26171556e+05 -5.39306353e+05 7.33446731e+05
 2.26168153e+05 -5.39307759e+05 7.33446727e+05
 2.26164808e+05 -5.39309141e+05 7.33446722e+05
 2.26161463e+05 -5.39310523e+05 7.33446718e+05
 2.26158118e+05 -5.39311905e+05 7.33446714e+05
 2.26154772e+05 -5.39313287e+05 7.33446709e+05
 2.26151485e+05 -5.39314645e+05 7.33446705e+05
 2.26147736e+05 -5.39316194e+05 7.33446700e+05
 2.26144045e+05 -5.39317719e+05 7.33446696e+05
 2.26140353e+05 -5.39319244e+05 7.33446691e+05
 2.26136662e+05 -5.39320769e+05 7.33446686e+05
 2.26132971e+05 -5.39322294e+05 7.33446681e+05
 2.26129337e+05 -5.39323795e+05 7.33446677e+05
 2.26125704e+05 -5.39325296e+05 7.33446672e+05
 2.26122070e+05 -5.39326797e+05 7.33446667e+05
 2.26118437e+05 -5.39328298e+05 7.33446663e+05
 2.26114861e+05 -5.39329775e+05 7.33446658e+05
 2.26111285e+05 -5.39331252e+05 7.33446653e+05
 2.26107709e+05 -5.39332730e+05 7.33446649e+05
 2.26104191e+05 -5.39334183e+05 7.33446644e+05
 2.26100673e+05 -5.39335637e+05 7.33446640e+05
 2.26097154e+05 -5.39337090e+05 7.33446635e+05
 2.26093636e+05 -5.39338543e+05 7.33446630e+05
 2.26090176e+05 -5.39339973e+05 7.33446626e+05
 2.26086715e+05 -5.39341403e+05 7.33446621e+05
 2.26083255e+05 -5.39342832e+05 7.33446617e+05
 2.26079794e+05 -5.39344262e+05 7.33446612e+05
 2.26076391e+05 -5.39345668e+05 7.33446608e+05
 2.26072988e+05 -5.39347073e+05 7.33446604e+05
 2.26069586e+05 -5.39348479e+05 7.33446599e+05
 2.26066240e+05 -5.39349861e+05 7.33446595e+05
 2.26062895e+05 -5.39351243e+05 7.33446590e+05
 2.26059550e+05 -5.39352625e+05 7.33446586e+05
 2.26056205e+05 -5.39354007e+05 7.33446582e+05
 2.26052917e+05 -5.39355365e+05 7.33446577e+05
 2.26049630e+05 -5.39356723e+05 7.33446573e+05
 2.26046342e+05 -5.39358081e+05 7.33446569e+05
 2.26043055e+05 -5.39359440e+05 7.33446565e+05
 2.26039825e+05 -5.39360774e+05 7.33446560e+05
 2.26036595e+05 -5.39362108e+05 7.33446556e+05
 2.26033365e+05 -5.39363443e+05 7.33446552e+05
 2.26030193e+05 -5.39364753e+05 7.33446548e+05
 2.26027021e+05 -5.39366063e+05 7.33446544e+05
 2.26023849e+05 -5.39367374e+05 7.33446539e+05
 2.26020677e+05 -5.39368684e+05 7.33446535e+05
 2.26017562e+05 -5.39369971e+05 7.33446531e+05
 2.26014447e+05 -5.39371258e+05 7.33446527e+05
 2.26011334e+05 -5.39372544e+05 7.33446523e+05
 2.26008218e+05 -5.39373831e+05 7.33446519e+05
 2.26005160e+05 -5.39375095e+05 7.33446515e+05
 2.26002105e+05 -5.39376357e+05 7.33446511e+05
 2.25999048e+05 -5.39377619e+05 7.33446507e+05
 2.25996049e+05 -5.39378858e+05 7.33446503e+05
 2.25993050e+05 -5.39380097e+05 7.33446499e+05
 2.25990051e+05 -5.39381336e+05 7.33446495e+05
 2.25987052e+05 -5.39382575e+05 7.33446491e+05
 2.25984110e+05 -5.39383790e+05 7.33446487e+05
 2.25980707e+05 -5.39385196e+05 7.33446483e+05
 2.25977305e+05 -5.39386602e+05 7.33446478e+05
 2.25973902e+05 -5.39388008e+05 7.33446474e+05
 2.25970556e+05 -5.39389390e+05 7.33446470e+05
 2.25967211e+05 -5.39390772e+05 7.33446465e+05
 2.25963866e+05 -5.39392154e+05 7.33446461e+05
 2.25960521e+05 -5.39393536e+05 7.33446456e+05
 2.25957234e+05 -5.39394894e+05 7.33446452e+05
 2.25953946e+05 -5.39396252e+05 7.33446448e+05
 2.25950658e+05 -5.39397610e+05 7.33446443e+05
 2.25947371e+05 -5.39398968e+05 7.33446439e+05
 2.25944141e+05 -5.39400303e+05 7.33446435e+05
 2.25940911e+05 -5.39401637e+05 7.33446430e+05
 2.25937681e+05 -5.39402971e+05 7.33446426e+05
 2.25934509e+05 -5.39404282e+05 7.33446422e+05
 2.25931337e+05 -5.39405592e+05 7.33446418e+05
 2.25928165e+05 -5.39406903e+05 7.33446413e+05
 2.25924993e+05 -5.39408213e+05 7.33446409e+05
 2.25921878e+05 -5.39409500e+05 7.33446405e+05
 2.25918764e+05 -5.39410786e+05 7.33446401e+05
 2.25915650e+05 -5.39412073e+05 7.33446397e+05
 2.25912535e+05 -5.39413360e+05 7.33446393e+05
 2.25909478e+05 -5.39414622e+05 7.33446389e+05
 2.25906421e+05 -5.39415885e+05 7.33446385e+05
 2.25903364e+05 -5.39417148e+05 7.33446381e+05
 2.25900365e+05 -5.39418387e+05 7.33446377e+05
 2.25896905e+05 -5.39419817e+05 7.33446372e+05
 2.25893444e+05 -5.39421246e+05 7.33446367e+05
 2.25889984e+05 -5.39422676e+05 7.33446363e+05
 2.25886523e+05 -5.39424106e+05 7.33446358e+05
 2.25883120e+05 -5.39425511e+05 7.33446354e+05
 2.25879717e+05 -5.39426917e+05 7.33446349e+05
 2.25876315e+05 -5.39428323e+05 7.33446345e+05
 2.25872969e+05 -5.39429705e+05 7.33446340e+05
 2.25869624e+05 -5.39431087e+05 7.33446336e+05
 2.25866279e+05 -5.39432469e+05 7.33446331e+05
 2.25862934e+05 -5.39433851e+05 7.33446327e+05
 2.25859646e+05 -5.39435209e+05 7.33446322e+05
 2.25856359e+05 -5.39436567e+05 7.33446318e+05
 2.25853071e+05 -5.39437925e+05 7.33446314e+05
 2.25849784e+05 -5.39439283e+05 7.33446309e+05
 2.25846554e+05 -5.39440618e+05 7.33446305e+05
 2.25843324e+05 -5.39441952e+05 7.33446301e+05
 2.25840094e+05 -5.39443286e+05 7.33446296e+05
 2.25836922e+05 -5.39444597e+05 7.33446292e+05
 2.25833750e+05 -5.39445907e+05 7.33446288e+05
 2.25830578e+05 -5.39447218e+05 7.33446283e+05
 2.25827406e+05 -5.39448528e+05 7.33446279e+05
 2.25824291e+05 -5.39449815e+05 7.33446275e+05
 2.25821177e+05 -5.39451101e+05 7.33446271e+05
 2.25818062e+05 -5.39452388e+05 7.33446267e+05
 2.25814542e+05 -5.39453842e+05 7.33446262e+05
 2.25811026e+05 -5.39455295e+05 7.33446257e+05
 2.25807508e+05 -5.39456748e+05 7.33446252e+05
 2.25803989e+05 -5.39458202e+05 7.33446248e+05
 2.25800529e+05 -5.39459631e+05 7.33446243e+05
 2.25797066e+05 -5.39461062e+05 7.33446238e+05
 2.25793608e+05 -5.39462491e+05 7.33446234e+05
 2.25790147e+05 -5.39463920e+05 7.33446229e+05
 2.25786744e+05 -5.39465326e+05 7.33446225e+05
 2.25783342e+05 -5.39466732e+05 7.33446220e+05
 2.25779939e+05 -5.39468137e+05 7.33446215e+05
 2.25776594e+05 -5.39469519e+05 7.33446211e+05
 2.25773248e+05 -5.39470901e+05 7.33446206e+05
 2.25769903e+05 -5.39472283e+05 7.33446202e+05
 2.25766558e+05 -5.39473665e+05 7.33446197e+05
 2.25763271e+05 -5.39475023e+05 7.33446193e+05
 2.25759983e+05 -5.39476382e+05 7.33446188e+05
 2.25756695e+05 -5.39477740e+05 7.33446184e+05
 2.25753408e+05 -5.39479098e+05 7.33446179e+05
 2.25750178e+05 -5.39480432e+05 7.33446175e+05
 2.25746949e+05 -5.39481766e+05 7.33446171e+05
 2.25743719e+05 -5.39483101e+05 7.33446166e+05
 2.25740546e+05 -5.39484411e+05 7.33446162e+05
 2.25737374e+05 -5.39485722e+05 7.33446158e+05
 2.25733741e+05 -5.39487223e+05 7.33446153e+05
 2.25730165e+05 -5.39488700e+05 7.33446148e+05
 2.25726589e+05 -5.39490177e+05 7.33446143e+05
 2.25723013e+05 -5.39491655e+05 7.33446138e+05
 2.25719495e+05 -5.39493108e+05 7.33446133e+05
 2.25715977e+05 -5.39494561e+05 7.33446129e+05
 2.25712459e+05 -5.39496015e+05 7.33446124e+05
 2.25708940e+05 -5.39497468e+05 7.33446119e+05
 2.25705479e+05 -5.39498898e+05 7.33446114e+05
 2.25702019e+05 -5.39500328e+05 7.33446110e+05
 2.25698559e+05 -5.39501757e+05 7.33446105e+05
 2.25695099e+05 -5.39503187e+05 7.33446100e+05
 2.25691695e+05 -5.39504593e+05 7.33446096e+05
 2.25688292e+05 -5.39505998e+05 7.33446091e+05
 2.25684889e+05 -5.39507404e+05 7.33446086e+05
 2.25681544e+05 -5.39508786e+05 7.33446082e+05
 2.25678199e+05 -5.39510168e+05 7.33446077e+05
 2.25674854e+05 -5.39511550e+05 7.33446073e+05
 2.25671509e+05 -5.39512932e+05 7.33446068e+05
 2.25668221e+05 -5.39514290e+05 7.33446064e+05
 2.25664934e+05 -5.39515648e+05 7.33446059e+05
 2.25661646e+05 -5.39517006e+05 7.33446055e+05
 2.25658358e+05 -5.39518365e+05 7.33446050e+05
 2.25655129e+05 -5.39519699e+05 7.33446046e+05
 2.25651438e+05 -5.39521224e+05 7.33446041e+05
 2.25647804e+05 -5.39522725e+05 7.33446036e+05
 2.25644170e+05 -5.39524226e+05 7.33446031e+05
 2.25640537e+05 -5.39525727e+05 7.33446026e+05
 2.25636903e+05 -5.39527228e+05 7.33446021e+05
 2.25633327e+05 -5.39528705e+05 7.33446016e+05
 2.25629751e+05 -5.39530183e+05 7.33446011e+05
 2.25626176e+05 -5.39531660e+05 7.33446006e+05
 2.25622657e+05 -5.39533113e+05 7.33446001e+05
 2.25619139e+05 -5.39534567e+05 7.33445996e+05
 2.25615621e+05 -5.39536020e+05 7.33445991e+05
 2.25612103e+05 -5.39537474e+05 7.33445987e+05
 2.25608642e+05 -5.39538903e+05 7.33445982e+05
 2.25605182e+05 -5.39540333e+05 7.33445977e+05
 2.25601721e+05 -5.39541763e+05 7.33445972e+05
 2.25598261e+05 -5.39543192e+05 7.33445968e+05
 2.25594858e+05 -5.39544598e+05 7.33445963e+05
 2.25591455e+05 -5.39546004e+05 7.33445958e+05
 2.25588052e+05 -5.39547410e+05 7.33445953e+05
 2.25584707e+05 -5.39548791e+05 7.33445949e+05
 2.25581362e+05 -5.39550173e+05 7.33445944e+05
 2.25578016e+05 -5.39551555e+05 7.33445940e+05
 2.25574671e+05 -5.39552937e+05 7.33445935e+05
 2.25571384e+05 -5.39554295e+05 7.33445930e+05
 2.25567635e+05 -5.39555844e+05 7.33445925e+05
 2.25563944e+05 -5.39557369e+05 7.33445920e+05
 2.25560252e+05 -5.39558894e+05 7.33445915e+05
 2.25556561e+05 -5.39560419e+05 7.33445910e+05
 2.25552870e+05 -5.39561944e+05 7.33445905e+05
 2.25549236e+05 -5.39563445e+05 7.33445900e+05
 2.25545603e+05 -5.39564946e+05 7.33445895e+05
 2.25541969e+05 -5.39566447e+05 7.33445890e+05
 2.25538336e+05 -5.39567948e+05 7.33445885e+05
 2.25534760e+05 -5.39569426e+05 7.33445880e+05
 2.25531184e+05 -5.39570903e+05 7.33445875e+05
 2.25527608e+05 -5.39572380e+05 7.33445870e+05
 2.25524090e+05 -5.39573834e+05 7.33445865e+05
 2.25520572e+05 -5.39575287e+05 7.33445860e+05
 2.25517053e+05 -5.39576740e+05 7.33445855e+05
 2.25513535e+05 -5.39578194e+05 7.33445850e+05
 2.25510075e+05 -5.39579623e+05 7.33445845e+05
 2.25506614e+05 -5.39581053e+05 7.33445840e+05
 2.25503154e+05 -5.39582483e+05 7.33445836e+05
 2.25499693e+05 -5.39583912e+05 7.33445831e+05
 2.25496290e+05 -5.39585318e+05 7.33445826e+05
 2.25492887e+05 -5.39586724e+05 7.33445821e+05
 2.25489485e+05 -5.39588130e+05 7.33445817e+05
 2.25486139e+05 -5.39589512e+05 7.33445812e+05
 2.25482794e+05 -5.39590893e+05 7.33445807e+05
 2.25479449e+05 -5.39592276e+05 7.33445803e+05
 2.25476104e+05 -5.39593657e+05 7.33445798e+05
 2.25472816e+05 -5.39595016e+05 7.33445793e+05
 2.25469529e+05 -5.39596374e+05 7.33445789e+05
 2.25466242e+05 -5.39597732e+05 7.33445784e+05
 2.25462954e+05 -5.39599090e+05 7.33445779e+05
 2.25459724e+05 -5.39600424e+05 7.33445775e+05
 2.25456494e+05 -5.39601759e+05 7.33445770e+05
 2.25453264e+05 -5.39603093e+05 7.33445766e+05
 2.25450093e+05 -5.39604403e+05 7.33445761e+05
 2.25446920e+05 -5.39605714e+05 7.33445757e+05
 2.25443748e+05 -5.39607024e+05 7.33445752e+05
 2.25440575e+05 -5.39608335e+05 7.33445748e+05
 2.25437461e+05 -5.39609621e+05 7.33445744e+05
 2.25434346e+05 -5.39610908e+05 7.33445739e+05
 2.25431232e+05 -5.39612195e+05 7.33445735e+05
 2.25428118e+05 -5.39613481e+05 7.33445731e+05
 2.25425061e+05 -5.39614744e+05 7.33445726e+05
 2.25422004e+05 -5.39616007e+05 7.33445722e+05
 2.25418947e+05 -5.39617270e+05 7.33445718e+05
 2.25415948e+05 -5.39618509e+05 7.33445713e+05
 2.25412949e+05 -5.39619748e+05 7.33445709e+05
 2.25409951e+05 -5.39620987e+05 7.33445705e+05
 2.25406951e+05 -5.39622226e+05 7.33445701e+05
 2.25404009e+05 -5.39623441e+05 7.33445697e+05
 2.25400606e+05 -5.39624847e+05 7.33445692e+05
 2.25397203e+05 -5.39626253e+05 7.33445687e+05
 2.25393801e+05 -5.39627658e+05 7.33445682e+05
 2.25390455e+05 -5.39629041e+05 7.33445677e+05
 2.25387110e+05 -5.39630422e+05 7.33445673e+05
 2.25383766e+05 -5.39631804e+05 7.33445668e+05
 2.25380420e+05 -5.39633186e+05 7.33445663e+05
 2.25377132e+05 -5.39634545e+05 7.33445659e+05
 2.25373845e+05 -5.39635903e+05 7.33445654e+05
 2.25370557e+05 -5.39637261e+05 7.33445649e+05
 2.25367270e+05 -5.39638619e+05 7.33445645e+05
 2.25364040e+05 -5.39639953e+05 7.33445640e+05
 2.25360811e+05 -5.39641287e+05 7.33445635e+05
 2.25357580e+05 -5.39642622e+05 7.33445631e+05
 2.25354409e+05 -5.39643932e+05 7.33445626e+05
 2.25351236e+05 -5.39645243e+05 7.33445622e+05
 2.25348064e+05 -5.39646553e+05 7.33445617e+05
 2.25344892e+05 -5.39647864e+05 7.33445613e+05
 2.25341777e+05 -5.39649150e+05 7.33445608e+05
 2.25338663e+05 -5.39650437e+05 7.33445604e+05
 2.25335548e+05 -5.39651724e+05 7.33445600e+05
 2.25332434e+05 -5.39653010e+05 7.33445595e+05
 2.25329377e+05 -5.39654273e+05 7.33445591e+05
 2.25326320e+05 -5.39655536e+05 7.33445586e+05
 2.25323263e+05 -5.39656799e+05 7.33445582e+05
 2.25320264e+05 -5.39658038e+05 7.33445578e+05
 2.25316804e+05 -5.39659467e+05 7.33445573e+05
 2.25313343e+05 -5.39660897e+05 7.33445568e+05
 2.25309883e+05 -5.39662327e+05 7.33445563e+05
 2.25306422e+05 -5.39663756e+05 7.33445558e+05
 2.25303019e+05 -5.39665162e+05 7.33445553e+05
 2.25299617e+05 -5.39666568e+05 7.33445548e+05
 2.25296214e+05 -5.39667973e+05 7.33445543e+05
 2.25292868e+05 -5.39669356e+05 7.33445539e+05
 2.25289521e+05 -5.39670738e+05 7.33445534e+05
 2.25286178e+05 -5.39672120e+05 7.33445529e+05
 2.25282833e+05 -5.39673502e+05 7.33445524e+05
 2.25279545e+05 -5.39674860e+05 7.33445520e+05
 2.25276258e+05 -5.39676218e+05 7.33445515e+05
 2.25272971e+05 -5.39677576e+05 7.33445510e+05
 2.25269683e+05 -5.39678934e+05 7.33445505e+05
 2.25266453e+05 -5.39680268e+05 7.33445501e+05
 2.25263223e+05 -5.39681603e+05 7.33445496e+05
 2.25259993e+05 -5.39682937e+05 7.33445492e+05
 2.25256821e+05 -5.39684247e+05 7.33445487e+05
 2.25253649e+05 -5.39685558e+05 7.33445482e+05
 2.25250477e+05 -5.39686868e+05 7.33445478e+05
 2.25247305e+05 -5.39688179e+05 7.33445473e+05
 2.25244190e+05 -5.39689466e+05 7.33445469e+05
 2.25241074e+05 -5.39690753e+05 7.33445464e+05
 2.25237961e+05 -5.39692039e+05 7.33445460e+05
 2.25234443e+05 -5.39693492e+05 7.33445455e+05
 2.25230925e+05 -5.39694946e+05 7.33445450e+05
 2.25227407e+05 -5.39696399e+05 7.33445445e+05
 2.25223889e+05 -5.39697853e+05 7.33445440e+05
 2.25220429e+05 -5.39699282e+05 7.33445435e+05
 2.25216968e+05 -5.39700712e+05 7.33445430e+05
 2.25213507e+05 -5.39702141e+05 7.33445425e+05
 2.25210046e+05 -5.39703571e+05 7.33445420e+05
 2.25206644e+05 -5.39704977e+05 7.33445415e+05
 2.25203240e+05 -5.39706383e+05 7.33445410e+05
 2.25199838e+05 -5.39707788e+05 7.33445405e+05
 2.25196492e+05 -5.39709171e+05 7.33445400e+05
 2.25193148e+05 -5.39710552e+05 7.33445395e+05
 2.25189803e+05 -5.39711934e+05 7.33445390e+05
 2.25186455e+05 -5.39713317e+05 7.33445386e+05
 2.25183170e+05 -5.39714674e+05 7.33445381e+05
 2.25179883e+05 -5.39716032e+05 7.33445376e+05
 2.25176594e+05 -5.39717391e+05 7.33445371e+05
 2.25173307e+05 -5.39718749e+05 7.33445367e+05
 2.25170077e+05 -5.39720083e+05 7.33445362e+05
 2.25166848e+05 -5.39721417e+05 7.33445357e+05
 2.25163617e+05 -5.39722752e+05 7.33445353e+05
 2.25160446e+05 -5.39724062e+05 7.33445348e+05
 2.25157273e+05 -5.39725373e+05 7.33445343e+05
 2.25153640e+05 -5.39726874e+05 7.33445338e+05
 2.25150062e+05 -5.39728352e+05 7.33445333e+05
 2.25146488e+05 -5.39729829e+05 7.33445328e+05
 2.25142912e+05 -5.39731306e+05 7.33445322e+05
 2.25139394e+05 -5.39732759e+05 7.33445317e+05
 2.25135876e+05 -5.39734212e+05 7.33445312e+05
 2.25132357e+05 -5.39735666e+05 7.33445307e+05
 2.25128839e+05 -5.39737120e+05 7.33445302e+05
 2.25125379e+05 -5.39738549e+05 7.33445297e+05
 2.25121918e+05 -5.39739979e+05 7.33445292e+05
 2.25118457e+05 -5.39741408e+05 7.33445287e+05
 2.25114997e+05 -5.39742838e+05 7.33445282e+05
 2.25111594e+05 -5.39744244e+05 7.33445277e+05
 2.25108191e+05 -5.39745650e+05 7.33445272e+05
 2.25104788e+05 -5.39747055e+05 7.33445267e+05
 2.25101444e+05 -5.39748437e+05 7.33445262e+05
 2.25098098e+05 -5.39749819e+05 7.33445257e+05
 2.25094754e+05 -5.39751201e+05 7.33445252e+05
 2.25091408e+05 -5.39752583e+05 7.33445247e+05
 2.25088120e+05 -5.39753941e+05 7.33445243e+05
 2.25084833e+05 -5.39755300e+05 7.33445238e+05
 2.25081545e+05 -5.39756658e+05 7.33445233e+05
 2.25078258e+05 -5.39758016e+05 7.33445228e+05
 2.25075028e+05 -5.39759350e+05 7.33445223e+05
 2.25071337e+05 -5.39760875e+05 7.33445218e+05
 2.25067703e+05 -5.39762376e+05 7.33445213e+05
 2.25064070e+05 -5.39763877e+05 7.33445207e+05
 2.25060436e+05 -5.39765378e+05 7.33445202e+05
 2.25056802e+05 -5.39766879e+05 7.33445197e+05
 2.25053226e+05 -5.39768357e+05 7.33445191e+05
 2.25049651e+05 -5.39769834e+05 7.33445186e+05
 2.25046076e+05 -5.39771311e+05 7.33445181e+05
 2.25042557e+05 -5.39772765e+05 7.33445176e+05
 2.25039038e+05 -5.39774218e+05 7.33445171e+05
 2.25035520e+05 -5.39775672e+05 7.33445165e+05
 2.25032002e+05 -5.39777125e+05 7.33445160e+05
 2.25028541e+05 -5.39778555e+05 7.33445155e+05
 2.25025081e+05 -5.39779984e+05 7.33445150e+05
 2.25021620e+05 -5.39781414e+05 7.33445145e+05
 2.25018160e+05 -5.39782843e+05 7.33445140e+05
 2.25014757e+05 -5.39784249e+05 7.33445135e+05
 2.25011354e+05 -5.39785655e+05 7.33445130e+05
 2.25007952e+05 -5.39787061e+05 7.33445125e+05
 2.25004606e+05 -5.39788443e+05 7.33445120e+05
 2.25001261e+05 -5.39789825e+05 7.33445115e+05
 2.24997916e+05 -5.39791207e+05 7.33445110e+05
 2.24994571e+05 -5.39792589e+05 7.33445105e+05
 2.24991283e+05 -5.39793947e+05 7.33445100e+05
 2.24987534e+05 -5.39795496e+05 7.33445095e+05
 2.24983843e+05 -5.39797021e+05 7.33445089e+05
 2.24980152e+05 -5.39798545e+05 7.33445084e+05
 2.24976461e+05 -5.39800070e+05 7.33445078e+05
 2.24972769e+05 -5.39801595e+05 7.33445073e+05
 2.24969136e+05 -5.39803096e+05 7.33445067e+05
 2.24965502e+05 -5.39804598e+05 7.33445062e+05
 2.24961869e+05 -5.39806099e+05 7.33445056e+05
 2.24958235e+05 -5.39807600e+05 7.33445051e+05
 2.24954659e+05 -5.39809077e+05 7.33445046e+05
 2.24951084e+05 -5.39810554e+05 7.33445040e+05
 2.24947507e+05 -5.39812032e+05 7.33445035e+05
 2.24943989e+05 -5.39813485e+05 7.33445030e+05
 2.24940471e+05 -5.39814938e+05 7.33445025e+05
 2.24936953e+05 -5.39816392e+05 7.33445019e+05
 2.24933435e+05 -5.39817845e+05 7.33445014e+05
 2.24929975e+05 -5.39819275e+05 7.33445009e+05
 2.24926513e+05 -5.39820705e+05 7.33445004e+05
 2.24923053e+05 -5.39822134e+05 7.33444999e+05
 2.24919592e+05 -5.39823564e+05 7.33444994e+05
 2.24916190e+05 -5.39824970e+05 7.33444989e+05
 2.24912787e+05 -5.39826375e+05 7.33444983e+05
 2.24909384e+05 -5.39827781e+05 7.33444978e+05
 2.24906039e+05 -5.39829163e+05 7.33444973e+05
 2.24902694e+05 -5.39830545e+05 7.33444968e+05
 2.24899348e+05 -5.39831927e+05 7.33444963e+05
 2.24896004e+05 -5.39833309e+05 7.33444958e+05
 2.24892716e+05 -5.39834667e+05 7.33444953e+05
 2.24889428e+05 -5.39836025e+05 7.33444949e+05
 2.24886141e+05 -5.39837383e+05 7.33444944e+05
 2.24882853e+05 -5.39838742e+05 7.33444939e+05
 2.24879623e+05 -5.39840076e+05 7.33444934e+05
 2.24876393e+05 -5.39841410e+05 7.33444929e+05
 2.24873164e+05 -5.39842744e+05 7.33444924e+05
 2.24869991e+05 -5.39844055e+05 7.33444919e+05
 2.24866819e+05 -5.39845366e+05 7.33444915e+05
 2.24863647e+05 -5.39846676e+05 7.33444910e+05
 2.24860475e+05 -5.39847986e+05 7.33444905e+05
 2.24857360e+05 -5.39849273e+05 7.33444900e+05
 2.24854246e+05 -5.39850560e+05 7.33444896e+05
 2.24851132e+05 -5.39851846e+05 7.33444891e+05
 2.24848017e+05 -5.39853133e+05 7.33444886e+05
 2.24844960e+05 -5.39854396e+05 7.33444882e+05
 2.24841904e+05 -5.39855658e+05 7.33444877e+05
 2.24838846e+05 -5.39856922e+05 7.33444873e+05
 2.24835847e+05 -5.39858161e+05 7.33444868e+05
 2.24832848e+05 -5.39859400e+05 7.33444864e+05
 2.24829849e+05 -5.39860639e+05 7.33444859e+05
 2.24826850e+05 -5.39861878e+05 7.33444855e+05
 2.24823909e+05 -5.39863093e+05 7.33444850e+05
 2.24820506e+05 -5.39864499e+05 7.33444845e+05
 2.24817103e+05 -5.39865904e+05 7.33444840e+05
 2.24813700e+05 -5.39867310e+05 7.33444835e+05
 2.24810355e+05 -5.39868692e+05 7.33444830e+05
 2.24807010e+05 -5.39870074e+05 7.33444825e+05
 2.24803664e+05 -5.39871456e+05 7.33444820e+05
 2.24800319e+05 -5.39872838e+05 7.33444815e+05
 2.24797032e+05 -5.39874196e+05 7.33444810e+05
 2.24793744e+05 -5.39875554e+05 7.33444805e+05
 2.24790457e+05 -5.39876913e+05 7.33444800e+05
 2.24787169e+05 -5.39878271e+05 7.33444795e+05
 2.24783940e+05 -5.39879605e+05 7.33444790e+05
 2.24780710e+05 -5.39880939e+05 7.33444785e+05
 2.24777480e+05 -5.39882274e+05 7.33444780e+05
 2.24774308e+05 -5.39883584e+05 7.33444775e+05
 2.24771135e+05 -5.39884895e+05 7.33444770e+05
 2.24767963e+05 -5.39886205e+05 7.33444766e+05
 2.24764791e+05 -5.39887516e+05 7.33444761e+05
 2.24761677e+05 -5.39888802e+05 7.33444756e+05
 2.24758562e+05 -5.39890089e+05 7.33444751e+05
 2.24755448e+05 -5.39891376e+05 7.33444747e+05
 2.24752333e+05 -5.39892662e+05 7.33444742e+05
 2.24749276e+05 -5.39893925e+05 7.33444737e+05
 2.24746220e+05 -5.39895188e+05 7.33444733e+05
 2.24743163e+05 -5.39896451e+05 7.33444728e+05
 2.24740164e+05 -5.39897690e+05 7.33444723e+05
 2.24736703e+05 -5.39899119e+05 7.33444718e+05
 2.24733243e+05 -5.39900549e+05 7.33444713e+05
 2.24729782e+05 -5.39901979e+05 7.33444708e+05
 2.24726322e+05 -5.39903408e+05 7.33444702e+05
 2.24722919e+05 -5.39904814e+05 7.33444697e+05
 2.24719516e+05 -5.39906220e+05 7.33444692e+05
 2.24716113e+05 -5.39907626e+05 7.33444687e+05
 2.24712768e+05 -5.39909008e+05 7.33444682e+05
 2.24709423e+05 -5.39910390e+05 7.33444677e+05
 2.24706078e+05 -5.39911771e+05 7.33444671e+05
 2.24702732e+05 -5.39913153e+05 7.33444666e+05
 2.24699445e+05 -5.39914512e+05 7.33444661e+05
 2.24696157e+05 -5.39915870e+05 7.33444656e+05
 2.24692870e+05 -5.39917228e+05 7.33444651e+05
 2.24689582e+05 -5.39918586e+05 7.33444646e+05
 2.24686353e+05 -5.39919920e+05 7.33444641e+05
 2.24683123e+05 -5.39921255e+05 7.33444636e+05
 2.24679893e+05 -5.39922589e+05 7.33444631e+05
 2.24676721e+05 -5.39923899e+05 7.33444627e+05
 2.24673549e+05 -5.39925210e+05 7.33444622e+05
 2.24670376e+05 -5.39926520e+05 7.33444617e+05
 2.24667204e+05 -5.39927831e+05 7.33444612e+05
 2.24664090e+05 -5.39929118e+05 7.33444607e+05
 2.24660976e+05 -5.39930404e+05 7.33444602e+05
 2.24657862e+05 -5.39931691e+05 7.33444598e+05
 2.24654343e+05 -5.39933144e+05 7.33444592e+05
 2.24650824e+05 -5.39934598e+05 7.33444587e+05
 2.24647306e+05 -5.39936051e+05 7.33444581e+05
 2.24643788e+05 -5.39937505e+05 7.33444576e+05
 2.24640328e+05 -5.39938934e+05 7.33444571e+05
 2.24636867e+05 -5.39940364e+05 7.33444565e+05
 2.24633407e+05 -5.39941794e+05 7.33444560e+05
 2.24629946e+05 -5.39943223e+05 7.33444555e+05
 2.24626544e+05 -5.39944629e+05 7.33444550e+05
 2.24623140e+05 -5.39946035e+05 7.33444544e+05
 2.24619737e+05 -5.39947441e+05 7.33444539e+05
 2.24616392e+05 -5.39948823e+05 7.33444534e+05
 2.24613048e+05 -5.39950204e+05 7.33444529e+05
 2.24609702e+05 -5.39951586e+05 7.33444524e+05
 2.24606357e+05 -5.39952968e+05 7.33444518e+05
 2.24603070e+05 -5.39954326e+05 7.33444513e+05
 2.24599782e+05 -5.39955684e+05 7.33444508e+05
 2.24596492e+05 -5.39957044e+05 7.33444503e+05
 2.24593207e+05 -5.39958401e+05 7.33444498e+05
 2.24589977e+05 -5.39959735e+05 7.33444493e+05
 2.24586747e+05 -5.39961070e+05 7.33444488e+05
 2.24583518e+05 -5.39962404e+05 7.33444483e+05
 2.24580345e+05 -5.39963714e+05 7.33444478e+05
 2.24577174e+05 -5.39965025e+05 7.33444473e+05
 2.24573539e+05 -5.39966526e+05 7.33444468e+05
 2.24569963e+05 -5.39968003e+05 7.33444462e+05
 2.24566387e+05 -5.39969481e+05 7.33444457e+05
 2.24562812e+05 -5.39970958e+05 7.33444451e+05
 2.24559293e+05 -5.39972411e+05 7.33444446e+05
 2.24555775e+05 -5.39973865e+05 7.33444440e+05
 2.24552257e+05 -5.39975318e+05 7.33444435e+05
 2.24548739e+05 -5.39976772e+05 7.33444429e+05
 2.24545278e+05 -5.39978201e+05 7.33444424e+05
 2.24541818e+05 -5.39979631e+05 7.33444419e+05
 2.24538357e+05 -5.39981061e+05 7.33444413e+05
 2.24534897e+05 -5.39982490e+05 7.33444408e+05
 2.24531494e+05 -5.39983896e+05 7.33444403e+05
 2.24528091e+05 -5.39985302e+05 7.33444397e+05
 2.24524688e+05 -5.39986708e+05 7.33444392e+05
 2.24521343e+05 -5.39988089e+05 7.33444387e+05
 2.24517998e+05 -5.39989472e+05 7.33444382e+05
 2.24514652e+05 -5.39990854e+05 7.33444376e+05
 2.24511307e+05 -5.39992236e+05 7.33444371e+05
 2.24508020e+05 -5.39993594e+05 7.33444366e+05
 2.24504732e+05 -5.39994952e+05 7.33444361e+05
 2.24501445e+05 -5.39996310e+05 7.33444356e+05
 2.24498157e+05 -5.39997668e+05 7.33444351e+05
 2.24494927e+05 -5.39999002e+05 7.33444346e+05
 2.24491234e+05 -5.40000528e+05 7.33444340e+05
 2.24487603e+05 -5.40002028e+05 7.33444334e+05
 2.24483969e+05 -5.40003530e+05 7.33444328e+05
 2.24480336e+05 -5.40005031e+05 7.33444323e+05
 2.24476702e+05 -5.40006532e+05 7.33444317e+05
 2.24473126e+05 -5.40008009e+05 7.33444311e+05
 2.24469550e+05 -5.40009486e+05 7.33444306e+05
 2.24465974e+05 -5.40010964e+05 7.33444300e+05
 2.24462456e+05 -5.40012417e+05 7.33444295e+05
 2.24458938e+05 -5.40013870e+05 7.33444289e+05
 2.24455420e+05 -5.40015324e+05 7.33444284e+05
 2.24451902e+05 -5.40016777e+05 7.33444278e+05
 2.24448439e+05 -5.40018208e+05 7.33444273e+05
 2.24444981e+05 -5.40019636e+05 7.33444267e+05
 2.24441520e+05 -5.40021066e+05 7.33444262e+05
 2.24438059e+05 -5.40022496e+05 7.33444256e+05
 2.24434657e+05 -5.40023902e+05 7.33444251e+05
 2.24431254e+05 -5.40025307e+05 7.33444246e+05
 2.24427851e+05 -5.40026713e+05 7.33444240e+05
 2.24424506e+05 -5.40028095e+05 7.33444235e+05
 2.24421161e+05 -5.40029477e+05 7.33444230e+05
 2.24417815e+05 -5.40030859e+05 7.33444225e+05
 2.24414471e+05 -5.40032241e+05 7.33444219e+05
 2.24411183e+05 -5.40033599e+05 7.33444214e+05
 2.24407432e+05 -5.40035149e+05 7.33444208e+05
 2.24403743e+05 -5.40036673e+05 7.33444203e+05
 2.24400051e+05 -5.40038198e+05 7.33444197e+05
 2.24396361e+05 -5.40039723e+05 7.33444191e+05
 2.24392669e+05 -5.40041248e+05 7.33444185e+05
 2.24389035e+05 -5.40042749e+05 7.33444179e+05
 2.24385402e+05 -5.40044250e+05 7.33444174e+05
 2.24381769e+05 -5.40045751e+05 7.33444168e+05
 2.24378135e+05 -5.40047252e+05 7.33444162e+05
 2.24374559e+05 -5.40048729e+05 7.33444156e+05
 2.24370984e+05 -5.40050207e+05 7.33444151e+05
 2.24367407e+05 -5.40051684e+05 7.33444145e+05
 2.24363890e+05 -5.40053137e+05 7.33444140e+05
 2.24360371e+05 -5.40054591e+05 7.33444134e+05
 2.24356853e+05 -5.40056044e+05 7.33444128e+05
 2.24353334e+05 -5.40057498e+05 7.33444123e+05
 2.24349874e+05 -5.40058928e+05 7.33444117e+05
 2.24346414e+05 -5.40060357e+05 7.33444112e+05
 2.24342953e+05 -5.40061787e+05 7.33444106e+05
 2.24339493e+05 -5.40063216e+05 7.33444101e+05
 2.24336090e+05 -5.40064622e+05 7.33444095e+05
 2.24332686e+05 -5.40066028e+05 7.33444090e+05
 2.24329283e+05 -5.40067434e+05 7.33444085e+05
 2.24325939e+05 -5.40068816e+05 7.33444079e+05
 2.24322593e+05 -5.40070198e+05 7.33444074e+05
 2.24319249e+05 -5.40071579e+05 7.33444069e+05
 2.24315904e+05 -5.40072961e+05 7.33444063e+05
 2.24312616e+05 -5.40074320e+05 7.33444058e+05
 2.24309328e+05 -5.40075678e+05 7.33444053e+05
 2.24306040e+05 -5.40077036e+05 7.33444048e+05
 2.24302754e+05 -5.40078394e+05 7.33444042e+05
 2.24299524e+05 -5.40079728e+05 7.33444037e+05
 2.24296293e+05 -5.40081063e+05 7.33444032e+05
 2.24293063e+05 -5.40082397e+05 7.33444027e+05
 2.24289891e+05 -5.40083708e+05 7.33444022e+05
 2.24286719e+05 -5.40085018e+05 7.33444017e+05
 2.24283547e+05 -5.40086329e+05 7.33444012e+05
 2.24280375e+05 -5.40087639e+05 7.33444007e+05
 2.24277260e+05 -5.40088926e+05 7.33444002e+05
 2.24274146e+05 -5.40090213e+05 7.33443997e+05
 2.24271031e+05 -5.40091499e+05 7.33443992e+05
 2.24267917e+05 -5.40092786e+05 7.33443987e+05
 2.24264860e+05 -5.40094049e+05 7.33443982e+05
 2.24261803e+05 -5.40095311e+05 7.33443977e+05
 2.24258746e+05 -5.40096574e+05 7.33443972e+05
 2.24255747e+05 -5.40097813e+05 7.33443967e+05
 2.24252749e+05 -5.40099052e+05 7.33443963e+05
 2.24249749e+05 -5.40100291e+05 7.33443958e+05
 2.24246750e+05 -5.40101530e+05 7.33443953e+05
 2.24243808e+05 -5.40102746e+05 7.33443948e+05
 2.24240406e+05 -5.40104151e+05 7.33443943e+05
 2.24237003e+05 -5.40105557e+05 7.33443937e+05
 2.24233600e+05 -5.40106963e+05 7.33443932e+05
 2.24230255e+05 -5.40108345e+05 7.33443927e+05
 2.24226909e+05 -5.40109727e+05 7.33443921e+05
 2.24223564e+05 -5.40111109e+05 7.33443916e+05
 2.24220219e+05 -5.40112491e+05 7.33443910e+05
 2.24216932e+05 -5.40113849e+05 7.33443905e+05
 2.24213644e+05 -5.40115207e+05 7.33443900e+05
 2.24210358e+05 -5.40116565e+05 7.33443895e+05
 2.24207069e+05 -5.40117924e+05 7.33443889e+05
 2.24203839e+05 -5.40119258e+05 7.33443884e+05
 2.24200610e+05 -5.40120592e+05 7.33443879e+05
 2.24197380e+05 -5.40121926e+05 7.33443874e+05
 2.24194205e+05 -5.40123238e+05 7.33443869e+05
 2.24191035e+05 -5.40124547e+05 7.33443864e+05
 2.24187863e+05 -5.40125858e+05 7.33443858e+05
 2.24184691e+05 -5.40127168e+05 7.33443853e+05
 2.24181577e+05 -5.40128455e+05 7.33443848e+05
 2.24178462e+05 -5.40129742e+05 7.33443843e+05
 2.24175348e+05 -5.40131028e+05 7.33443838e+05
 2.24172233e+05 -5.40132315e+05 7.33443833e+05
 2.24169176e+05 -5.40133578e+05 7.33443828e+05
 2.24166120e+05 -5.40134841e+05 7.33443823e+05
 2.24163063e+05 -5.40136104e+05 7.33443818e+05
 2.24160064e+05 -5.40137343e+05 7.33443814e+05
 2.24156603e+05 -5.40138772e+05 7.33443808e+05
 2.24153141e+05 -5.40140203e+05 7.33443802e+05
 2.24149682e+05 -5.40141632e+05 7.33443797e+05
 2.24146222e+05 -5.40143061e+05 7.33443791e+05
 2.24142819e+05 -5.40144467e+05 7.33443786e+05
 2.24139416e+05 -5.40145873e+05 7.33443780e+05
 2.24136013e+05 -5.40147279e+05 7.33443775e+05
 2.24132668e+05 -5.40148661e+05 7.33443769e+05
 2.24129321e+05 -5.40150043e+05 7.33443764e+05
 2.24125977e+05 -5.40151424e+05 7.33443758e+05
 2.24122632e+05 -5.40152806e+05 7.33443753e+05
 2.24119345e+05 -5.40154165e+05 7.33443748e+05
 2.24116058e+05 -5.40155522e+05 7.33443742e+05
 2.24112770e+05 -5.40156881e+05 7.33443737e+05
 2.24109483e+05 -5.40158239e+05 7.33443732e+05
 2.24106253e+05 -5.40159573e+05 7.33443726e+05
 2.24103023e+05 -5.40160908e+05 7.33443721e+05
 2.24099791e+05 -5.40162243e+05 7.33443716e+05
 2.24096621e+05 -5.40163552e+05 7.33443711e+05
 2.24093449e+05 -5.40164863e+05 7.33443705e+05
 2.24090277e+05 -5.40166173e+05 7.33443700e+05
 2.24087104e+05 -5.40167484e+05 7.33443695e+05
 2.24083990e+05 -5.40168770e+05 7.33443690e+05
 2.24080876e+05 -5.40170057e+05 7.33443685e+05
 2.24077761e+05 -5.40171344e+05 7.33443680e+05
 2.24074243e+05 -5.40172797e+05 7.33443674e+05
 2.24070724e+05 -5.40174251e+05 7.33443668e+05
 2.24067206e+05 -5.40175704e+05 7.33443663e+05
 2.24063689e+05 -5.40177158e+05 7.33443657e+05
 2.24060228e+05 -5.40178587e+05 7.33443651e+05
 2.24056767e+05 -5.40180017e+05 7.33443646e+05
 2.24053307e+05 -5.40181446e+05 7.33443640e+05
 2.24049846e+05 -5.40182876e+05 7.33443634e+05
 2.24046444e+05 -5.40184282e+05 7.33443629e+05
 2.24043041e+05 -5.40185688e+05 7.33443623e+05
 2.24039638e+05 -5.40187093e+05 7.33443618e+05
 2.24036293e+05 -5.40188475e+05 7.33443612e+05
 2.24032947e+05 -5.40189858e+05 7.33443607e+05
 2.24029602e+05 -5.40191240e+05 7.33443601e+05
 2.24026257e+05 -5.40192621e+05 7.33443596e+05
 2.24022969e+05 -5.40193980e+05 7.33443590e+05
 2.24019682e+05 -5.40195338e+05 7.33443585e+05
 2.24016394e+05 -5.40196696e+05 7.33443580e+05
 2.24013107e+05 -5.40198054e+05 7.33443574e+05
 2.24009877e+05 -5.40199389e+05 7.33443569e+05
 2.24006647e+05 -5.40200723e+05 7.33443564e+05
 2.24003417e+05 -5.40202057e+05 7.33443558e+05
 2.24000245e+05 -5.40203368e+05 7.33443553e+05
 2.23997073e+05 -5.40204678e+05 7.33443548e+05
 2.23993439e+05 -5.40206179e+05 7.33443542e+05
 2.23989863e+05 -5.40207657e+05 7.33443536e+05
 2.23986288e+05 -5.40209134e+05 7.33443530e+05
 2.23982711e+05 -5.40210611e+05 7.33443524e+05
 2.23979194e+05 -5.40212065e+05 7.33443518e+05
 2.23975675e+05 -5.40213518e+05 7.33443513e+05
 2.23972157e+05 -5.40214972e+05 7.33443507e+05
 2.23968639e+05 -5.40216425e+05 7.33443501e+05
 2.23965178e+05 -5.40217855e+05 7.33443495e+05
 2.23961718e+05 -5.40219284e+05 7.33443490e+05
 2.23958257e+05 -5.40220714e+05 7.33443484e+05
 2.23954797e+05 -5.40222144e+05 7.33443478e+05
 2.23951394e+05 -5.40223549e+05 7.33443473e+05
 2.23947991e+05 -5.40224955e+05 7.33443467e+05
 2.23944586e+05 -5.40226362e+05 7.33443461e+05
 2.23941241e+05 -5.40227744e+05 7.33443456e+05
 2.23937898e+05 -5.40229125e+05 7.33443450e+05
 2.23934553e+05 -5.40230507e+05 7.33443445e+05
 2.23931207e+05 -5.40231889e+05 7.33443439e+05
 2.23927920e+05 -5.40233247e+05 7.33443434e+05
 2.23924632e+05 -5.40234605e+05 7.33443428e+05
 2.23921345e+05 -5.40235963e+05 7.33443423e+05
 2.23918055e+05 -5.40237322e+05 7.33443418e+05
 2.23914828e+05 -5.40238656e+05 7.33443412e+05
 2.23911136e+05 -5.40240181e+05 7.33443406e+05
 2.23907503e+05 -5.40241682e+05 7.33443400e+05
 2.23903867e+05 -5.40243184e+05 7.33443394e+05
 2.23900236e+05 -5.40244684e+05 7.33443388e+05
 2.23896602e+05 -5.40246185e+05 7.33443382e+05
 2.23893026e+05 -5.40247662e+05 7.33443376e+05
 2.23889450e+05 -5.40249140e+05 7.33443370e+05
 2.23885874e+05 -5.40250617e+05 7.33443364e+05
 2.23882354e+05 -5.40252071e+05 7.33443358e+05
 2.23878838e+05 -5.40253524e+05 7.33443352e+05
 2.23875320e+05 -5.40254977e+05 7.33443347e+05
 2.23871802e+05 -5.40256431e+05 7.33443341e+05
 2.23868341e+05 -5.40257860e+05 7.33443335e+05
 2.23864881e+05 -5.40259290e+05 7.33443329e+05
 2.23861421e+05 -5.40260720e+05 7.33443323e+05
 2.23857960e+05 -5.40262149e+05 7.33443318e+05
 2.23854557e+05 -5.40263555e+05 7.33443312e+05
 2.23851154e+05 -5.40264961e+05 7.33443306e+05
 2.23847749e+05 -5.40266368e+05 7.33443301e+05
 2.23844404e+05 -5.40267750e+05 7.33443295e+05
 2.23841061e+05 -5.40269130e+05 7.33443290e+05
 2.23837716e+05 -5.40270512e+05 7.33443284e+05
 2.23834370e+05 -5.40271895e+05 7.33443278e+05
 2.23831083e+05 -5.40273253e+05 7.33443273e+05
 2.23827334e+05 -5.40274801e+05 7.33443267e+05
 2.23823643e+05 -5.40276326e+05 7.33443260e+05
 2.23819952e+05 -5.40277851e+05 7.33443254e+05
 2.23816261e+05 -5.40279376e+05 7.33443248e+05
 2.23812569e+05 -5.40280901e+05 7.33443242e+05
 2.23808936e+05 -5.40282402e+05 7.33443236e+05
 2.23805302e+05 -5.40283904e+05 7.33443230e+05
 2.23801669e+05 -5.40285404e+05 7.33443224e+05
 2.23798035e+05 -5.40286906e+05 7.33443218e+05
 2.23794459e+05 -5.40288383e+05 7.33443212e+05
 2.23790884e+05 -5.40289860e+05 7.33443206e+05
 2.23787308e+05 -5.40291337e+05 7.33443200e+05
 2.23783790e+05 -5.40292791e+05 7.33443194e+05
 2.23780271e+05 -5.40294244e+05 7.33443188e+05
 2.23776753e+05 -5.40295698e+05 7.33443182e+05
 2.23773235e+05 -5.40297151e+05 7.33443176e+05
 2.23769774e+05 -5.40298581e+05 7.33443170e+05
 2.23766313e+05 -5.40300011e+05 7.33443164e+05
 2.23762853e+05 -5.40301440e+05 7.33443158e+05
 2.23759393e+05 -5.40302870e+05 7.33443153e+05
 2.23755989e+05 -5.40304276e+05 7.33443147e+05
 2.23752587e+05 -5.40305681e+05 7.33443141e+05
 2.23749184e+05 -5.40307088e+05 7.33443135e+05
 2.23745838e+05 -5.40308470e+05 7.33443130e+05
 2.23742494e+05 -5.40309851e+05 7.33443124e+05
 2.23739149e+05 -5.40311233e+05 7.33443119e+05
 2.23735803e+05 -5.40312615e+05 7.33443113e+05
 2.23732515e+05 -5.40313974e+05 7.33443107e+05
 2.23729228e+05 -5.40315332e+05 7.33443102e+05
 2.23725940e+05 -5.40316690e+05 7.33443096e+05
 2.23722654e+05 -5.40318048e+05 7.33443091e+05
 2.23719423e+05 -5.40319382e+05 7.33443085e+05
 2.23716193e+05 -5.40320717e+05 7.33443080e+05
 2.23712963e+05 -5.40322051e+05 7.33443074e+05
 2.23709791e+05 -5.40323362e+05 7.33443069e+05
 2.23706619e+05 -5.40324672e+05 7.33443064e+05
 2.23703447e+05 -5.40325983e+05 7.33443058e+05
 2.23700276e+05 -5.40327293e+05 7.33443053e+05
 2.23697160e+05 -5.40328580e+05 7.33443048e+05
 2.23694046e+05 -5.40329866e+05 7.33443042e+05
 2.23690931e+05 -5.40331153e+05 7.33443037e+05
 2.23687815e+05 -5.40332441e+05 7.33443032e+05
 2.23684760e+05 -5.40333703e+05 7.33443027e+05
 2.23681703e+05 -5.40334965e+05 7.33443021e+05
 2.23678644e+05 -5.40336229e+05 7.33443016e+05
 2.23675645e+05 -5.40337468e+05 7.33443011e+05
 2.23672648e+05 -5.40338706e+05 7.33443006e+05
 2.23669649e+05 -5.40339945e+05 7.33443001e+05
 2.23666648e+05 -5.40341185e+05 7.33442996e+05
 2.23663709e+05 -5.40342399e+05 7.33442991e+05
 2.23660306e+05 -5.40343805e+05 7.33442985e+05
 2.23656903e+05 -5.40345211e+05 7.33442979e+05
 2.23653500e+05 -5.40346617e+05 7.33442974e+05
 2.23650155e+05 -5.40347999e+05 7.33442968e+05
 2.23646810e+05 -5.40349381e+05 7.33442962e+05
 2.23643465e+05 -5.40350763e+05 7.33442956e+05
 2.23640119e+05 -5.40352145e+05 7.33442951e+05
 2.23636832e+05 -5.40353503e+05 7.33442945e+05
 2.23633545e+05 -5.40354861e+05 7.33442940e+05
 2.23630256e+05 -5.40356220e+05 7.33442934e+05
 2.23626967e+05 -5.40357578e+05 7.33442928e+05
 2.23623740e+05 -5.40358912e+05 7.33442923e+05
 2.23620510e+05 -5.40360246e+05 7.33442917e+05
 2.23617280e+05 -5.40361580e+05 7.33442912e+05
 2.23614108e+05 -5.40362891e+05 7.33442906e+05
 2.23610936e+05 -5.40364201e+05 7.33442901e+05
 2.23607763e+05 -5.40365512e+05 7.33442896e+05
 2.23604591e+05 -5.40366822e+05 7.33442890e+05
 2.23601477e+05 -5.40368109e+05 7.33442885e+05
 2.23598362e+05 -5.40369396e+05 7.33442880e+05
 2.23595248e+05 -5.40370682e+05 7.33442874e+05
 2.23592133e+05 -5.40371969e+05 7.33442869e+05
 2.23589077e+05 -5.40373232e+05 7.33442864e+05
 2.23586020e+05 -5.40374495e+05 7.33442858e+05
 2.23582964e+05 -5.40375757e+05 7.33442853e+05
 2.23579964e+05 -5.40376997e+05 7.33442848e+05
 2.23576503e+05 -5.40378426e+05 7.33442842e+05
 2.23573043e+05 -5.40379856e+05 7.33442836e+05
 2.23569582e+05 -5.40381286e+05 7.33442830e+05
 2.23566122e+05 -5.40382715e+05 7.33442824e+05
 2.23562719e+05 -5.40384121e+05 7.33442819e+05
 2.23559316e+05 -5.40385527e+05 7.33442813e+05
 2.23555913e+05 -5.40386933e+05 7.33442807e+05
 2.23552568e+05 -5.40388315e+05 7.33442801e+05
 2.23549223e+05 -5.40389697e+05 7.33442795e+05
 2.23545878e+05 -5.40391079e+05 7.33442790e+05
 2.23542533e+05 -5.40392460e+05 7.33442784e+05
 2.23539245e+05 -5.40393819e+05 7.33442778e+05
 2.23535958e+05 -5.40395177e+05 7.33442773e+05
 2.23532670e+05 -5.40396535e+05 7.33442767e+05
 2.23529381e+05 -5.40397894e+05 7.33442761e+05
 2.23526153e+05 -5.40399227e+05 7.33442756e+05
 2.23522923e+05 -5.40400562e+05 7.33442750e+05
 2.23519693e+05 -5.40401896e+05 7.33442745e+05
 2.23516519e+05 -5.40403207e+05 7.33442739e+05
 2.23513349e+05 -5.40404517e+05 7.33442734e+05
 2.23510176e+05 -5.40405828e+05 7.33442728e+05
 2.23507005e+05 -5.40407138e+05 7.33442723e+05
 2.23503891e+05 -5.40408425e+05 7.33442717e+05
 2.23500776e+05 -5.40409711e+05 7.33442712e+05
 2.23497662e+05 -5.40410998e+05 7.33442707e+05
 2.23494144e+05 -5.40412451e+05 7.33442701e+05
 2.23490625e+05 -5.40413905e+05 7.33442694e+05
 2.23487107e+05 -5.40415358e+05 7.33442688e+05
 2.23483589e+05 -5.40416812e+05 7.33442682e+05
 2.23480128e+05 -5.40418242e+05 7.33442676e+05
 2.23473207e+05 -5.40421101e+05 7.33442664e+05
 2.23469746e+05 -5.40422531e+05 7.33442658e+05
 2.23466344e+05 -5.40423936e+05 7.33442653e+05
 2.23462940e+05 -5.40425342e+05 7.33442647e+05
 2.23459537e+05 -5.40426748e+05 7.33442641e+05
 2.23456192e+05 -5.40428130e+05 7.33442635e+05
 2.23452847e+05 -5.40429512e+05 7.33442629e+05
 2.23449502e+05 -5.40430894e+05 7.33442623e+05
 2.23446157e+05 -5.40432276e+05 7.33442618e+05
 2.23442870e+05 -5.40433634e+05 7.33442612e+05
 2.23439582e+05 -5.40434992e+05 7.33442606e+05
 2.23436294e+05 -5.40436350e+05 7.33442600e+05
 2.23433005e+05 -5.40437709e+05 7.33442595e+05
 2.23429775e+05 -5.40439044e+05 7.33442589e+05
 2.23426547e+05 -5.40440377e+05 7.33442584e+05
 2.23423317e+05 -5.40441712e+05 7.33442578e+05
 2.23420145e+05 -5.40443022e+05 7.33442572e+05
 2.23416971e+05 -5.40444333e+05 7.33442567e+05
 2.23413339e+05 -5.40445834e+05 7.33442561e+05
 2.23409764e+05 -5.40447311e+05 7.33442554e+05
 2.23406188e+05 -5.40448788e+05 7.33442548e+05
 2.23402612e+05 -5.40450266e+05 7.33442542e+05
 2.23399092e+05 -5.40451720e+05 7.33442536e+05
 2.23395575e+05 -5.40453172e+05 7.33442530e+05
 2.23392057e+05 -5.40454626e+05 7.33442523e+05
 2.23388540e+05 -5.40456079e+05 7.33442517e+05
 2.23385078e+05 -5.40457509e+05 7.33442511e+05
 2.23381618e+05 -5.40458939e+05 7.33442505e+05
 2.23378157e+05 -5.40460368e+05 7.33442499e+05
 2.23374697e+05 -5.40461798e+05 7.33442493e+05
 2.23371294e+05 -5.40463204e+05 7.33442487e+05
 2.23367891e+05 -5.40464610e+05 7.33442481e+05
 2.23364488e+05 -5.40466015e+05 7.33442475e+05
 2.23361143e+05 -5.40467397e+05 7.33442470e+05
 2.23357798e+05 -5.40468779e+05 7.33442464e+05
 2.23354453e+05 -5.40470161e+05 7.33442458e+05
 2.23351108e+05 -5.40471543e+05 7.33442452e+05
 2.23347820e+05 -5.40472901e+05 7.33442446e+05
 2.23344531e+05 -5.40474260e+05 7.33442440e+05
 2.23341246e+05 -5.40475618e+05 7.33442435e+05
 2.23337958e+05 -5.40476976e+05 7.33442429e+05
 2.23334729e+05 -5.40478310e+05 7.33442423e+05
 2.23331037e+05 -5.40479835e+05 7.33442417e+05
 2.23327404e+05 -5.40481336e+05 7.33442410e+05
 2.23323770e+05 -5.40482837e+05 7.33442404e+05
 2.23320137e+05 -5.40484338e+05 7.33442398e+05
 2.23316503e+05 -5.40485839e+05 7.33442391e+05
 2.23312927e+05 -5.40487317e+05 7.33442385e+05
 2.23309351e+05 -5.40488794e+05 7.33442379e+05
 2.23305775e+05 -5.40490272e+05 7.33442372e+05
 2.23302257e+05 -5.40491725e+05 7.33442366e+05
 2.23298739e+05 -5.40493178e+05 7.33442360e+05
 2.23295221e+05 -5.40494632e+05 7.33442354e+05
 2.23291702e+05 -5.40496085e+05 7.33442348e+05
 2.23288242e+05 -5.40497515e+05 7.33442342e+05
 2.23284781e+05 -5.40498945e+05 7.33442336e+05
 2.23281318e+05 -5.40500375e+05 7.33442329e+05
 2.23277861e+05 -5.40501804e+05 7.33442323e+05
 2.23274458e+05 -5.40503209e+05 7.33442317e+05
 2.23271052e+05 -5.40504616e+05 7.33442311e+05
 2.23267652e+05 -5.40506021e+05 7.33442305e+05
 2.23264304e+05 -5.40507404e+05 7.33442299e+05
 2.23260962e+05 -5.40508785e+05 7.33442294e+05
 2.23257617e+05 -5.40510167e+05 7.33442288e+05
 2.23254271e+05 -5.40511549e+05 7.33442282e+05
 2.23250984e+05 -5.40512907e+05 7.33442276e+05
 2.23247235e+05 -5.40514456e+05 7.33442269e+05
 2.23243544e+05 -5.40515981e+05 7.33442263e+05
 2.23239853e+05 -5.40517506e+05 7.33442256e+05
 2.23236161e+05 -5.40519031e+05 7.33442250e+05
 2.23232470e+05 -5.40520556e+05 7.33442243e+05
 2.23228836e+05 -5.40522057e+05 7.33442237e+05
 2.23225202e+05 -5.40523558e+05 7.33442230e+05
 2.23221569e+05 -5.40525059e+05 7.33442224e+05
 2.23217935e+05 -5.40526560e+05 7.33442217e+05
 2.23214359e+05 -5.40528038e+05 7.33442211e+05
 2.23210783e+05 -5.40529515e+05 7.33442205e+05
 2.23207208e+05 -5.40530992e+05 7.33442198e+05
 2.23203690e+05 -5.40532446e+05 7.33442192e+05
 2.23200172e+05 -5.40533899e+05 7.33442186e+05
 2.23196653e+05 -5.40535353e+05 7.33442180e+05
 2.23193135e+05 -5.40536806e+05 7.33442173e+05
 2.23189674e+05 -5.40538236e+05 7.33442167e+05
 2.23186214e+05 -5.40539666e+05 7.33442161e+05
 2.23182751e+05 -5.40541096e+05 7.33442155e+05
 2.23179293e+05 -5.40542525e+05 7.33442149e+05
 2.23175890e+05 -5.40543931e+05 7.33442143e+05
 2.23172485e+05 -5.40545337e+05 7.33442137e+05
 2.23169084e+05 -5.40546742e+05 7.33442131e+05
 2.23165739e+05 -5.40548124e+05 7.33442125e+05
 2.23162392e+05 -5.40549507e+05 7.33442119e+05
 2.23159046e+05 -5.40550889e+05 7.33442113e+05
 2.23155703e+05 -5.40552270e+05 7.33442107e+05
 2.23152416e+05 -5.40553628e+05 7.33442101e+05
 2.23149126e+05 -5.40554987e+05 7.33442095e+05
 2.23145841e+05 -5.40556345e+05 7.33442089e+05
 2.23142553e+05 -5.40557703e+05 7.33442083e+05
 2.23139321e+05 -5.40559038e+05 7.33442078e+05
 2.23136092e+05 -5.40560372e+05 7.33442072e+05
 2.23132862e+05 -5.40561707e+05 7.33442066e+05
 2.23129690e+05 -5.40563017e+05 7.33442060e+05
 2.23126518e+05 -5.40564328e+05 7.33442055e+05
 2.23123347e+05 -5.40565637e+05 7.33442049e+05
 2.23120175e+05 -5.40566948e+05 7.33442043e+05
 2.23117061e+05 -5.40568235e+05 7.33442038e+05
 2.23113944e+05 -5.40569522e+05 7.33442032e+05
 2.23110832e+05 -5.40570808e+05 7.33442027e+05
 2.23107717e+05 -5.40572095e+05 7.33442021e+05
 2.23104661e+05 -5.40573357e+05 7.33442016e+05
 2.23101604e+05 -5.40574620e+05 7.33442010e+05
 2.23098547e+05 -5.40575883e+05 7.33442005e+05
 2.23095548e+05 -5.40577122e+05 7.33441999e+05
 2.23092547e+05 -5.40578362e+05 7.33441994e+05
 2.23089548e+05 -5.40579601e+05 7.33441989e+05
 2.23086549e+05 -5.40580840e+05 7.33441983e+05
 2.23083607e+05 -5.40582055e+05 7.33441978e+05
 2.23080207e+05 -5.40583460e+05 7.33441972e+05
 2.23076803e+05 -5.40584866e+05 7.33441966e+05
 2.23073401e+05 -5.40586272e+05 7.33441960e+05
 2.23070053e+05 -5.40587655e+05 7.33441954e+05
 2.23066708e+05 -5.40589037e+05 7.33441948e+05
 2.23063365e+05 -5.40590418e+05 7.33441942e+05
 2.23060020e+05 -5.40591800e+05 7.33441936e+05
 2.23056730e+05 -5.40593159e+05 7.33441930e+05
 2.23053446e+05 -5.40594516e+05 7.33441924e+05
 2.23050157e+05 -5.40595874e+05 7.33441918e+05
 2.23046868e+05 -5.40597233e+05 7.33441912e+05
 2.23043638e+05 -5.40598568e+05 7.33441906e+05
 2.23040411e+05 -5.40599901e+05 7.33441900e+05
 2.23037181e+05 -5.40601235e+05 7.33441895e+05
 2.23034008e+05 -5.40602546e+05 7.33441889e+05
 2.23030836e+05 -5.40603856e+05 7.33441883e+05
 2.23027665e+05 -5.40605167e+05 7.33441877e+05
 2.23024493e+05 -5.40606477e+05 7.33441872e+05
 2.23021378e+05 -5.40607764e+05 7.33441866e+05
 2.23018261e+05 -5.40609052e+05 7.33441860e+05
 2.23015149e+05 -5.40610337e+05 7.33441855e+05
 2.23012035e+05 -5.40611624e+05 7.33441849e+05
 2.23008978e+05 -5.40612887e+05 7.33441844e+05
 2.23005918e+05 -5.40614151e+05 7.33441838e+05
 2.23002864e+05 -5.40615412e+05 7.33441833e+05
 2.22999865e+05 -5.40616652e+05 7.33441827e+05
 2.22996405e+05 -5.40618081e+05 7.33441821e+05
 2.22992944e+05 -5.40619511e+05 7.33441815e+05
 2.22989484e+05 -5.40620940e+05 7.33441808e+05
 2.22986023e+05 -5.40622370e+05 7.33441802e+05
 2.22982620e+05 -5.40623776e+05 7.33441796e+05
 2.22979217e+05 -5.40625182e+05 7.33441790e+05
 2.22975812e+05 -5.40626589e+05 7.33441784e+05
 2.22972469e+05 -5.40627969e+05 7.33441778e+05
 2.22969122e+05 -5.40629353e+05 7.33441772e+05
 2.22965779e+05 -5.40630733e+05 7.33441765e+05
 2.22962431e+05 -5.40632117e+05 7.33441759e+05
 2.22959145e+05 -5.40633474e+05 7.33441753e+05
 2.22955859e+05 -5.40634832e+05 7.33441747e+05
 2.22952570e+05 -5.40636190e+05 7.33441741e+05
 2.22949283e+05 -5.40637548e+05 7.33441736e+05
 2.22946054e+05 -5.40638882e+05 7.33441730e+05
 2.22942824e+05 -5.40640217e+05 7.33441724e+05
 2.22939594e+05 -5.40641551e+05 7.33441718e+05
 2.22936422e+05 -5.40642862e+05 7.33441712e+05
 2.22933249e+05 -5.40644172e+05 7.33441706e+05
 2.22930078e+05 -5.40645483e+05 7.33441701e+05
 2.22926905e+05 -5.40646793e+05 7.33441695e+05
 2.22923791e+05 -5.40648080e+05 7.33441689e+05
 2.22920674e+05 -5.40649368e+05 7.33441683e+05
 2.22917562e+05 -5.40650653e+05 7.33441678e+05
 2.22914043e+05 -5.40652107e+05 7.33441671e+05
 2.22910525e+05 -5.40653560e+05 7.33441665e+05
 2.22907007e+05 -5.40655014e+05 7.33441659e+05
 2.22903490e+05 -5.40656467e+05 7.33441652e+05
 2.22900028e+05 -5.40657897e+05 7.33441646e+05
 2.22896566e+05 -5.40659327e+05 7.33441640e+05
 2.22893107e+05 -5.40660756e+05 7.33441633e+05
 2.22889645e+05 -5.40662187e+05 7.33441627e+05
 2.22886244e+05 -5.40663592e+05 7.33441621e+05
 2.22882841e+05 -5.40664998e+05 7.33441614e+05
 2.22879438e+05 -5.40666403e+05 7.33441608e+05
 2.22876091e+05 -5.40667786e+05 7.33441602e+05
 2.22872748e+05 -5.40669167e+05 7.33441596e+05
 2.22869401e+05 -5.40670550e+05 7.33441590e+05
 2.22866055e+05 -5.40671932e+05 7.33441584e+05
 2.22862768e+05 -5.40673290e+05 7.33441578e+05
 2.22859482e+05 -5.40674648e+05 7.33441572e+05
 2.22856195e+05 -5.40676006e+05 7.33441566e+05
 2.22852908e+05 -5.40677364e+05 7.33441560e+05
 2.22849678e+05 -5.40678698e+05 7.33441554e+05
 2.22846446e+05 -5.40680033e+05 7.33441548e+05
 2.22843216e+05 -5.40681368e+05 7.33441542e+05
 2.22840044e+05 -5.40682678e+05 7.33441536e+05
 2.22836872e+05 -5.40683989e+05 7.33441530e+05
 2.22833238e+05 -5.40685490e+05 7.33441524e+05
 2.22829662e+05 -5.40686967e+05 7.33441517e+05
 2.22826086e+05 -5.40688444e+05 7.33441511e+05
 2.22822511e+05 -5.40689922e+05 7.33441504e+05
 2.22818994e+05 -5.40691374e+05 7.33441497e+05
 2.22815474e+05 -5.40692829e+05 7.33441491e+05
 2.22811956e+05 -5.40694282e+05 7.33441485e+05
 2.22808438e+05 -5.40695736e+05 7.33441478e+05
 2.22804979e+05 -5.40697164e+05 7.33441472e+05
 2.22801519e+05 -5.40698594e+05 7.33441465e+05
 2.22798058e+05 -5.40700024e+05 7.33441459e+05
 2.22794598e+05 -5.40701453e+05 7.33441453e+05
 2.22791193e+05 -5.40702860e+05 7.33441446e+05
 2.22787790e+05 -5.40704266e+05 7.33441440e+05
 2.22784387e+05 -5.40705672e+05 7.33441434e+05
 2.22781045e+05 -5.40707053e+05 7.33441428e+05
 2.22777697e+05 -5.40708436e+05 7.33441421e+05
 2.22774352e+05 -5.40709818e+05 7.33441415e+05
 2.22771009e+05 -5.40711199e+05 7.33441409e+05
 2.22767722e+05 -5.40712557e+05 7.33441403e+05
 2.22764432e+05 -5.40713916e+05 7.33441397e+05
 2.22761144e+05 -5.40715274e+05 7.33441391e+05
 2.22757859e+05 -5.40716631e+05 7.33441385e+05
 2.22754629e+05 -5.40717966e+05 7.33441379e+05
 2.22750936e+05 -5.40719492e+05 7.33441372e+05
 2.22747304e+05 -5.40720992e+05 7.33441365e+05
 2.22743671e+05 -5.40722493e+05 7.33441359e+05
 2.22740037e+05 -5.40723994e+05 7.33441352e+05
 2.22736404e+05 -5.40725495e+05 7.33441345e+05
 2.22732825e+05 -5.40726973e+05 7.33441339e+05
 2.22729252e+05 -5.40728450e+05 7.33441332e+05
 2.22725676e+05 -5.40729927e+05 7.33441325e+05
 2.22722158e+05 -5.40731380e+05 7.33441319e+05
 2.22718639e+05 -5.40732834e+05 7.33441312e+05
 2.22715122e+05 -5.40734287e+05 7.33441306e+05
 2.22711603e+05 -5.40735741e+05 7.33441299e+05
 2.22708143e+05 -5.40737170e+05 7.33441293e+05
 2.22704683e+05 -5.40738600e+05 7.33441286e+05
 2.22701222e+05 -5.40740030e+05 7.33441280e+05
 2.22697761e+05 -5.40741459e+05 7.33441274e+05
 2.22694359e+05 -5.40742865e+05 7.33441267e+05
 2.22690956e+05 -5.40744271e+05 7.33441261e+05
 2.22687550e+05 -5.40745678e+05 7.33441255e+05
 2.22684208e+05 -5.40747059e+05 7.33441248e+05
 2.22680862e+05 -5.40748441e+05 7.33441242e+05
 2.22677517e+05 -5.40749823e+05 7.33441236e+05
 2.22674169e+05 -5.40751206e+05 7.33441230e+05
 2.22670885e+05 -5.40752563e+05 7.33441224e+05
 2.22667135e+05 -5.40754112e+05 7.33441217e+05
 2.22663444e+05 -5.40755637e+05 7.33441210e+05
 2.22659751e+05 -5.40757163e+05 7.33441203e+05
 2.22656061e+05 -5.40758687e+05 7.33441196e+05
 2.22652370e+05 -5.40760212e+05 7.33441189e+05
 2.22648737e+05 -5.40761713e+05 7.33441182e+05
 2.22645103e+05 -5.40763214e+05 7.33441175e+05
 2.22641467e+05 -5.40764716e+05 7.33441169e+05
 2.22637836e+05 -5.40766216e+05 7.33441162e+05
 2.22634260e+05 -5.40767694e+05 7.33441155e+05
 2.22630684e+05 -5.40769171e+05 7.33441149e+05
 2.22627108e+05 -5.40770648e+05 7.33441142e+05
 2.22623588e+05 -5.40772103e+05 7.33441135e+05
 2.22620070e+05 -5.40773556e+05 7.33441129e+05
 2.22616552e+05 -5.40775010e+05 7.33441122e+05
 2.22613034e+05 -5.40776463e+05 7.33441116e+05
 2.22609575e+05 -5.40777892e+05 7.33441109e+05
 2.22606115e+05 -5.40779321e+05 7.33441103e+05
 2.22602655e+05 -5.40780751e+05 7.33441096e+05
 2.22599191e+05 -5.40782182e+05 7.33441090e+05
 2.22595791e+05 -5.40783587e+05 7.33441083e+05
 2.22592388e+05 -5.40784992e+05 7.33441077e+05
 2.22588985e+05 -5.40786398e+05 7.33441070e+05
 2.22585638e+05 -5.40787781e+05 7.33441064e+05
 2.22582295e+05 -5.40789162e+05 7.33441058e+05
 2.22578947e+05 -5.40790545e+05 7.33441052e+05
 2.22575602e+05 -5.40791927e+05 7.33441045e+05
 2.22572315e+05 -5.40793285e+05 7.33441039e+05
 2.22569027e+05 -5.40794643e+05 7.33441033e+05
 2.22565740e+05 -5.40796001e+05 7.33441027e+05
 2.22562452e+05 -5.40797360e+05 7.33441021e+05
 2.22559222e+05 -5.40798694e+05 7.33441015e+05
 2.22555995e+05 -5.40800027e+05 7.33441008e+05
 2.22552763e+05 -5.40801363e+05 7.33441002e+05
 2.22549591e+05 -5.40802673e+05 7.33440996e+05
 2.22546419e+05 -5.40803984e+05 7.33440990e+05
 2.22543249e+05 -5.40805293e+05 7.33440985e+05
 2.22540076e+05 -5.40806604e+05 7.33440979e+05
 2.22536962e+05 -5.40807890e+05 7.33440973e+05
 2.22533845e+05 -5.40809178e+05 7.33440967e+05
 2.22530733e+05 -5.40810464e+05 7.33440961e+05
 2.22527616e+05 -5.40811751e+05 7.33440955e+05
 2.22524560e+05 -5.40813014e+05 7.33440949e+05
 2.22521503e+05 -5.40814277e+05 7.33440944e+05
 2.22518449e+05 -5.40815539e+05 7.33440938e+05
 2.22515447e+05 -5.40816779e+05 7.33440932e+05
 2.22512448e+05 -5.40818018e+05 7.33440926e+05
 2.22509451e+05 -5.40819256e+05 7.33440921e+05
 2.22506452e+05 -5.40820495e+05 7.33440915e+05
 2.22503508e+05 -5.40821711e+05 7.33440910e+05
 2.22500105e+05 -5.40823117e+05 7.33440903e+05
 2.22496705e+05 -5.40824522e+05 7.33440897e+05
 2.22493300e+05 -5.40825929e+05 7.33440890e+05
 2.22489954e+05 -5.40827311e+05 7.33440884e+05
 2.22486612e+05 -5.40828692e+05 7.33440878e+05
 2.22483267e+05 -5.40830074e+05 7.33440871e+05
 2.22479921e+05 -5.40831456e+05 7.33440865e+05
 2.22476634e+05 -5.40832814e+05 7.33440859e+05
 2.22473347e+05 -5.40834172e+05 7.33440852e+05
 2.22470058e+05 -5.40835530e+05 7.33440846e+05
 2.22466772e+05 -5.40836888e+05 7.33440840e+05
 2.22463539e+05 -5.40838224e+05 7.33440834e+05
 2.22460312e+05 -5.40839557e+05 7.33440828e+05
 2.22457082e+05 -5.40840891e+05 7.33440822e+05
 2.22453910e+05 -5.40842202e+05 7.33440816e+05
 2.22450738e+05 -5.40843512e+05 7.33440810e+05
 2.22447565e+05 -5.40844823e+05 7.33440804e+05
 2.22444394e+05 -5.40846133e+05 7.33440798e+05
 2.22441279e+05 -5.40847420e+05 7.33440792e+05
 2.22438165e+05 -5.40848707e+05 7.33440786e+05
 2.22435050e+05 -5.40849993e+05 7.33440780e+05
 2.22431935e+05 -5.40851280e+05 7.33440774e+05
 2.22428879e+05 -5.40852543e+05 7.33440768e+05
 2.22425820e+05 -5.40853807e+05 7.33440762e+05
 2.22422765e+05 -5.40855069e+05 7.33440756e+05
 2.22419766e+05 -5.40856308e+05 7.33440751e+05
 2.22416305e+05 -5.40857738e+05 7.33440744e+05
 2.22412842e+05 -5.40859168e+05 7.33440738e+05
 2.22409382e+05 -5.40860598e+05 7.33440731e+05
 2.22405924e+05 -5.40862026e+05 7.33440724e+05
 2.22402521e+05 -5.40863432e+05 7.33440718e+05
 2.22399116e+05 -5.40864839e+05 7.33440711e+05
 2.22395715e+05 -5.40866244e+05 7.33440705e+05
 2.22392370e+05 -5.40867626e+05 7.33440698e+05
 2.22389022e+05 -5.40869009e+05 7.33440692e+05
 2.22385677e+05 -5.40870391e+05 7.33440686e+05
 2.22382332e+05 -5.40871773e+05 7.33440679e+05
 2.22379047e+05 -5.40873130e+05 7.33440673e+05
 2.22375759e+05 -5.40874488e+05 7.33440667e+05
 2.22372470e+05 -5.40875847e+05 7.33440660e+05
 2.22369184e+05 -5.40877205e+05 7.33440654e+05
 2.22365952e+05 -5.40878540e+05 7.33440648e+05
 2.22362724e+05 -5.40879873e+05 7.33440642e+05
 2.22359493e+05 -5.40881208e+05 7.33440636e+05
 2.22356320e+05 -5.40882519e+05 7.33440630e+05
 2.22353148e+05 -5.40883830e+05 7.33440624e+05
 2.22349976e+05 -5.40885140e+05 7.33440617e+05
 2.22346804e+05 -5.40886451e+05 7.33440611e+05
 2.22343690e+05 -5.40887737e+05 7.33440605e+05
 2.22340575e+05 -5.40889024e+05 7.33440599e+05
 2.22337461e+05 -5.40890311e+05 7.33440593e+05
 2.22333942e+05 -5.40891764e+05 7.33440587e+05
 2.22330424e+05 -5.40893218e+05 7.33440580e+05
 2.22326908e+05 -5.40894670e+05 7.33440573e+05
 2.22323388e+05 -5.40896124e+05 7.33440566e+05
 2.22319927e+05 -5.40897554e+05 7.33440560e+05
 2.22316469e+05 -5.40898983e+05 7.33440553e+05
 2.22313006e+05 -5.40900413e+05 7.33440547e+05
 2.22309546e+05 -5.40901843e+05 7.33440540e+05
 2.22306143e+05 -5.40903249e+05 7.33440533e+05
 2.22302740e+05 -5.40904655e+05 7.33440527e+05
 2.22299337e+05 -5.40906061e+05 7.33440520e+05
 2.22295994e+05 -5.40907442e+05 7.33440514e+05
 2.22292649e+05 -5.40908824e+05 7.33440507e+05
 2.22289302e+05 -5.40910207e+05 7.33440501e+05
 2.22285957e+05 -5.40911588e+05 7.33440495e+05
 2.22282669e+05 -5.40912947e+05 7.33440488e+05
 2.22279382e+05 -5.40914305e+05 7.33440482e+05
 2.22276094e+05 -5.40915663e+05 7.33440476e+05
 2.22272809e+05 -5.40917020e+05 7.33440469e+05
 2.22269579e+05 -5.40918354e+05 7.33440463e+05
 2.22266349e+05 -5.40919689e+05 7.33440457e+05
 2.22263117e+05 -5.40921024e+05 7.33440450e+05
 2.22259947e+05 -5.40922334e+05 7.33440444e+05
 2.22256776e+05 -5.40923644e+05 7.33440438e+05
 2.22253139e+05 -5.40925146e+05 7.33440431e+05
 2.22249564e+05 -5.40926624e+05 7.33440424e+05
 2.22245990e+05 -5.40928100e+05 7.33440417e+05
 2.22242412e+05 -5.40929578e+05 7.33440411e+05
 2.22238896e+05 -5.40931031e+05 7.33440404e+05
 2.22235375e+05 -5.40932485e+05 7.33440397e+05
 2.22231857e+05 -5.40933939e+05 7.33440390e+05
 2.22228339e+05 -5.40935392e+05 7.33440383e+05
 2.22224879e+05 -5.40936822e+05 7.33440377e+05
 2.22221421e+05 -5.40938250e+05 7.33440370e+05
 2.22217960e+05 -5.40939680e+05 7.33440363e+05
 2.22214500e+05 -5.40941110e+05 7.33440357e+05
 2.22211097e+05 -5.40942515e+05 7.33440350e+05
 2.22207694e+05 -5.40943921e+05 7.33440343e+05
 2.22204291e+05 -5.40945327e+05 7.33440337e+05
 2.22200943e+05 -5.40946710e+05 7.33440330e+05
 2.22197601e+05 -5.40948091e+05 7.33440324e+05
 2.22194256e+05 -5.40949473e+05 7.33440317e+05
 2.22190910e+05 -5.40950855e+05 7.33440311e+05
 2.22187620e+05 -5.40952214e+05 7.33440304e+05
 2.22184335e+05 -5.40953571e+05 7.33440298e+05
 2.22181048e+05 -5.40954930e+05 7.33440292e+05
 2.22177758e+05 -5.40956289e+05 7.33440285e+05
 2.22174528e+05 -5.40957623e+05 7.33440279e+05
 2.22170836e+05 -5.40959148e+05 7.33440272e+05
 2.22167206e+05 -5.40960648e+05 7.33440265e+05
 2.22163569e+05 -5.40962151e+05 7.33440258e+05
 2.22159938e+05 -5.40963651e+05 7.33440251e+05
 2.22156302e+05 -5.40965153e+05 7.33440243e+05
 2.22152726e+05 -5.40966630e+05 7.33440237e+05
 2.22149153e+05 -5.40968106e+05 7.33440230e+05
 2.22145575e+05 -5.40969585e+05 7.33440223e+05
 2.22142056e+05 -5.40971038e+05 7.33440216e+05
 2.22138538e+05 -5.40972492e+05 7.33440209e+05
 2.22135022e+05 -5.40973944e+05 7.33440202e+05
 2.22131502e+05 -5.40975399e+05 7.33440195e+05
 2.22128041e+05 -5.40976828e+05 7.33440188e+05
 2.22124584e+05 -5.40978257e+05 7.33440182e+05
 2.22121120e+05 -5.40979688e+05 7.33440175e+05
 2.22117662e+05 -5.40981116e+05 7.33440168e+05
 2.22114257e+05 -5.40982523e+05 7.33440161e+05
 2.22110854e+05 -5.40983929e+05 7.33440155e+05
 2.22107451e+05 -5.40985335e+05 7.33440148e+05
 2.22104106e+05 -5.40986717e+05 7.33440142e+05
 2.22100763e+05 -5.40988098e+05 7.33440135e+05
 2.22097416e+05 -5.40989481e+05 7.33440129e+05
 2.22094071e+05 -5.40990863e+05 7.33440122e+05
 2.22090785e+05 -5.40992220e+05 7.33440116e+05
 2.22087034e+05 -5.40993770e+05 7.33440108e+05
 2.22083343e+05 -5.40995295e+05 7.33440101e+05
 2.22079652e+05 -5.40996820e+05 7.33440094e+05
 2.22075961e+05 -5.40998345e+05 7.33440087e+05
 2.22072271e+05 -5.40999869e+05 7.33440079e+05
 2.22068636e+05 -5.41001371e+05 7.33440072e+05
 2.22065002e+05 -5.41002872e+05 7.33440065e+05
 2.22061369e+05 -5.41004373e+05 7.33440058e+05
 2.22057735e+05 -5.41005874e+05 7.33440051e+05
 2.22054159e+05 -5.41007351e+05 7.33440044e+05
 2.22050584e+05 -5.41008829e+05 7.33440037e+05
 2.22047008e+05 -5.41010306e+05 7.33440030e+05
 2.22043489e+05 -5.41011759e+05 7.33440023e+05
 2.22039971e+05 -5.41013213e+05 7.33440016e+05
 2.22036453e+05 -5.41014666e+05 7.33440009e+05
 2.22032935e+05 -5.41016120e+05 7.33440002e+05
 2.22029474e+05 -5.41017550e+05 7.33439995e+05
 2.22026016e+05 -5.41018978e+05 7.33439988e+05
 2.22022555e+05 -5.41020408e+05 7.33439982e+05
 2.22019093e+05 -5.41021838e+05 7.33439975e+05
 2.22015690e+05 -5.41023244e+05 7.33439968e+05
 2.22012287e+05 -5.41024650e+05 7.33439961e+05
 2.22008884e+05 -5.41026056e+05 7.33439955e+05
 2.22005539e+05 -5.41027438e+05 7.33439948e+05
 2.22002194e+05 -5.41028820e+05 7.33439941e+05
 2.21998849e+05 -5.41030202e+05 7.33439935e+05
 2.21995504e+05 -5.41031584e+05 7.33439928e+05
 2.21992216e+05 -5.41032942e+05 7.33439922e+05
 2.21988929e+05 -5.41034300e+05 7.33439915e+05
 2.21985644e+05 -5.41035657e+05 7.33439909e+05
 2.21982354e+05 -5.41037017e+05 7.33439902e+05
 2.21979124e+05 -5.41038351e+05 7.33439896e+05
 2.21975897e+05 -5.41039684e+05 7.33439890e+05
 2.21972667e+05 -5.41041019e+05 7.33439883e+05
 2.21969495e+05 -5.41042329e+05 7.33439877e+05
 2.21966320e+05 -5.41043641e+05 7.33439871e+05
 2.21963150e+05 -5.41044950e+05 7.33439864e+05
 2.21959976e+05 -5.41046262e+05 7.33439858e+05
 2.21956864e+05 -5.41047547e+05 7.33439852e+05
 2.21953747e+05 -5.41048835e+05 7.33439846e+05
 2.21950632e+05 -5.41050122e+05 7.33439840e+05
 2.21947517e+05 -5.41051409e+05 7.33439833e+05
 2.21944464e+05 -5.41052670e+05 7.33439827e+05
 2.21941407e+05 -5.41053933e+05 7.33439821e+05
 2.21938350e+05 -5.41055196e+05 7.33439815e+05
 2.21935348e+05 -5.41056436e+05 7.33439809e+05
 2.21932352e+05 -5.41057674e+05 7.33439803e+05
 2.21929350e+05 -5.41058914e+05 7.33439797e+05
 2.21926353e+05 -5.41060152e+05 7.33439791e+05
 2.21923410e+05 -5.41061368e+05 7.33439786e+05
 2.21920009e+05 -5.41062773e+05 7.33439779e+05
 2.21916604e+05 -5.41064180e+05 7.33439772e+05
 2.21913201e+05 -5.41065586e+05 7.33439765e+05
 2.21909856e+05 -5.41066968e+05 7.33439759e+05
 2.21906512e+05 -5.41068349e+05 7.33439752e+05
 2.21903168e+05 -5.41069731e+05 7.33439745e+05
 2.21899822e+05 -5.41071113e+05 7.33439739e+05
 2.21896535e+05 -5.41072471e+05 7.33439732e+05
 2.21893245e+05 -5.41073830e+05 7.33439726e+05
 2.21889958e+05 -5.41075188e+05 7.33439719e+05
 2.21886672e+05 -5.41076546e+05 7.33439713e+05
 2.21883440e+05 -5.41077881e+05 7.33439706e+05
 2.21880210e+05 -5.41079215e+05 7.33439700e+05
 2.21876981e+05 -5.41080550e+05 7.33439693e+05
 2.21873808e+05 -5.41081860e+05 7.33439687e+05
 2.21870636e+05 -5.41083171e+05 7.33439681e+05
 2.21867467e+05 -5.41084480e+05 7.33439674e+05
 2.21864292e+05 -5.41085792e+05 7.33439668e+05
 2.21861178e+05 -5.41087078e+05 7.33439662e+05
 2.21858063e+05 -5.41088365e+05 7.33439655e+05
 2.21854949e+05 -5.41089652e+05 7.33439649e+05
 2.21851834e+05 -5.41090938e+05 7.33439643e+05
 2.21848777e+05 -5.41092201e+05 7.33439637e+05
 2.21845721e+05 -5.41093464e+05 7.33439631e+05
 2.21842664e+05 -5.41094727e+05 7.33439625e+05
 2.21839665e+05 -5.41095966e+05 7.33439619e+05
 2.21836204e+05 -5.41097396e+05 7.33439612e+05
 2.21832744e+05 -5.41098825e+05 7.33439605e+05
 2.21829283e+05 -5.41100255e+05 7.33439598e+05
 2.21825823e+05 -5.41101685e+05 7.33439591e+05
 2.21822420e+05 -5.41103090e+05 7.33439584e+05
 2.21819017e+05 -5.41104496e+05 7.33439577e+05
 2.21815614e+05 -5.41105902e+05 7.33439571e+05
 2.21812269e+05 -5.41107284e+05 7.33439564e+05
 2.21808924e+05 -5.41108666e+05 7.33439557e+05
 2.21805579e+05 -5.41110048e+05 7.33439550e+05
 2.21802234e+05 -5.41111430e+05 7.33439544e+05
 2.21798946e+05 -5.41112788e+05 7.33439537e+05
 2.21795659e+05 -5.41114146e+05 7.33439531e+05
 2.21792371e+05 -5.41115505e+05 7.33439524e+05
 2.21789084e+05 -5.41116863e+05 7.33439517e+05
 2.21785854e+05 -5.41118197e+05 7.33439511e+05
 2.21782624e+05 -5.41119531e+05 7.33439504e+05
 2.21779394e+05 -5.41120866e+05 7.33439498e+05
 2.21776222e+05 -5.41122176e+05 7.33439492e+05
 2.21773050e+05 -5.41123487e+05 7.33439485e+05
 2.21769878e+05 -5.41124797e+05 7.33439479e+05
 2.21766706e+05 -5.41126108e+05 7.33439472e+05
 2.21763594e+05 -5.41127393e+05 7.33439466e+05
 2.21760477e+05 -5.41128681e+05 7.33439460e+05
 2.21757362e+05 -5.41129968e+05 7.33439454e+05
 2.21753847e+05 -5.41131420e+05 7.33439447e+05
 2.21750326e+05 -5.41132875e+05 7.33439439e+05
 2.21746808e+05 -5.41134328e+05 7.33439432e+05
 2.21743289e+05 -5.41135782e+05 7.33439425e+05
 2.21739829e+05 -5.41137212e+05 7.33439418e+05
 2.21736368e+05 -5.41138641e+05 7.33439411e+05
 2.21732908e+05 -5.41140071e+05 7.33439404e+05
 2.21729447e+05 -5.41141501e+05 7.33439397e+05
 2.21726047e+05 -5.41142905e+05 7.33439390e+05
 2.21722642e+05 -5.41144312e+05 7.33439384e+05
 2.21719239e+05 -5.41145718e+05 7.33439377e+05
 2.21715894e+05 -5.41147100e+05 7.33439370e+05
 2.21712548e+05 -5.41148482e+05 7.33439363e+05
 2.21709206e+05 -5.41149863e+05 7.33439356e+05
 2.21705858e+05 -5.41151246e+05 7.33439350e+05
 2.21702573e+05 -5.41152603e+05 7.33439343e+05
 2.21699283e+05 -5.41153962e+05 7.33439336e+05
 2.21695995e+05 -5.41155321e+05 7.33439330e+05
 2.21692708e+05 -5.41156679e+05 7.33439323e+05
 2.21689478e+05 -5.41158013e+05 7.33439317e+05
 2.21686251e+05 -5.41159346e+05 7.33439310e+05
 2.21683021e+05 -5.41160681e+05 7.33439304e+05
 2.21679849e+05 -5.41161991e+05 7.33439297e+05
 2.21676677e+05 -5.41163302e+05 7.33439291e+05
 2.21673040e+05 -5.41164804e+05 7.33439283e+05
 2.21669465e+05 -5.41166281e+05 7.33439276e+05
 2.21665889e+05 -5.41167758e+05 7.33439269e+05
 2.21662313e+05 -5.41169236e+05 7.33439262e+05
 2.21658798e+05 -5.41170688e+05 7.33439254e+05
 2.21655277e+05 -5.41172143e+05 7.33439247e+05
 2.21651761e+05 -5.41173596e+05 7.33439240e+05
 2.21648240e+05 -5.41175050e+05 7.33439233e+05
 2.21644780e+05 -5.41176480e+05 7.33439226e+05
 2.21641321e+05 -5.41177908e+05 7.33439219e+05
 2.21637859e+05 -5.41179339e+05 7.33439212e+05
 2.21634398e+05 -5.41180768e+05 7.33439205e+05
 2.21630995e+05 -5.41182174e+05 7.33439198e+05
 2.21627593e+05 -5.41183580e+05 7.33439191e+05
 2.21624190e+05 -5.41184986e+05 7.33439184e+05
 2.21620847e+05 -5.41186367e+05 7.33439177e+05
 2.21617499e+05 -5.41187750e+05 7.33439170e+05
 2.21614154e+05 -5.41189132e+05 7.33439164e+05
 2.21610809e+05 -5.41190514e+05 7.33439157e+05
 2.21607522e+05 -5.41191872e+05 7.33439150e+05
 2.21604236e+05 -5.41193229e+05 7.33439143e+05
 2.21600947e+05 -5.41194588e+05 7.33439137e+05
 2.21597659e+05 -5.41195947e+05 7.33439130e+05
 2.21594429e+05 -5.41197281e+05 7.33439123e+05
 2.21590738e+05 -5.41198806e+05 7.33439116e+05
 2.21587105e+05 -5.41200307e+05 7.33439109e+05
 2.21583471e+05 -5.41201808e+05 7.33439101e+05
 2.21579837e+05 -5.41203309e+05 7.33439094e+05
 2.21576204e+05 -5.41204811e+05 7.33439086e+05
 2.21572630e+05 -5.41206287e+05 7.33439079e+05
 2.21569054e+05 -5.41207764e+05 7.33439072e+05
 2.21565476e+05 -5.41209242e+05 7.33439064e+05
 2.21561958e+05 -5.41210696e+05 7.33439057e+05
 2.21558440e+05 -5.41212149e+05 7.33439050e+05
 2.21554922e+05 -5.41213603e+05 7.33439043e+05
 2.21551404e+05 -5.41215056e+05 7.33439036e+05
 2.21547943e+05 -5.41216486e+05 7.33439028e+05
 2.21544483e+05 -5.41217916e+05 7.33439021e+05
 2.21541022e+05 -5.41219345e+05 7.33439014e+05
 2.21537562e+05 -5.41220775e+05 7.33439007e+05
 2.21534159e+05 -5.41222181e+05 7.33439000e+05
 2.21530756e+05 -5.41223587e+05 7.33438993e+05
 2.21527353e+05 -5.41224992e+05 7.33438986e+05
 2.21524008e+05 -5.41226374e+05 7.33438979e+05
 2.21520663e+05 -5.41227756e+05 7.33438973e+05
 2.21517318e+05 -5.41229138e+05 7.33438966e+05
 2.21513975e+05 -5.41230519e+05 7.33438959e+05
 2.21510685e+05 -5.41231879e+05 7.33438952e+05
 2.21506936e+05 -5.41233427e+05 7.33438944e+05
 2.21503245e+05 -5.41234952e+05 7.33438937e+05
 2.21499554e+05 -5.41236477e+05 7.33438929e+05
 2.21495862e+05 -5.41238002e+05 7.33438922e+05
 2.21492171e+05 -5.41239527e+05 7.33438914e+05
 2.21488538e+05 -5.41241028e+05 7.33438907e+05
 2.21484904e+05 -5.41242530e+05 7.33438899e+05
 2.21481270e+05 -5.41244031e+05 7.33438892e+05
 2.21477637e+05 -5.41245532e+05 7.33438884e+05
 2.21474061e+05 -5.41247009e+05 7.33438877e+05
 2.21470485e+05 -5.41248487e+05 7.33438869e+05
 2.21466912e+05 -5.41249963e+05 7.33438862e+05
 2.21463391e+05 -5.41251417e+05 7.33438855e+05
 2.21459872e+05 -5.41252871e+05 7.33438848e+05
 2.21456355e+05 -5.41254324e+05 7.33438840e+05
 2.21452839e+05 -5.41255777e+05 7.33438833e+05
 2.21449379e+05 -5.41257206e+05 7.33438826e+05
 2.21445918e+05 -5.41258636e+05 7.33438819e+05
 2.21442458e+05 -5.41260066e+05 7.33438812e+05
 2.21438995e+05 -5.41261496e+05 7.33438804e+05
 2.21435592e+05 -5.41262902e+05 7.33438797e+05
 2.21432189e+05 -5.41264308e+05 7.33438790e+05
 2.21428786e+05 -5.41265714e+05 7.33438783e+05
 2.21425441e+05 -5.41267096e+05 7.33438776e+05
 2.21422098e+05 -5.41268477e+05 7.33438770e+05
 2.21418753e+05 -5.41269859e+05 7.33438763e+05
 2.21415405e+05 -5.41271242e+05 7.33438756e+05
 2.21412121e+05 -5.41272599e+05 7.33438749e+05
 2.21408833e+05 -5.41273957e+05 7.33438742e+05
 2.21405543e+05 -5.41275317e+05 7.33438735e+05
 2.21402258e+05 -5.41276674e+05 7.33438728e+05
 2.21399028e+05 -5.41278008e+05 7.33438722e+05
 2.21395796e+05 -5.41279343e+05 7.33438715e+05
 2.21392566e+05 -5.41280678e+05 7.33438708e+05
 2.21389394e+05 -5.41281988e+05 7.33438702e+05
 2.21386221e+05 -5.41283299e+05 7.33438695e+05
 2.21383049e+05 -5.41284609e+05 7.33438689e+05
 2.21379877e+05 -5.41285920e+05 7.33438682e+05
 2.21376763e+05 -5.41287207e+05 7.33438676e+05
 2.21373648e+05 -5.41288493e+05 7.33438669e+05
 2.21370534e+05 -5.41289780e+05 7.33438663e+05
 2.21367419e+05 -5.41291067e+05 7.33438656e+05
 2.21364363e+05 -5.41292329e+05 7.33438650e+05
 2.21361306e+05 -5.41293592e+05 7.33438643e+05
 2.21358249e+05 -5.41294855e+05 7.33438637e+05
 2.21355250e+05 -5.41296094e+05 7.33438631e+05
 2.21352251e+05 -5.41297333e+05 7.33438625e+05
 2.21349252e+05 -5.41298572e+05 7.33438618e+05
 2.21346253e+05 -5.41299811e+05 7.33438612e+05
 2.21343311e+05 -5.41301027e+05 7.33438606e+05
 2.21339908e+05 -5.41302432e+05 7.33438599e+05
 2.21336505e+05 -5.41303838e+05 7.33438592e+05
 2.21333103e+05 -5.41305244e+05 7.33438585e+05
 2.21329757e+05 -5.41306626e+05 7.33438578e+05
 2.21326412e+05 -5.41308008e+05 7.33438571e+05
 2.21323067e+05 -5.41309390e+05 7.33438564e+05
 2.21319722e+05 -5.41310772e+05 7.33438557e+05
 2.21316434e+05 -5.41312130e+05 7.33438550e+05
 2.21313147e+05 -5.41313488e+05 7.33438543e+05
 2.21309859e+05 -5.41314847e+05 7.33438536e+05
 2.21306572e+05 -5.41316205e+05 7.33438529e+05
 2.21303342e+05 -5.41317539e+05 7.33438523e+05
 2.21300112e+05 -5.41318873e+05 7.33438516e+05
 2.21296885e+05 -5.41320207e+05 7.33438509e+05
 2.21293710e+05 -5.41321518e+05 7.33438503e+05
 2.21290538e+05 -5.41322829e+05 7.33438496e+05
 2.21287366e+05 -5.41324139e+05 7.33438489e+05
 2.21284194e+05 -5.41325450e+05 7.33438483e+05
 2.21281080e+05 -5.41326737e+05 7.33438476e+05
 2.21277965e+05 -5.41328023e+05 7.33438470e+05
 2.21274851e+05 -5.41329310e+05 7.33438463e+05
 2.21271736e+05 -5.41330597e+05 7.33438457e+05
 2.21268679e+05 -5.41331860e+05 7.33438450e+05
 2.21265623e+05 -5.41333122e+05 7.33438444e+05
 2.21262566e+05 -5.41334385e+05 7.33438437e+05
 2.21259567e+05 -5.41335624e+05 7.33438431e+05
 2.21256109e+05 -5.41337053e+05 7.33438424e+05
 2.21252646e+05 -5.41338484e+05 7.33438417e+05
 2.21249185e+05 -5.41339914e+05 7.33438409e+05
 2.21245725e+05 -5.41341343e+05 7.33438402e+05
 2.21242322e+05 -5.41342749e+05 7.33438395e+05
 2.21238919e+05 -5.41344155e+05 7.33438388e+05
 2.21235516e+05 -5.41345560e+05 7.33438381e+05
 2.21232171e+05 -5.41346942e+05 7.33438374e+05
 2.21228826e+05 -5.41348324e+05 7.33438367e+05
 2.21225481e+05 -5.41349706e+05 7.33438360e+05
 2.21222135e+05 -5.41351088e+05 7.33438353e+05
 2.21218847e+05 -5.41352447e+05 7.33438346e+05
 2.21215560e+05 -5.41353805e+05 7.33438339e+05
 2.21212273e+05 -5.41355163e+05 7.33438332e+05
 2.21208985e+05 -5.41356521e+05 7.33438325e+05
 2.21205756e+05 -5.41357856e+05 7.33438318e+05
 2.21202526e+05 -5.41359190e+05 7.33438311e+05
 2.21199296e+05 -5.41360524e+05 7.33438305e+05
 2.21196123e+05 -5.41361835e+05 7.33438298e+05
 2.21192951e+05 -5.41363145e+05 7.33438291e+05
 2.21189780e+05 -5.41364456e+05 7.33438285e+05
 2.21186608e+05 -5.41365766e+05 7.33438278e+05
 2.21183494e+05 -5.41367053e+05 7.33438271e+05
 2.21180379e+05 -5.41368340e+05 7.33438265e+05
 2.21177264e+05 -5.41369627e+05 7.33438258e+05
 2.21173749e+05 -5.41371079e+05 7.33438251e+05
 2.21170227e+05 -5.41372533e+05 7.33438243e+05
 2.21166709e+05 -5.41373987e+05 7.33438236e+05
 2.21163191e+05 -5.41375440e+05 7.33438229e+05
 2.21159731e+05 -5.41376870e+05 7.33438221e+05
 2.21156270e+05 -5.41378300e+05 7.33438214e+05
 2.21152810e+05 -5.41379729e+05 7.33438207e+05
 2.21149349e+05 -5.41381159e+05 7.33438199e+05
 2.21145948e+05 -5.41382564e+05 7.33438192e+05
 2.21142543e+05 -5.41383971e+05 7.33438185e+05
 2.21139141e+05 -5.41385377e+05 7.33438178e+05
 2.21135795e+05 -5.41386759e+05 7.33438171e+05
 2.21132450e+05 -5.41388141e+05 7.33438164e+05
 2.21129105e+05 -5.41389523e+05 7.33438156e+05
 2.21125760e+05 -5.41390905e+05 7.33438149e+05
 2.21122472e+05 -5.41392263e+05 7.33438142e+05
 2.21119185e+05 -5.41393621e+05 7.33438135e+05
 2.21115897e+05 -5.41394979e+05 7.33438129e+05
 2.21112610e+05 -5.41396337e+05 7.33438122e+05
 2.21109380e+05 -5.41397672e+05 7.33438115e+05
 2.21106150e+05 -5.41399006e+05 7.33438108e+05
 2.21102921e+05 -5.41400340e+05 7.33438101e+05
 2.21099748e+05 -5.41401651e+05 7.33438094e+05
 2.21096576e+05 -5.41402961e+05 7.33438088e+05
 2.21092943e+05 -5.41404463e+05 7.33438080e+05
 2.21089367e+05 -5.41405940e+05 7.33438072e+05
 2.21085791e+05 -5.41407417e+05 7.33438065e+05
 2.21082215e+05 -5.41408895e+05 7.33438057e+05
 2.21078697e+05 -5.41410348e+05 7.33438050e+05
 2.21075179e+05 -5.41411801e+05 7.33438042e+05
 2.21071661e+05 -5.41413255e+05 7.33438035e+05
 2.21068142e+05 -5.41414708e+05 7.33438027e+05
 2.21064682e+05 -5.41416138e+05 7.33438020e+05
 2.21061221e+05 -5.41417568e+05 7.33438012e+05
 2.21057761e+05 -5.41418997e+05 7.33438005e+05
 2.21054300e+05 -5.41420427e+05 7.33437998e+05
 2.21050897e+05 -5.41421833e+05 7.33437990e+05
 2.21047495e+05 -5.41423239e+05 7.33437983e+05
 2.21044092e+05 -5.41424645e+05 7.33437976e+05
 2.21040747e+05 -5.41426027e+05 7.33437969e+05
 2.21037401e+05 -5.41427409e+05 7.33437962e+05
 2.21034056e+05 -5.41428791e+05 7.33437955e+05
 2.21030711e+05 -5.41430173e+05 7.33437947e+05
 2.21027424e+05 -5.41431531e+05 7.33437940e+05
 2.21024136e+05 -5.41432889e+05 7.33437933e+05
 2.21020849e+05 -5.41434247e+05 7.33437926e+05
 2.21017561e+05 -5.41435605e+05 7.33437919e+05
 2.21014331e+05 -5.41436940e+05 7.33437912e+05
 2.21010643e+05 -5.41438464e+05 7.33437905e+05
 2.21007007e+05 -5.41439966e+05 7.33437897e+05
 2.21003373e+05 -5.41441467e+05 7.33437889e+05
 2.20999740e+05 -5.41442968e+05 7.33437881e+05
 2.20996106e+05 -5.41444469e+05 7.33437874e+05
 2.20992530e+05 -5.41445947e+05 7.33437866e+05
 2.20988954e+05 -5.41447424e+05 7.33437858e+05
 2.20985378e+05 -5.41448901e+05 7.33437851e+05
 2.20981860e+05 -5.41450355e+05 7.33437843e+05
 2.20978342e+05 -5.41451808e+05 7.33437836e+05
 2.20974824e+05 -5.41453262e+05 7.33437828e+05
 2.20971306e+05 -5.41454715e+05 7.33437820e+05
 2.20967845e+05 -5.41456145e+05 7.33437813e+05
 2.20964385e+05 -5.41457575e+05 7.33437806e+05
 2.20960924e+05 -5.41459004e+05 7.33437798e+05
 2.20957464e+05 -5.41460434e+05 7.33437791e+05
 2.20954061e+05 -5.41461840e+05 7.33437783e+05
 2.20950658e+05 -5.41463246e+05 7.33437776e+05
 2.20947256e+05 -5.41464651e+05 7.33437769e+05
 2.20943910e+05 -5.41466033e+05 7.33437762e+05
 2.20940565e+05 -5.41467415e+05 7.33437754e+05
 2.20937220e+05 -5.41468797e+05 7.33437747e+05
 2.20933874e+05 -5.41470179e+05 7.33437740e+05
 2.20930587e+05 -5.41471538e+05 7.33437733e+05
 2.20926841e+05 -5.41473085e+05 7.33437725e+05
 2.20923147e+05 -5.41474611e+05 7.33437717e+05
 2.20919455e+05 -5.41476136e+05 7.33437709e+05
 2.20915764e+05 -5.41477661e+05 7.33437701e+05
 2.20912073e+05 -5.41479186e+05 7.33437693e+05
 2.20908439e+05 -5.41480688e+05 7.33437685e+05
 2.20904806e+05 -5.41482189e+05 7.33437678e+05
 2.20901172e+05 -5.41483690e+05 7.33437670e+05
 2.20897542e+05 -5.41485190e+05 7.33437662e+05
 2.20893966e+05 -5.41486667e+05 7.33437654e+05
 2.20890390e+05 -5.41488144e+05 7.33437647e+05
 2.20886811e+05 -5.41489623e+05 7.33437639e+05
 2.20883293e+05 -5.41491076e+05 7.33437631e+05
 2.20879775e+05 -5.41492530e+05 7.33437624e+05
 2.20876257e+05 -5.41493983e+05 7.33437616e+05
 2.20872739e+05 -5.41495437e+05 7.33437608e+05
 2.20869278e+05 -5.41496867e+05 7.33437601e+05
 2.20865817e+05 -5.41498296e+05 7.33437594e+05
 2.20862357e+05 -5.41499726e+05 7.33437586e+05
 2.20858896e+05 -5.41501156e+05 7.33437579e+05
 2.20855495e+05 -5.41502561e+05 7.33437571e+05
 2.20852091e+05 -5.41503967e+05 7.33437564e+05
 2.20848688e+05 -5.41505373e+05 7.33437556e+05
 2.20845343e+05 -5.41506755e+05 7.33437549e+05
 2.20841998e+05 -5.41508137e+05 7.33437542e+05
 2.20838652e+05 -5.41509519e+05 7.33437535e+05
 2.20835307e+05 -5.41510901e+05 7.33437528e+05
 2.20832020e+05 -5.41512259e+05 7.33437520e+05
 2.20828732e+05 -5.41513617e+05 7.33437513e+05
 2.20825445e+05 -5.41514976e+05 7.33437506e+05
 2.20822157e+05 -5.41516334e+05 7.33437499e+05
 2.20818928e+05 -5.41517668e+05 7.33437492e+05
 2.20815698e+05 -5.41519003e+05 7.33437485e+05
 2.20812468e+05 -5.41520337e+05 7.33437478e+05
 2.20809296e+05 -5.41521647e+05 7.33437471e+05
 2.20806124e+05 -5.41522958e+05 7.33437464e+05
 2.20802952e+05 -5.41524268e+05 7.33437457e+05
 2.20799779e+05 -5.41525579e+05 7.33437451e+05
 2.20796665e+05 -5.41526866e+05 7.33437444e+05
 2.20793550e+05 -5.41528152e+05 7.33437437e+05
 2.20790436e+05 -5.41529439e+05 7.33437430e+05
 2.20787322e+05 -5.41530726e+05 7.33437423e+05
 2.20784265e+05 -5.41531989e+05 7.33437417e+05
 2.20781208e+05 -5.41533251e+05 7.33437410e+05
 2.20778151e+05 -5.41534514e+05 7.33437404e+05
 2.20775152e+05 -5.41535753e+05 7.33437397e+05
 2.20772153e+05 -5.41536992e+05 7.33437390e+05
 2.20769154e+05 -5.41538231e+05 7.33437384e+05
 2.20766155e+05 -5.41539471e+05 7.33437377e+05
 2.20763213e+05 -5.41540686e+05 7.33437371e+05
 2.20759811e+05 -5.41542092e+05 7.33437364e+05
 2.20756408e+05 -5.41543497e+05 7.33437356e+05
 2.20753005e+05 -5.41544903e+05 7.33437349e+05
 2.20749660e+05 -5.41546285e+05 7.33437342e+05
 2.20746315e+05 -5.41547667e+05 7.33437334e+05
 2.20742969e+05 -5.41549049e+05 7.33437327e+05
 2.20739624e+05 -5.41550431e+05 7.33437320e+05
 2.20736339e+05 -5.41551788e+05 7.33437312e+05
 2.20733049e+05 -5.41553148e+05 7.33437305e+05
 2.20729762e+05 -5.41554506e+05 7.33437298e+05
 2.20726474e+05 -5.41555864e+05 7.33437291e+05
 2.20723244e+05 -5.41557198e+05 7.33437284e+05
 2.20720014e+05 -5.41558533e+05 7.33437277e+05
 2.20716785e+05 -5.41559867e+05 7.33437270e+05
 2.20713615e+05 -5.41561177e+05 7.33437263e+05
 2.20710441e+05 -5.41562488e+05 7.33437256e+05
 2.20707268e+05 -5.41563799e+05 7.33437249e+05
 2.20704096e+05 -5.41565109e+05 7.33437242e+05
 2.20700984e+05 -5.41566395e+05 7.33437235e+05
 2.20697870e+05 -5.41567682e+05 7.33437228e+05
 2.20694753e+05 -5.41568969e+05 7.33437222e+05
 2.20691638e+05 -5.41570256e+05 7.33437215e+05
 2.20688582e+05 -5.41571519e+05 7.33437208e+05
 2.20685527e+05 -5.41572781e+05 7.33437201e+05
 2.20682468e+05 -5.41574045e+05 7.33437195e+05
 2.20679468e+05 -5.41575284e+05 7.33437188e+05
 2.20676011e+05 -5.41576712e+05 7.33437181e+05
 2.20672548e+05 -5.41578143e+05 7.33437173e+05
 2.20669087e+05 -5.41579573e+05 7.33437165e+05
 2.20665627e+05 -5.41581002e+05 7.33437158e+05
 2.20662227e+05 -5.41582407e+05 7.33437150e+05
 2.20658821e+05 -5.41583814e+05 7.33437143e+05
 2.20655418e+05 -5.41585220e+05 7.33437135e+05
 2.20652073e+05 -5.41586602e+05 7.33437128e+05
 2.20648728e+05 -5.41587984e+05 7.33437121e+05
 2.20645383e+05 -5.41589366e+05 7.33437113e+05
 2.20642037e+05 -5.41590748e+05 7.33437106e+05
 2.20638750e+05 -5.41592106e+05 7.33437099e+05
 2.20635462e+05 -5.41593464e+05 7.33437092e+05
 2.20632175e+05 -5.41594823e+05 7.33437084e+05
 2.20628888e+05 -5.41596181e+05 7.33437077e+05
 2.20625658e+05 -5.41597515e+05 7.33437070e+05
 2.20622428e+05 -5.41598849e+05 7.33437063e+05
 2.20619198e+05 -5.41600184e+05 7.33437056e+05
 2.20616026e+05 -5.41601494e+05 7.33437049e+05
 2.20612854e+05 -5.41602805e+05 7.33437042e+05
 2.20609682e+05 -5.41604115e+05 7.33437035e+05
 2.20606510e+05 -5.41605426e+05 7.33437028e+05
 2.20603395e+05 -5.41606713e+05 7.33437021e+05
 2.20600281e+05 -5.41607999e+05 7.33437014e+05
 2.20597166e+05 -5.41609286e+05 7.33437007e+05
 2.20593648e+05 -5.41610740e+05 7.33437000e+05
 2.20590130e+05 -5.41612193e+05 7.33436992e+05
 2.20586612e+05 -5.41613647e+05 7.33436984e+05
 2.20583093e+05 -5.41615100e+05 7.33436976e+05
 2.20579633e+05 -5.41616530e+05 7.33436969e+05
 2.20576172e+05 -5.41617959e+05 7.33436961e+05
 2.20572712e+05 -5.41619389e+05 7.33436953e+05
 2.20569251e+05 -5.41620819e+05 7.33436946e+05
 2.20565849e+05 -5.41622224e+05 7.33436938e+05
 2.20562446e+05 -5.41623630e+05 7.33436931e+05
 2.20559043e+05 -5.41625036e+05 7.33436923e+05
 2.20555698e+05 -5.41626418e+05 7.33436916e+05
 2.20552353e+05 -5.41627800e+05 7.33436908e+05
 2.20549007e+05 -5.41629182e+05 7.33436901e+05
 2.20545662e+05 -5.41630564e+05 7.33436894e+05
 2.20542375e+05 -5.41631922e+05 7.33436886e+05
 2.20539087e+05 -5.41633281e+05 7.33436879e+05
 2.20535800e+05 -5.41634639e+05 7.33436872e+05
 2.20532512e+05 -5.41635997e+05 7.33436864e+05
 2.20529282e+05 -5.41637331e+05 7.33436857e+05
 2.20526053e+05 -5.41638666e+05 7.33436850e+05
 2.20522823e+05 -5.41640000e+05 7.33436843e+05
 2.20519651e+05 -5.41641311e+05 7.33436836e+05
 2.20516479e+05 -5.41642621e+05 7.33436829e+05
 2.20512845e+05 -5.41644122e+05 7.33436821e+05
 2.20509269e+05 -5.41645600e+05 7.33436813e+05
 2.20505693e+05 -5.41647077e+05 7.33436805e+05
 2.20502118e+05 -5.41648554e+05 7.33436797e+05
 2.20498599e+05 -5.41650008e+05 7.33436789e+05
 2.20495081e+05 -5.41651461e+05 7.33436781e+05
 2.20491563e+05 -5.41652915e+05 7.33436774e+05
 2.20488045e+05 -5.41654368e+05 7.33436766e+05
 2.20484584e+05 -5.41655798e+05 7.33436758e+05
 2.20481124e+05 -5.41657228e+05 7.33436750e+05
 2.20477663e+05 -5.41658657e+05 7.33436743e+05
 2.20474203e+05 -5.41660087e+05 7.33436735e+05
 2.20470800e+05 -5.41661493e+05 7.33436727e+05
 2.20467397e+05 -5.41662899e+05 7.33436720e+05
 2.20463994e+05 -5.41664304e+05 7.33436712e+05
 2.20460649e+05 -5.41665686e+05 7.33436705e+05
 2.20457304e+05 -5.41667068e+05 7.33436697e+05
 2.20453959e+05 -5.41668450e+05 7.33436690e+05
 2.20450614e+05 -5.41669832e+05 7.33436682e+05
 2.20447327e+05 -5.41671190e+05 7.33436675e+05
 2.20444039e+05 -5.41672549e+05 7.33436668e+05
 2.20440751e+05 -5.41673907e+05 7.33436660e+05
 2.20437464e+05 -5.41675265e+05 7.33436653e+05
 2.20434236e+05 -5.41676598e+05 7.33436646e+05
 2.20430543e+05 -5.41678124e+05 7.33436638e+05
 2.20426909e+05 -5.41679626e+05 7.33436630e+05
 2.20423275e+05 -5.41681127e+05 7.33436621e+05
 2.20419642e+05 -5.41682628e+05 7.33436613e+05
 2.20416008e+05 -5.41684129e+05 7.33436605e+05
 2.20412432e+05 -5.41685607e+05 7.33436597e+05
 2.20408856e+05 -5.41687084e+05 7.33436589e+05
 2.20405281e+05 -5.41688561e+05 7.33436581e+05
 2.20401762e+05 -5.41690015e+05 7.33436573e+05
 2.20398244e+05 -5.41691468e+05 7.33436566e+05
 2.20394726e+05 -5.41692922e+05 7.33436558e+05
 2.20391209e+05 -5.41694375e+05 7.33436550e+05
 2.20387747e+05 -5.41695805e+05 7.33436542e+05
 2.20384287e+05 -5.41697235e+05 7.33436534e+05
 2.20380826e+05 -5.41698664e+05 7.33436527e+05
 2.20377366e+05 -5.41700094e+05 7.33436519e+05
 2.20373963e+05 -5.41701500e+05 7.33436511e+05
 2.20370560e+05 -5.41702906e+05 7.33436504e+05
 2.20367157e+05 -5.41704311e+05 7.33436496e+05
 2.20363812e+05 -5.41705693e+05 7.33436488e+05
 2.20360467e+05 -5.41707075e+05 7.33436481e+05
 2.20357122e+05 -5.41708457e+05 7.33436473e+05
 2.20353777e+05 -5.41709839e+05 7.33436466e+05
 2.20350489e+05 -5.41711198e+05 7.33436459e+05
 2.20346740e+05 -5.41712746e+05 7.33436450e+05
 2.20343049e+05 -5.41714271e+05 7.33436442e+05
 2.20339358e+05 -5.41715796e+05 7.33436434e+05
 2.20335667e+05 -5.41717321e+05 7.33436425e+05
 2.20331975e+05 -5.41718846e+05 7.33436417e+05
 2.20328342e+05 -5.41720348e+05 7.33436409e+05
 2.20324708e+05 -5.41721849e+05 7.33436401e+05
 2.20321075e+05 -5.41723350e+05 7.33436392e+05
 2.20317441e+05 -5.41724851e+05 7.33436384e+05
 2.20313866e+05 -5.41726328e+05 7.33436376e+05
 2.20310290e+05 -5.41727806e+05 7.33436368e+05
 2.20306714e+05 -5.41729283e+05 7.33436360e+05
 2.20303196e+05 -5.41730736e+05 7.33436352e+05
 2.20299677e+05 -5.41732190e+05 7.33436344e+05
 2.20296159e+05 -5.41733643e+05 7.33436336e+05
 2.20292641e+05 -5.41735097e+05 7.33436328e+05
 2.20289181e+05 -5.41736527e+05 7.33436321e+05
 2.20285720e+05 -5.41737956e+05 7.33436313e+05
 2.20282260e+05 -5.41739386e+05 7.33436305e+05
 2.20278799e+05 -5.41740816e+05 7.33436297e+05
 2.20275396e+05 -5.41742221e+05 7.33436289e+05
 2.20271993e+05 -5.41743627e+05 7.33436282e+05
 2.20268591e+05 -5.41745033e+05 7.33436274e+05
 2.20265245e+05 -5.41746415e+05 7.33436267e+05
 2.20261900e+05 -5.41747797e+05 7.33436259e+05
 2.20258555e+05 -5.41749179e+05 7.33436251e+05
 2.20255210e+05 -5.41750561e+05 7.33436244e+05
 2.20251922e+05 -5.41751919e+05 7.33436236e+05
 2.20248635e+05 -5.41753278e+05 7.33436229e+05
 2.20245347e+05 -5.41754636e+05 7.33436222e+05
 2.20242060e+05 -5.41755994e+05 7.33436214e+05
 2.20238830e+05 -5.41757328e+05 7.33436207e+05
 2.20235600e+05 -5.41758663e+05 7.33436200e+05
 2.20232371e+05 -5.41759997e+05 7.33436192e+05
 2.20229198e+05 -5.41761308e+05 7.33436185e+05
 2.20226026e+05 -5.41762618e+05 7.33436178e+05
 2.20222854e+05 -5.41763929e+05 7.33436171e+05
 2.20219681e+05 -5.41765239e+05 7.33436163e+05
 2.20216568e+05 -5.41766526e+05 7.33436156e+05
 2.20213453e+05 -5.41767813e+05 7.33436149e+05
 2.20210339e+05 -5.41769099e+05 7.33436142e+05
 2.20207224e+05 -5.41770386e+05 7.33436135e+05
 2.20204167e+05 -5.41771649e+05 7.33436128e+05
 2.20201111e+05 -5.41772912e+05 7.33436121e+05
 2.20198053e+05 -5.41774175e+05 7.33436114e+05
 2.20195054e+05 -5.41775414e+05 7.33436108e+05
 2.20192055e+05 -5.41776653e+05 7.33436101e+05
 2.20189056e+05 -5.41777892e+05 7.33436094e+05
 2.20186057e+05 -5.41779131e+05 7.33436087e+05
 2.20183116e+05 -5.41780346e+05 7.33436080e+05
 2.20179713e+05 -5.41781752e+05 7.33436073e+05
 2.20176310e+05 -5.41783158e+05 7.33436065e+05
 2.20172907e+05 -5.41784564e+05 7.33436057e+05
 2.20169562e+05 -5.41785946e+05 7.33436050e+05
 2.20166217e+05 -5.41787328e+05 7.33436042e+05
 2.20162872e+05 -5.41788710e+05 7.33436034e+05
 2.20159527e+05 -5.41790092e+05 7.33436027e+05
 2.20156239e+05 -5.41791450e+05 7.33436019e+05
 2.20152952e+05 -5.41792808e+05 7.33436012e+05
 2.20149664e+05 -5.41794166e+05 7.33436004e+05
 2.20146377e+05 -5.41795524e+05 7.33435997e+05
 2.20143147e+05 -5.41796859e+05 7.33435990e+05
 2.20139918e+05 -5.41798193e+05 7.33435982e+05
 2.20136689e+05 -5.41799527e+05 7.33435975e+05
 2.20133515e+05 -5.41800838e+05 7.33435968e+05
 2.20130343e+05 -5.41802149e+05 7.33435960e+05
 2.20127171e+05 -5.41803459e+05 7.33435953e+05
 2.20123999e+05 -5.41804770e+05 7.33435946e+05
 2.20120884e+05 -5.41806056e+05 7.33435939e+05
 2.20117770e+05 -5.41807343e+05 7.33435932e+05
 2.20114655e+05 -5.41808630e+05 7.33435925e+05
 2.20111541e+05 -5.41809917e+05 7.33435917e+05
 2.20108484e+05 -5.41811179e+05 7.33435910e+05
 2.20105427e+05 -5.41812442e+05 7.33435903e+05
 2.20102370e+05 -5.41813705e+05 7.33435896e+05
 2.20099371e+05 -5.41814944e+05 7.33435890e+05
 2.20095911e+05 -5.41816374e+05 7.33435882e+05
 2.20092450e+05 -5.41817804e+05 7.33435874e+05
 2.20088990e+05 -5.41819233e+05 7.33435866e+05
 2.20085529e+05 -5.41820663e+05 7.33435858e+05
 2.20082127e+05 -5.41822069e+05 7.33435850e+05
 2.20078724e+05 -5.41823475e+05 7.33435842e+05
 2.20075321e+05 -5.41824880e+05 7.33435835e+05
 2.20071976e+05 -5.41826262e+05 7.33435827e+05
 2.20068631e+05 -5.41827644e+05 7.33435819e+05
 2.20065285e+05 -5.41829026e+05 7.33435812e+05
 2.20061940e+05 -5.41830408e+05 7.33435804e+05
 2.20058653e+05 -5.41831767e+05 7.33435796e+05
 2.20055365e+05 -5.41833125e+05 7.33435789e+05
 2.20052078e+05 -5.41834483e+05 7.33435781e+05
 2.20048790e+05 -5.41835841e+05 7.33435774e+05
 2.20045560e+05 -5.41837176e+05 7.33435766e+05
 2.20039101e+05 -5.41839844e+05 7.33435751e+05
 2.20035929e+05 -5.41841155e+05 7.33435744e+05
 2.20032756e+05 -5.41842466e+05 7.33435737e+05
 2.20029584e+05 -5.41843776e+05 7.33435730e+05
 2.20026412e+05 -5.41845086e+05 7.33435722e+05
 2.20023298e+05 -5.41846373e+05 7.33435715e+05
 2.20020183e+05 -5.41847660e+05 7.33435708e+05
 2.20017068e+05 -5.41848947e+05 7.33435701e+05
 2.20013551e+05 -5.41850400e+05 7.33435693e+05
 2.20010033e+05 -5.41851854e+05 7.33435685e+05
 2.20006514e+05 -5.41853307e+05 7.33435677e+05
 2.20002996e+05 -5.41854761e+05 7.33435668e+05
 2.19999535e+05 -5.41856190e+05 7.33435660e+05
 2.19996075e+05 -5.41857620e+05 7.33435653e+05
 2.19992615e+05 -5.41859050e+05 7.33435645e+05
 2.19989154e+05 -5.41860479e+05 7.33435637e+05
 2.19985751e+05 -5.41861885e+05 7.33435629e+05
 2.19982351e+05 -5.41863290e+05 7.33435621e+05
 2.19978946e+05 -5.41864697e+05 7.33435613e+05
 2.19975600e+05 -5.41866079e+05 7.33435605e+05
 2.19972255e+05 -5.41867461e+05 7.33435598e+05
 2.19968910e+05 -5.41868843e+05 7.33435590e+05
 2.19965565e+05 -5.41870225e+05 7.33435582e+05
 2.19962278e+05 -5.41871583e+05 7.33435575e+05
 2.19958990e+05 -5.41872941e+05 7.33435567e+05
 2.19955702e+05 -5.41874300e+05 7.33435559e+05
 2.19952416e+05 -5.41875657e+05 7.33435552e+05
 2.19949185e+05 -5.41876992e+05 7.33435544e+05
 2.19945956e+05 -5.41878326e+05 7.33435537e+05
 2.19942725e+05 -5.41879661e+05 7.33435529e+05
 2.19939553e+05 -5.41880971e+05 7.33435522e+05
 2.19936381e+05 -5.41882282e+05 7.33435515e+05
 2.19932748e+05 -5.41883783e+05 7.33435506e+05
 2.19929172e+05 -5.41885261e+05 7.33435498e+05
 2.19925596e+05 -5.41886738e+05 7.33435490e+05
 2.19922020e+05 -5.41888215e+05 7.33435481e+05
 2.19918502e+05 -5.41889669e+05 7.33435473e+05
 2.19914984e+05 -5.41891122e+05 7.33435465e+05
 2.19911466e+05 -5.41892576e+05 7.33435457e+05
 2.19907947e+05 -5.41894029e+05 7.33435449e+05
 2.19904487e+05 -5.41895459e+05 7.33435441e+05
 2.19901028e+05 -5.41896888e+05 7.33435433e+05
 2.19897566e+05 -5.41898318e+05 7.33435425e+05
 2.19894105e+05 -5.41899748e+05 7.33435417e+05
 2.19890702e+05 -5.41901154e+05 7.33435409e+05
 2.19887300e+05 -5.41902559e+05 7.33435401e+05
 2.19883897e+05 -5.41903965e+05 7.33435393e+05
 2.19880552e+05 -5.41905347e+05 7.33435385e+05
 2.19877207e+05 -5.41906729e+05 7.33435378e+05
 2.19873861e+05 -5.41908111e+05 7.33435370e+05
 2.19870516e+05 -5.41909493e+05 7.33435362e+05
 2.19867229e+05 -5.41910852e+05 7.33435354e+05
 2.19863941e+05 -5.41912210e+05 7.33435347e+05
 2.19860654e+05 -5.41913568e+05 7.33435339e+05
 2.19857366e+05 -5.41914926e+05 7.33435331e+05
 2.19854136e+05 -5.41916261e+05 7.33435324e+05
 2.19850445e+05 -5.41917785e+05 7.33435315e+05
 2.19846812e+05 -5.41919287e+05 7.33435307e+05
 2.19843178e+05 -5.41920788e+05 7.33435298e+05
 2.19839545e+05 -5.41922289e+05 7.33435290e+05
 2.19835911e+05 -5.41923790e+05 7.33435281e+05
 2.19832335e+05 -5.41925267e+05 7.33435273e+05
 2.19828759e+05 -5.41926745e+05 7.33435265e+05
 2.19825184e+05 -5.41928222e+05 7.33435256e+05
 2.19821665e+05 -5.41929676e+05 7.33435248e+05
 2.19818147e+05 -5.41931129e+05 7.33435240e+05
 2.19814629e+05 -5.41932583e+05 7.33435232e+05
 2.19811111e+05 -5.41934036e+05 7.33435224e+05
 2.19807650e+05 -5.41935466e+05 7.33435216e+05
 2.19804190e+05 -5.41936895e+05 7.33435207e+05
 2.19800729e+05 -5.41938325e+05 7.33435199e+05
 2.19797269e+05 -5.41939755e+05 7.33435191e+05
 2.19793866e+05 -5.41941161e+05 7.33435183e+05
 2.19790463e+05 -5.41942567e+05 7.33435175e+05
 2.19787060e+05 -5.41943972e+05 7.33435167e+05
 2.19783715e+05 -5.41945354e+05 7.33435160e+05
 2.19780369e+05 -5.41946737e+05 7.33435152e+05
 2.19777025e+05 -5.41948118e+05 7.33435144e+05
 2.19773680e+05 -5.41949500e+05 7.33435136e+05
 2.19770392e+05 -5.41950859e+05 7.33435128e+05
 2.19766643e+05 -5.41952407e+05 7.33435120e+05
 2.19762952e+05 -5.41953932e+05 7.33435111e+05
 2.19759261e+05 -5.41955457e+05 7.33435102e+05
 2.19755569e+05 -5.41956983e+05 7.33435094e+05
 2.19751878e+05 -5.41958508e+05 7.33435085e+05
 2.19748244e+05 -5.41960009e+05 7.33435077e+05
 2.19744611e+05 -5.41961510e+05 7.33435068e+05
 2.19740978e+05 -5.41963011e+05 7.33435060e+05
 2.19737344e+05 -5.41964512e+05 7.33435051e+05
 2.19733769e+05 -5.41965989e+05 7.33435043e+05
 2.19730193e+05 -5.41967467e+05 7.33435034e+05
 2.19726616e+05 -5.41968944e+05 7.33435026e+05
 2.19723099e+05 -5.41970398e+05 7.33435018e+05
 2.19719580e+05 -5.41971851e+05 7.33435009e+05
 2.19716062e+05 -5.41973305e+05 7.33435001e+05
 2.19712544e+05 -5.41974758e+05 7.33434993e+05
 2.19709083e+05 -5.41976188e+05 7.33434985e+05
 2.19705624e+05 -5.41977617e+05 7.33434977e+05
 2.19702162e+05 -5.41979047e+05 7.33434968e+05
 2.19698703e+05 -5.41980476e+05 7.33434960e+05
 2.19695299e+05 -5.41981883e+05 7.33434952e+05
 2.19691899e+05 -5.41983287e+05 7.33434944e+05
 2.19688493e+05 -5.41984694e+05 7.33434936e+05
 2.19685148e+05 -5.41986076e+05 7.33434928e+05
 2.19681803e+05 -5.41987458e+05 7.33434920e+05
 2.19678458e+05 -5.41988840e+05 7.33434913e+05
 2.19675113e+05 -5.41990223e+05 7.33434905e+05
 2.19671825e+05 -5.41991581e+05 7.33434897e+05
 2.19668538e+05 -5.41992939e+05 7.33434889e+05
 2.19665250e+05 -5.41994297e+05 7.33434881e+05
 2.19661963e+05 -5.41995655e+05 7.33434874e+05
 2.19658733e+05 -5.41996990e+05 7.33434866e+05
 2.19655503e+05 -5.41998324e+05 7.33434858e+05
 2.19652273e+05 -5.41999658e+05 7.33434851e+05
 2.19649101e+05 -5.42000969e+05 7.33434843e+05
 2.19645929e+05 -5.42002279e+05 7.33434836e+05
 2.19642757e+05 -5.42003590e+05 7.33434828e+05
 2.19639585e+05 -5.42004901e+05 7.33434821e+05
 2.19636470e+05 -5.42006187e+05 7.33434814e+05
 2.19633356e+05 -5.42007474e+05 7.33434806e+05
 2.19630241e+05 -5.42008761e+05 7.33434799e+05
 2.19627127e+05 -5.42010047e+05 7.33434791e+05
 2.19624070e+05 -5.42011310e+05 7.33434784e+05
 2.19621013e+05 -5.42012573e+05 7.33434777e+05
 2.19617957e+05 -5.42013836e+05 7.33434770e+05
 2.19614958e+05 -5.42015075e+05 7.33434763e+05
 2.19611958e+05 -5.42016314e+05 7.33434756e+05
 2.19608959e+05 -5.42017553e+05 7.33434748e+05
 2.19605960e+05 -5.42018792e+05 7.33434741e+05
 2.19603019e+05 -5.42020007e+05 7.33434734e+05
 2.19599616e+05 -5.42021413e+05 7.33434726e+05
 2.19596213e+05 -5.42022819e+05 7.33434718e+05
 2.19592810e+05 -5.42024225e+05 7.33434710e+05
 2.19589465e+05 -5.42025607e+05 7.33434702e+05
 2.19586120e+05 -5.42026989e+05 7.33434694e+05
 2.19582775e+05 -5.42028371e+05 7.33434686e+05
 2.19579430e+05 -5.42029753e+05 7.33434678e+05
 2.19576142e+05 -5.42031111e+05 7.33434671e+05
 2.19572855e+05 -5.42032469e+05 7.33434663e+05
 2.19569567e+05 -5.42033828e+05 7.33434655e+05
 2.19566280e+05 -5.42035186e+05 7.33434647e+05
 2.19563050e+05 -5.42036520e+05 7.33434640e+05
 2.19559820e+05 -5.42037855e+05 7.33434632e+05
 2.19556590e+05 -5.42039189e+05 7.33434624e+05
 2.19553418e+05 -5.42040500e+05 7.33434617e+05
 2.19550246e+05 -5.42041810e+05 7.33434609e+05
 2.19547074e+05 -5.42043121e+05 7.33434602e+05
 2.19543902e+05 -5.42044431e+05 7.33434594e+05
 2.19540787e+05 -5.42045718e+05 7.33434587e+05
 2.19537673e+05 -5.42047005e+05 7.33434579e+05
 2.19534558e+05 -5.42048291e+05 7.33434572e+05
 2.19531444e+05 -5.42049578e+05 7.33434564e+05
 2.19528387e+05 -5.42050841e+05 7.33434557e+05
 2.19525330e+05 -5.42052104e+05 7.33434550e+05
 2.19522274e+05 -5.42053367e+05 7.33434543e+05
 2.19519275e+05 -5.42054606e+05 7.33434535e+05
 2.19515814e+05 -5.42056035e+05 7.33434527e+05
 2.19512354e+05 -5.42057465e+05 7.33434519e+05
 2.19508893e+05 -5.42058895e+05 7.33434511e+05
 2.19505433e+05 -5.42060324e+05 7.33434502e+05
 2.19502030e+05 -5.42061730e+05 7.33434494e+05
 2.19498627e+05 -5.42063136e+05 7.33434486e+05
 2.19495223e+05 -5.42064542e+05 7.33434478e+05
 2.19491878e+05 -5.42065924e+05 7.33434470e+05
 2.19488533e+05 -5.42067306e+05 7.33434462e+05
 2.19485188e+05 -5.42068688e+05 7.33434454e+05
 2.19481843e+05 -5.42070070e+05 7.33434446e+05
 2.19478556e+05 -5.42071428e+05 7.33434438e+05
 2.19475268e+05 -5.42072787e+05 7.33434430e+05
 2.19471981e+05 -5.42074145e+05 7.33434423e+05
 2.19468694e+05 -5.42075503e+05 7.33434415e+05
 2.19465463e+05 -5.42076837e+05 7.33434407e+05
 2.19462235e+05 -5.42078171e+05 7.33434399e+05
 2.19459004e+05 -5.42079506e+05 7.33434392e+05
 2.19455832e+05 -5.42080817e+05 7.33434384e+05
 2.19452660e+05 -5.42082127e+05 7.33434376e+05
 2.19449487e+05 -5.42083438e+05 7.33434369e+05
 2.19446315e+05 -5.42084748e+05 7.33434361e+05
 2.19443201e+05 -5.42086035e+05 7.33434354e+05
 2.19440086e+05 -5.42087322e+05 7.33434346e+05
 2.19436972e+05 -5.42088608e+05 7.33434339e+05
 2.19433454e+05 -5.42090062e+05 7.33434330e+05
 2.19429936e+05 -5.42091515e+05 7.33434322e+05
 2.19426417e+05 -5.42092969e+05 7.33434314e+05
 2.19422901e+05 -5.42094422e+05 7.33434305e+05
 2.19419439e+05 -5.42095852e+05 7.33434297e+05
 2.19415978e+05 -5.42097282e+05 7.33434289e+05
 2.19412518e+05 -5.42098711e+05 7.33434280e+05
 2.19409057e+05 -5.42100141e+05 7.33434272e+05
 2.19405654e+05 -5.42101547e+05 7.33434264e+05
 2.19402252e+05 -5.42102953e+05 7.33434256e+05
 2.19398849e+05 -5.42104359e+05 7.33434247e+05
 2.19395504e+05 -5.42105741e+05 7.33434239e+05
 2.19392158e+05 -5.42107123e+05 7.33434231e+05
 2.19388813e+05 -5.42108505e+05 7.33434223e+05
 2.19385468e+05 -5.42109887e+05 7.33434215e+05
 2.19382181e+05 -5.42111245e+05 7.33434207e+05
 2.19378893e+05 -5.42112603e+05 7.33434199e+05
 2.19375606e+05 -5.42113961e+05 7.33434192e+05
 2.19372318e+05 -5.42115319e+05 7.33434184e+05
 2.19369088e+05 -5.42116654e+05 7.33434176e+05
 2.19365859e+05 -5.42117988e+05 7.33434168e+05
 2.19362629e+05 -5.42119323e+05 7.33434160e+05
 2.19359457e+05 -5.42120633e+05 7.33434153e+05
 2.19356284e+05 -5.42121944e+05 7.33434145e+05
 2.19352651e+05 -5.42123445e+05 7.33434136e+05
 2.19349075e+05 -5.42124922e+05 7.33434128e+05
 2.19345499e+05 -5.42126400e+05 7.33434119e+05
 2.19341923e+05 -5.42127877e+05 7.33434110e+05
 2.19338405e+05 -5.42129330e+05 7.33434102e+05
 2.19334887e+05 -5.42130784e+05 7.33434093e+05
 2.19331369e+05 -5.42132237e+05 7.33434085e+05
 2.19327851e+05 -5.42133691e+05 7.33434076e+05
 2.19324390e+05 -5.42135121e+05 7.33434068e+05
 2.19320929e+05 -5.42136551e+05 7.33434060e+05
 2.19317469e+05 -5.42137980e+05 7.33434051e+05
 2.19314009e+05 -5.42139410e+05 7.33434043e+05
 2.19310606e+05 -5.42140815e+05 7.33434035e+05
 2.19307203e+05 -5.42142221e+05 7.33434027e+05
 2.19303800e+05 -5.42143627e+05 7.33434018e+05
 2.19300455e+05 -5.42145009e+05 7.33434010e+05
 2.19297110e+05 -5.42146391e+05 7.33434002e+05
 2.19293765e+05 -5.42147773e+05 7.33433994e+05
 2.19290420e+05 -5.42149155e+05 7.33433986e+05
 2.19287131e+05 -5.42150514e+05 7.33433978e+05
 2.19283845e+05 -5.42151872e+05 7.33433970e+05
 2.19280557e+05 -5.42153230e+05 7.33433962e+05
 2.19277269e+05 -5.42154588e+05 7.33433954e+05
 2.19274040e+05 -5.42155922e+05 7.33433946e+05
 2.19270349e+05 -5.42157447e+05 7.33433937e+05
 2.19266715e+05 -5.42158949e+05 7.33433929e+05
 2.19263082e+05 -5.42160450e+05 7.33433920e+05
 2.19259448e+05 -5.42161951e+05 7.33433911e+05
 2.19255814e+05 -5.42163452e+05 7.33433902e+05
 2.19252238e+05 -5.42164930e+05 7.33433893e+05
 2.19248665e+05 -5.42166406e+05 7.33433885e+05
 2.19245087e+05 -5.42167884e+05 7.33433876e+05
 2.19241568e+05 -5.42169338e+05 7.33433868e+05
 2.19238051e+05 -5.42170791e+05 7.33433859e+05
 2.19234532e+05 -5.42172245e+05 7.33433850e+05
 2.19231014e+05 -5.42173698e+05 7.33433842e+05
 2.19227555e+05 -5.42175127e+05 7.33433834e+05
 2.19224093e+05 -5.42176558e+05 7.33433825e+05
 2.19220632e+05 -5.42177987e+05 7.33433817e+05
 2.19217172e+05 -5.42179417e+05 7.33433808e+05
 2.19213772e+05 -5.42180822e+05 7.33433800e+05
 2.19210369e+05 -5.42182227e+05 7.33433792e+05
 2.19206963e+05 -5.42183635e+05 7.33433783e+05
 2.19203618e+05 -5.42185017e+05 7.33433775e+05
 2.19200273e+05 -5.42186399e+05 7.33433767e+05
 2.19196928e+05 -5.42187781e+05 7.33433759e+05
 2.19193583e+05 -5.42189163e+05 7.33433751e+05
 2.19190295e+05 -5.42190521e+05 7.33433743e+05
 2.19186548e+05 -5.42192069e+05 7.33433734e+05
 2.19182857e+05 -5.42193594e+05 7.33433725e+05
 2.19179164e+05 -5.42195120e+05 7.33433716e+05
 2.19175473e+05 -5.42196645e+05 7.33433707e+05
 2.19171782e+05 -5.42198170e+05 7.33433698e+05
 2.19168148e+05 -5.42199671e+05 7.33433689e+05
 2.19164515e+05 -5.42201172e+05 7.33433680e+05
 2.19160881e+05 -5.42202673e+05 7.33433671e+05
 2.19157247e+05 -5.42204174e+05 7.33433662e+05
 2.19153672e+05 -5.42205652e+05 7.33433654e+05
 2.19150096e+05 -5.42207129e+05 7.33433645e+05
 2.19146520e+05 -5.42208606e+05 7.33433636e+05
 2.19143002e+05 -5.42210060e+05 7.33433627e+05
 2.19139484e+05 -5.42211513e+05 7.33433619e+05
 2.19135965e+05 -5.42212967e+05 7.33433610e+05
 2.19132447e+05 -5.42214420e+05 7.33433602e+05
 2.19128987e+05 -5.42215850e+05 7.33433593e+05
 2.19125526e+05 -5.42217280e+05 7.33433585e+05
 2.19122066e+05 -5.42218709e+05 7.33433576e+05
 2.19118605e+05 -5.42220139e+05 7.33433568e+05
 2.19115202e+05 -5.42221545e+05 7.33433559e+05
 2.19111800e+05 -5.42222951e+05 7.33433551e+05
 2.19108397e+05 -5.42224357e+05 7.33433543e+05
 2.19105052e+05 -5.42225739e+05 7.33433535e+05
 2.19101706e+05 -5.42227121e+05 7.33433526e+05
 2.19098361e+05 -5.42228503e+05 7.33433518e+05
 2.19095016e+05 -5.42229885e+05 7.33433510e+05
 2.19091729e+05 -5.42231243e+05 7.33433502e+05
 2.19088441e+05 -5.42232601e+05 7.33433494e+05
 2.19085154e+05 -5.42233959e+05 7.33433486e+05
 2.19081866e+05 -5.42235318e+05 7.33433478e+05
 2.19078636e+05 -5.42236652e+05 7.33433470e+05
 2.19075407e+05 -5.42237986e+05 7.33433462e+05
 2.19072177e+05 -5.42239321e+05 7.33433454e+05
 2.19069005e+05 -5.42240631e+05 7.33433446e+05
 2.19065833e+05 -5.42241942e+05 7.33433438e+05
 2.19062660e+05 -5.42243252e+05 7.33433431e+05
 2.19059488e+05 -5.42244563e+05 7.33433423e+05
 2.19056374e+05 -5.42245850e+05 7.33433415e+05
 2.19053259e+05 -5.42247136e+05 7.33433407e+05
 2.19050145e+05 -5.42248423e+05 7.33433400e+05
 2.19047030e+05 -5.42249710e+05 7.33433392e+05
 2.19043973e+05 -5.42250973e+05 7.33433385e+05
 2.19040916e+05 -5.42252236e+05 7.33433377e+05
 2.19037860e+05 -5.42253499e+05 7.33433370e+05
 2.19034860e+05 -5.42254738e+05 7.33433362e+05
 2.19031862e+05 -5.42255977e+05 7.33433355e+05
 2.19028863e+05 -5.42257216e+05 7.33433347e+05
 2.19025866e+05 -5.42258454e+05 7.33433340e+05
 2.19022922e+05 -5.42259670e+05 7.33433333e+05
 2.19019519e+05 -5.42261076e+05 7.33433324e+05
 2.19016116e+05 -5.42262482e+05 7.33433316e+05
 2.19012716e+05 -5.42263886e+05 7.33433308e+05
 2.19009369e+05 -5.42265269e+05 7.33433299e+05
 2.19006026e+05 -5.42266650e+05 7.33433291e+05
 2.19002681e+05 -5.42268032e+05 7.33433283e+05
 2.18999333e+05 -5.42269416e+05 7.33433275e+05
 2.18996047e+05 -5.42270773e+05 7.33433267e+05
 2.18992758e+05 -5.42272132e+05 7.33433258e+05
 2.18989470e+05 -5.42273490e+05 7.33433250e+05
 2.18986183e+05 -5.42274848e+05 7.33433242e+05
 2.18982953e+05 -5.42276183e+05 7.33433234e+05
 2.18979726e+05 -5.42277516e+05 7.33433226e+05
 2.18976494e+05 -5.42278852e+05 7.33433218e+05
 2.18973323e+05 -5.42280162e+05 7.33433210e+05
 2.18970151e+05 -5.42281472e+05 7.33433203e+05
 2.18966979e+05 -5.42282783e+05 7.33433195e+05
 2.18963805e+05 -5.42284094e+05 7.33433187e+05
 2.18960692e+05 -5.42285380e+05 7.33433179e+05
 2.18957578e+05 -5.42286667e+05 7.33433171e+05
 2.18954462e+05 -5.42287954e+05 7.33433164e+05
 2.18951347e+05 -5.42289241e+05 7.33433156e+05
 2.18948290e+05 -5.42290504e+05 7.33433148e+05
 2.18945234e+05 -5.42291766e+05 7.33433141e+05
 2.18942177e+05 -5.42293029e+05 7.33433133e+05
 2.18939179e+05 -5.42294268e+05 7.33433126e+05
 2.18935717e+05 -5.42295698e+05 7.33433117e+05
 2.18932257e+05 -5.42297128e+05 7.33433109e+05
 2.18928796e+05 -5.42298557e+05 7.33433100e+05
 2.18925336e+05 -5.42299987e+05 7.33433092e+05
 2.18921933e+05 -5.42301393e+05 7.33433083e+05
 2.18918530e+05 -5.42302799e+05 7.33433075e+05
 2.18915129e+05 -5.42304204e+05 7.33433066e+05
 2.18911782e+05 -5.42305587e+05 7.33433058e+05
 2.18908437e+05 -5.42306969e+05 7.33433050e+05
 2.18905092e+05 -5.42308351e+05 7.33433041e+05
 2.18901747e+05 -5.42309733e+05 7.33433033e+05
 2.18898459e+05 -5.42311091e+05 7.33433025e+05
 2.18895172e+05 -5.42312449e+05 7.33433017e+05
 2.18891884e+05 -5.42313807e+05 7.33433008e+05
 2.18888597e+05 -5.42315166e+05 7.33433000e+05
 2.18885367e+05 -5.42316500e+05 7.33432992e+05
 2.18882139e+05 -5.42317834e+05 7.33432984e+05
 2.18878907e+05 -5.42319169e+05 7.33432976e+05
 2.18875735e+05 -5.42320479e+05 7.33432968e+05
 2.18872565e+05 -5.42321789e+05 7.33432960e+05
 2.18869391e+05 -5.42323100e+05 7.33432953e+05
 2.18866219e+05 -5.42324411e+05 7.33432945e+05
 2.18863104e+05 -5.42325698e+05 7.33432937e+05
 2.18859990e+05 -5.42326984e+05 7.33432929e+05
 2.18856876e+05 -5.42328271e+05 7.33432921e+05
 2.18853357e+05 -5.42329725e+05 7.33432913e+05
 2.18849839e+05 -5.42331178e+05 7.33432904e+05
 2.18846321e+05 -5.42332632e+05 7.33432895e+05
 2.18842802e+05 -5.42334085e+05 7.33432886e+05
 2.18839342e+05 -5.42335515e+05 7.33432878e+05
 2.18835882e+05 -5.42336944e+05 7.33432869e+05
 2.18832421e+05 -5.42338374e+05 7.33432860e+05
 2.18828963e+05 -5.42339803e+05 7.33432852e+05
 2.18825558e+05 -5.42341210e+05 7.33432843e+05
 2.18822155e+05 -5.42342616e+05 7.33432835e+05
 2.18818752e+05 -5.42344022e+05 7.33432826e+05
 2.18815407e+05 -5.42345403e+05 7.33432818e+05
 2.18812061e+05 -5.42346786e+05 7.33432810e+05
 2.18808717e+05 -5.42348167e+05 7.33432801e+05
 2.18805372e+05 -5.42349550e+05 7.33432793e+05
 2.18802084e+05 -5.42350908e+05 7.33432785e+05
 2.18798799e+05 -5.42352265e+05 7.33432776e+05
 2.18795510e+05 -5.42353624e+05 7.33432768e+05
 2.18792222e+05 -5.42354982e+05 7.33432760e+05
 2.18788993e+05 -5.42356316e+05 7.33432752e+05
 2.18785762e+05 -5.42357651e+05 7.33432744e+05
 2.18782535e+05 -5.42358984e+05 7.33432736e+05
 2.18779360e+05 -5.42360296e+05 7.33432728e+05
 2.18776188e+05 -5.42361607e+05 7.33432720e+05
 2.18772554e+05 -5.42363108e+05 7.33432711e+05
 2.18768979e+05 -5.42364585e+05 7.33432702e+05
 2.18765406e+05 -5.42366061e+05 7.33432693e+05
 2.18761827e+05 -5.42367540e+05 7.33432684e+05
 2.18758309e+05 -5.42368993e+05 7.33432675e+05
 2.18754790e+05 -5.42370447e+05 7.33432666e+05
 2.18751274e+05 -5.42371900e+05 7.33432657e+05
 2.18747756e+05 -5.42373353e+05 7.33432649e+05
 2.18744295e+05 -5.42374783e+05 7.33432640e+05
 2.18740833e+05 -5.42376213e+05 7.33432631e+05
 2.18737373e+05 -5.42377643e+05 7.33432622e+05
 2.18733912e+05 -5.42379073e+05 7.33432614e+05
 2.18730509e+05 -5.42380479e+05 7.33432605e+05
 2.18727108e+05 -5.42381884e+05 7.33432597e+05
 2.18723705e+05 -5.42383290e+05 7.33432588e+05
 2.18720360e+05 -5.42384672e+05 7.33432580e+05
 2.18717014e+05 -5.42386054e+05 7.33432571e+05
 2.18713668e+05 -5.42387436e+05 7.33432563e+05
 2.18710323e+05 -5.42388818e+05 7.33432554e+05
 2.18707037e+05 -5.42390176e+05 7.33432546e+05
 2.18703749e+05 -5.42391534e+05 7.33432538e+05
 2.18700461e+05 -5.42392893e+05 7.33432530e+05
 2.18697175e+05 -5.42394251e+05 7.33432521e+05
 2.18693943e+05 -5.42395586e+05 7.33432513e+05
 2.18690254e+05 -5.42397110e+05 7.33432504e+05
 2.18686619e+05 -5.42398612e+05 7.33432495e+05
 2.18682985e+05 -5.42400113e+05 7.33432486e+05
 2.18679353e+05 -5.42401613e+05 7.33432476e+05
 2.18675719e+05 -5.42403115e+05 7.33432467e+05
 2.18672142e+05 -5.42404593e+05 7.33432458e+05
 2.18668566e+05 -5.42406070e+05 7.33432449e+05
 2.18664990e+05 -5.42407547e+05 7.33432440e+05
 2.18661472e+05 -5.42409001e+05 7.33432431e+05
 2.18657954e+05 -5.42410454e+05 7.33432423e+05
 2.18654436e+05 -5.42411908e+05 7.33432414e+05
 2.18650918e+05 -5.42413361e+05 7.33432405e+05
 2.18647457e+05 -5.42414791e+05 7.33432396e+05
 2.18643997e+05 -5.42416221e+05 7.33432387e+05
 2.18640536e+05 -5.42417650e+05 7.33432379e+05
 2.18637077e+05 -5.42419079e+05 7.33432370e+05
 2.18633673e+05 -5.42420486e+05 7.33432361e+05
 2.18630270e+05 -5.42421892e+05 7.33432353e+05
 2.18626869e+05 -5.42423297e+05 7.33432344e+05
 2.18623524e+05 -5.42424679e+05 7.33432335e+05
 2.18620177e+05 -5.42426062e+05 7.33432327e+05
 2.18616832e+05 -5.42427444e+05 7.33432319e+05
 2.18613487e+05 -5.42428826e+05 7.33432310e+05
 2.18610199e+05 -5.42430184e+05 7.33432302e+05
 2.18606450e+05 -5.42431733e+05 7.33432292e+05
 2.18602759e+05 -5.42433258e+05 7.33432283e+05
 2.18599068e+05 -5.42434783e+05 7.33432274e+05
 2.18595377e+05 -5.42436308e+05 7.33432264e+05
 2.18591685e+05 -5.42437833e+05 7.33432255e+05
 2.18588052e+05 -5.42439334e+05 7.33432246e+05
 2.18584418e+05 -5.42440835e+05 7.33432236e+05
 2.18580785e+05 -5.42442336e+05 7.33432227e+05
 2.18577151e+05 -5.42443838e+05 7.33432218e+05
 2.18573575e+05 -5.42445315e+05 7.33432209e+05
 2.18570000e+05 -5.42446792e+05 7.33432200e+05
 2.18566424e+05 -5.42448270e+05 7.33432191e+05
 2.18562906e+05 -5.42449723e+05 7.33432182e+05
 2.18559390e+05 -5.42451175e+05 7.33432173e+05
 2.18555869e+05 -5.42452630e+05 7.33432164e+05
 2.18552351e+05 -5.42454084e+05 7.33432155e+05
 2.18548891e+05 -5.42455513e+05 7.33432146e+05
 2.18545433e+05 -5.42456942e+05 7.33432137e+05
 2.18541971e+05 -5.42458372e+05 7.33432129e+05
 2.18538509e+05 -5.42459802e+05 7.33432120e+05
 2.18535106e+05 -5.42461208e+05 7.33432111e+05
 2.18531705e+05 -5.42462614e+05 7.33432103e+05
 2.18528300e+05 -5.42464020e+05 7.33432094e+05
 2.18524955e+05 -5.42465402e+05 7.33432085e+05
 2.18521611e+05 -5.42466784e+05 7.33432077e+05
 2.18518265e+05 -5.42468166e+05 7.33432068e+05
 2.18514921e+05 -5.42469548e+05 7.33432060e+05
 2.18511632e+05 -5.42470906e+05 7.33432051e+05
 2.18508346e+05 -5.42472264e+05 7.33432043e+05
 2.18505057e+05 -5.42473623e+05 7.33432035e+05
 2.18501769e+05 -5.42474982e+05 7.33432026e+05
 2.18498540e+05 -5.42476315e+05 7.33432018e+05
 2.18495312e+05 -5.42477649e+05 7.33432010e+05
 2.18492082e+05 -5.42478984e+05 7.33432002e+05
 2.18488910e+05 -5.42480294e+05 7.33431993e+05
 2.18485736e+05 -5.42481605e+05 7.33431985e+05
 2.18482566e+05 -5.42482915e+05 7.33431977e+05
 2.18479393e+05 -5.42484226e+05 7.33431969e+05
 2.18476279e+05 -5.42485512e+05 7.33431961e+05
 2.18473163e+05 -5.42486800e+05 7.33431953e+05
 2.18470049e+05 -5.42488087e+05 7.33431945e+05
 2.18466936e+05 -5.42489373e+05 7.33431937e+05
 2.18463879e+05 -5.42490636e+05 7.33431930e+05
 2.18460821e+05 -5.42491899e+05 7.33431922e+05
 2.18457764e+05 -5.42493162e+05 7.33431914e+05
 2.18454765e+05 -5.42494401e+05 7.33431906e+05
 2.18451766e+05 -5.42495640e+05 7.33431899e+05
 2.18448766e+05 -5.42496879e+05 7.33431891e+05
 2.18445769e+05 -5.42498118e+05 7.33431883e+05
 2.18442826e+05 -5.42499333e+05 7.33431876e+05
 2.18439423e+05 -5.42500739e+05 7.33431867e+05
 2.18436022e+05 -5.42502145e+05 7.33431858e+05
 2.18432617e+05 -5.42503551e+05 7.33431850e+05
 2.18429274e+05 -5.42504932e+05 7.33431841e+05
 2.18425929e+05 -5.42506314e+05 7.33431832e+05
 2.18422583e+05 -5.42507696e+05 7.33431824e+05
 2.18419237e+05 -5.42509079e+05 7.33431815e+05
 2.18415951e+05 -5.42510437e+05 7.33431807e+05
 2.18412663e+05 -5.42511795e+05 7.33431798e+05
 2.18409376e+05 -5.42513153e+05 7.33431790e+05
 2.18406087e+05 -5.42514512e+05 7.33431781e+05
 2.18402857e+05 -5.42515846e+05 7.33431773e+05
 2.18399627e+05 -5.42517181e+05 7.33431765e+05
 2.18396398e+05 -5.42518515e+05 7.33431757e+05
 2.18393225e+05 -5.42519826e+05 7.33431748e+05
 2.18390053e+05 -5.42521136e+05 7.33431740e+05
 2.18386881e+05 -5.42522447e+05 7.33431732e+05
 2.18383709e+05 -5.42523757e+05 7.33431724e+05
 2.18380595e+05 -5.42525044e+05 7.33431716e+05
 2.18377480e+05 -5.42526331e+05 7.33431708e+05
 2.18374366e+05 -5.42527617e+05 7.33431700e+05
 2.18371251e+05 -5.42528904e+05 7.33431692e+05
 2.18368195e+05 -5.42530167e+05 7.33431684e+05
 2.18365138e+05 -5.42531430e+05 7.33431676e+05
 2.18362081e+05 -5.42532693e+05 7.33431668e+05
 2.18359082e+05 -5.42533932e+05 7.33431661e+05
 2.18355621e+05 -5.42535362e+05 7.33431652e+05
 2.18352161e+05 -5.42536791e+05 7.33431643e+05
 2.18348700e+05 -5.42538221e+05 7.33431634e+05
 2.18345239e+05 -5.42539651e+05 7.33431625e+05
 2.18341837e+05 -5.42541057e+05 7.33431616e+05
 2.18338434e+05 -5.42542462e+05 7.33431608e+05
 2.18335031e+05 -5.42543869e+05 7.33431599e+05
 2.18331686e+05 -5.42545250e+05 7.33431590e+05
 2.18328341e+05 -5.42546632e+05 7.33431582e+05
 2.18324996e+05 -5.42548014e+05 7.33431573e+05
 2.18321651e+05 -5.42549396e+05 7.33431564e+05
 2.18318363e+05 -5.42550755e+05 7.33431556e+05
 2.18315078e+05 -5.42552112e+05 7.33431547e+05
 2.18311790e+05 -5.42553471e+05 7.33431539e+05
 2.18308504e+05 -5.42554828e+05 7.33431530e+05
 2.18305272e+05 -5.42556163e+05 7.33431522e+05
 2.18302041e+05 -5.42557498e+05 7.33431514e+05
 2.18298813e+05 -5.42558832e+05 7.33431505e+05
 2.18295639e+05 -5.42560143e+05 7.33431497e+05
 2.18292470e+05 -5.42561452e+05 7.33431489e+05
 2.18289295e+05 -5.42562764e+05 7.33431481e+05
 2.18286123e+05 -5.42564075e+05 7.33431473e+05
 2.18283011e+05 -5.42565360e+05 7.33431464e+05
 2.18279897e+05 -5.42566647e+05 7.33431456e+05
 2.18276782e+05 -5.42567934e+05 7.33431448e+05
 2.18273261e+05 -5.42569388e+05 7.33431439e+05
 2.18269743e+05 -5.42570842e+05 7.33431430e+05
 2.18266228e+05 -5.42572294e+05 7.33431421e+05
 2.18262707e+05 -5.42573749e+05 7.33431412e+05
 2.18259248e+05 -5.42575178e+05 7.33431403e+05
 2.18255787e+05 -5.42576608e+05 7.33431394e+05
 2.18252325e+05 -5.42578038e+05 7.33431385e+05
 2.18248865e+05 -5.42579468e+05 7.33431376e+05
 2.18245462e+05 -5.42580874e+05 7.33431367e+05
 2.18242060e+05 -5.42582279e+05 7.33431358e+05
 2.18238658e+05 -5.42583685e+05 7.33431350e+05
 2.18235312e+05 -5.42585067e+05 7.33431341e+05
 2.18231966e+05 -5.42586449e+05 7.33431332e+05
 2.18228621e+05 -5.42587831e+05 7.33431324e+05
 2.18225276e+05 -5.42589213e+05 7.33431315e+05
 2.18221990e+05 -5.42590571e+05 7.33431306e+05
 2.18218702e+05 -5.42591929e+05 7.33431298e+05
 2.18215415e+05 -5.42593287e+05 7.33431289e+05
 2.18212127e+05 -5.42594646e+05 7.33431281e+05
 2.18208896e+05 -5.42595981e+05 7.33431272e+05
 2.18205666e+05 -5.42597315e+05 7.33431264e+05
 2.18202438e+05 -5.42598649e+05 7.33431256e+05
 2.18199264e+05 -5.42599960e+05 7.33431247e+05
 2.18196092e+05 -5.42601271e+05 7.33431239e+05
 2.18192459e+05 -5.42602772e+05 7.33431230e+05
 2.18188883e+05 -5.42604249e+05 7.33431220e+05
 2.18185308e+05 -5.42605726e+05 7.33431211e+05
 2.18181731e+05 -5.42607204e+05 7.33431202e+05
 2.18178213e+05 -5.42608657e+05 7.33431193e+05
 2.18174694e+05 -5.42610111e+05 7.33431183e+05
 2.18171178e+05 -5.42611564e+05 7.33431174e+05
 2.18167658e+05 -5.42613018e+05 7.33431165e+05
 2.18164199e+05 -5.42614447e+05 7.33431156e+05
 2.18160737e+05 -5.42615877e+05 7.33431147e+05
 2.18157277e+05 -5.42617307e+05 7.33431138e+05
 2.18153816e+05 -5.42618737e+05 7.33431129e+05
 2.18150413e+05 -5.42620142e+05 7.33431120e+05
 2.18147011e+05 -5.42621548e+05 7.33431111e+05
 2.18143608e+05 -5.42622954e+05 7.33431102e+05
 2.18140263e+05 -5.42624336e+05 7.33431094e+05
 2.18136919e+05 -5.42625718e+05 7.33431085e+05
 2.18133572e+05 -5.42627100e+05 7.33431076e+05
 2.18130229e+05 -5.42628482e+05 7.33431067e+05
 2.18126940e+05 -5.42629841e+05 7.33431059e+05
 2.18123652e+05 -5.42631199e+05 7.33431050e+05
 2.18120365e+05 -5.42632557e+05 7.33431042e+05
 2.18117077e+05 -5.42633915e+05 7.33431033e+05
 2.18113847e+05 -5.42635250e+05 7.33431025e+05
 2.18110156e+05 -5.42636775e+05 7.33431015e+05
 2.18106523e+05 -5.42638276e+05 7.33431005e+05
 2.18102889e+05 -5.42639777e+05 7.33430996e+05
 2.18099256e+05 -5.42641278e+05 7.33430986e+05
 2.18095622e+05 -5.42642779e+05 7.33430977e+05
 2.18092046e+05 -5.42644257e+05 7.33430968e+05
 2.18088471e+05 -5.42645734e+05 7.33430958e+05
 2.18084895e+05 -5.42647211e+05 7.33430949e+05
 2.18081376e+05 -5.42648665e+05 7.33430940e+05
 2.18077859e+05 -5.42650118e+05 7.33430930e+05
 2.18074340e+05 -5.42651572e+05 7.33430921e+05
 2.18070821e+05 -5.42653026e+05 7.33430912e+05
 2.18067361e+05 -5.42654455e+05 7.33430903e+05
 2.18063902e+05 -5.42655884e+05 7.33430894e+05
 2.18060442e+05 -5.42657314e+05 7.33430885e+05
 2.18056980e+05 -5.42658744e+05 7.33430876e+05
 2.18053578e+05 -5.42660150e+05 7.33430867e+05
 2.18050175e+05 -5.42661555e+05 7.33430858e+05
 2.18046771e+05 -5.42662962e+05 7.33430849e+05
 2.18043426e+05 -5.42664344e+05 7.33430840e+05
 2.18040081e+05 -5.42665726e+05 7.33430831e+05
 2.18036737e+05 -5.42667107e+05 7.33430823e+05
 2.18033392e+05 -5.42668489e+05 7.33430814e+05
 2.18030105e+05 -5.42669848e+05 7.33430805e+05
 2.18026354e+05 -5.42671397e+05 7.33430795e+05
 2.18022665e+05 -5.42672922e+05 7.33430786e+05
 2.18018973e+05 -5.42674447e+05 7.33430776e+05
 2.18015281e+05 -5.42675972e+05 7.33430766e+05
 2.18011591e+05 -5.42677497e+05 7.33430756e+05
 2.18007956e+05 -5.42678998e+05 7.33430747e+05
 2.18004324e+05 -5.42680499e+05 7.33430737e+05
 2.18000690e+05 -5.42682000e+05 7.33430728e+05
 2.17997055e+05 -5.42683502e+05 7.33430718e+05
 2.17993480e+05 -5.42684979e+05 7.33430709e+05
 2.17989905e+05 -5.42686456e+05 7.33430699e+05
 2.17986329e+05 -5.42687933e+05 7.33430690e+05
 2.17982811e+05 -5.42689387e+05 7.33430681e+05
 2.17979291e+05 -5.42690841e+05 7.33430671e+05
 2.17975773e+05 -5.42692294e+05 7.33430662e+05
 2.17972255e+05 -5.42693748e+05 7.33430653e+05
 2.17968795e+05 -5.42695178e+05 7.33430644e+05
 2.17965336e+05 -5.42696607e+05 7.33430635e+05
 2.17961875e+05 -5.42698037e+05 7.33430625e+05
 2.17958415e+05 -5.42699466e+05 7.33430616e+05
 2.17955010e+05 -5.42700873e+05 7.33430607e+05
 2.17951608e+05 -5.42702279e+05 7.33430598e+05
 2.17948206e+05 -5.42703684e+05 7.33430589e+05
 2.17944861e+05 -5.42705066e+05 7.33430581e+05
 2.17941514e+05 -5.42706448e+05 7.33430572e+05
 2.17938169e+05 -5.42707831e+05 7.33430563e+05
 2.17934824e+05 -5.42709213e+05 7.33430554e+05
 2.17931537e+05 -5.42710571e+05 7.33430545e+05
 2.17928249e+05 -5.42711929e+05 7.33430537e+05
 2.17924963e+05 -5.42713287e+05 7.33430528e+05
 2.17921674e+05 -5.42714645e+05 7.33430519e+05
 2.17918444e+05 -5.42715980e+05 7.33430511e+05
 2.17915215e+05 -5.42717314e+05 7.33430502e+05
 2.17911985e+05 -5.42718649e+05 7.33430494e+05
 2.17908813e+05 -5.42719959e+05 7.33430485e+05
 2.17905640e+05 -5.42721270e+05 7.33430477e+05
 2.17902468e+05 -5.42722580e+05 7.33430468e+05
 2.17899296e+05 -5.42723891e+05 7.33430460e+05
 2.17896182e+05 -5.42725177e+05 7.33430452e+05
 2.17893067e+05 -5.42726464e+05 7.33430443e+05
 2.17889953e+05 -5.42727751e+05 7.33430435e+05
 2.17886839e+05 -5.42729038e+05 7.33430427e+05
 2.17883782e+05 -5.42730301e+05 7.33430419e+05
 2.17880725e+05 -5.42731563e+05 7.33430411e+05
 2.17877668e+05 -5.42732826e+05 7.33430403e+05
 2.17874669e+05 -5.42734065e+05 7.33430395e+05
 2.17871670e+05 -5.42735305e+05 7.33430387e+05
 2.17868670e+05 -5.42736544e+05 7.33430379e+05
 2.17865672e+05 -5.42737783e+05 7.33430371e+05
 2.17862731e+05 -5.42738997e+05 7.33430363e+05
 2.17859328e+05 -5.42740404e+05 7.33430354e+05
 2.17855926e+05 -5.42741809e+05 7.33430345e+05
 2.17852523e+05 -5.42743215e+05 7.33430336e+05
 2.17849178e+05 -5.42744597e+05 7.33430327e+05
 2.17845831e+05 -5.42745980e+05 7.33430318e+05
 2.17842486e+05 -5.42747362e+05 7.33430309e+05
 2.17839142e+05 -5.42748743e+05 7.33430300e+05
 2.17835854e+05 -5.42750102e+05 7.33430292e+05
 2.17832566e+05 -5.42751460e+05 7.33430283e+05
 2.17829278e+05 -5.42752819e+05 7.33430274e+05
 2.17825993e+05 -5.42754176e+05 7.33430265e+05
 2.17822762e+05 -5.42755511e+05 7.33430257e+05
 2.17819534e+05 -5.42756844e+05 7.33430248e+05
 2.17816303e+05 -5.42758179e+05 7.33430240e+05
 2.17813131e+05 -5.42759490e+05 7.33430231e+05
 2.17809959e+05 -5.42760800e+05 7.33430223e+05
 2.17806787e+05 -5.42762111e+05 7.33430214e+05
 2.17803615e+05 -5.42763421e+05 7.33430206e+05
 2.17800500e+05 -5.42764708e+05 7.33430197e+05
 2.17797384e+05 -5.42765995e+05 7.33430189e+05
 2.17794271e+05 -5.42767282e+05 7.33430181e+05
 2.17791157e+05 -5.42768568e+05 7.33430173e+05
 2.17788100e+05 -5.42769831e+05 7.33430164e+05
 2.17785043e+05 -5.42771094e+05 7.33430156e+05
 2.17781987e+05 -5.42772357e+05 7.33430148e+05
 2.17778986e+05 -5.42773597e+05 7.33430140e+05
 2.17775527e+05 -5.42775026e+05 7.33430131e+05
 2.17772066e+05 -5.42776455e+05 7.33430122e+05
 2.17768604e+05 -5.42777886e+05 7.33430112e+05
 2.17765145e+05 -5.42779315e+05 7.33430103e+05
 2.17761743e+05 -5.42780721e+05 7.33430094e+05
 2.17758338e+05 -5.42782127e+05 7.33430085e+05
 2.17754937e+05 -5.42783532e+05 7.33430076e+05
 2.17751591e+05 -5.42784915e+05 7.33430067e+05
 2.17748247e+05 -5.42786297e+05 7.33430058e+05
 2.17744902e+05 -5.42787679e+05 7.33430049e+05
 2.17741555e+05 -5.42789061e+05 7.33430040e+05
 2.17738268e+05 -5.42790419e+05 7.33430031e+05
 2.17734980e+05 -5.42791778e+05 7.33430022e+05
 2.17731693e+05 -5.42793136e+05 7.33430014e+05
 2.17728407e+05 -5.42794494e+05 7.33430005e+05
 2.17725177e+05 -5.42795828e+05 7.33429996e+05
 2.17721945e+05 -5.42797163e+05 7.33429988e+05
 2.17718717e+05 -5.42798497e+05 7.33429979e+05
 2.17715544e+05 -5.42799808e+05 7.33429970e+05
 2.17712371e+05 -5.42801118e+05 7.33429962e+05
 2.17709199e+05 -5.42802429e+05 7.33429953e+05
 2.17706027e+05 -5.42803739e+05 7.33429945e+05
 2.17702912e+05 -5.42805026e+05 7.33429936e+05
 2.17699798e+05 -5.42806313e+05 7.33429928e+05
 2.17696684e+05 -5.42807600e+05 7.33429920e+05
 2.17693167e+05 -5.42809053e+05 7.33429910e+05
 2.17689648e+05 -5.42810507e+05 7.33429901e+05
 2.17686129e+05 -5.42811960e+05 7.33429891e+05
 2.17682611e+05 -5.42813414e+05 7.33429882e+05
 2.17679151e+05 -5.42814843e+05 7.33429873e+05
 2.17675690e+05 -5.42816273e+05 7.33429863e+05
 2.17672230e+05 -5.42817703e+05 7.33429854e+05
 2.17668769e+05 -5.42819133e+05 7.33429845e+05
 2.17665366e+05 -5.42820538e+05 7.33429836e+05
 2.17661964e+05 -5.42821944e+05 7.33429827e+05
 2.17658561e+05 -5.42823350e+05 7.33429817e+05
 2.17655216e+05 -5.42824732e+05 7.33429808e+05
 2.17651870e+05 -5.42826114e+05 7.33429799e+05
 2.17648525e+05 -5.42827496e+05 7.33429790e+05
 2.17645180e+05 -5.42828878e+05 7.33429781e+05
 2.17641893e+05 -5.42830237e+05 7.33429773e+05
 2.17638606e+05 -5.42831594e+05 7.33429764e+05
 2.17635318e+05 -5.42832953e+05 7.33429755e+05
 2.17632030e+05 -5.42834311e+05 7.33429746e+05
 2.17628802e+05 -5.42835645e+05 7.33429737e+05
 2.17625571e+05 -5.42836980e+05 7.33429729e+05
 2.17622341e+05 -5.42838314e+05 7.33429720e+05
 2.17619169e+05 -5.42839625e+05 7.33429711e+05
 2.17615996e+05 -5.42840936e+05 7.33429703e+05
 2.17612363e+05 -5.42842437e+05 7.33429693e+05
 2.17608787e+05 -5.42843914e+05 7.33429683e+05
 2.17605213e+05 -5.42845391e+05 7.33429674e+05
 2.17601636e+05 -5.42846869e+05 7.33429664e+05
 2.17598119e+05 -5.42848322e+05 7.33429655e+05
 2.17594599e+05 -5.42849776e+05 7.33429645e+05
 2.17591080e+05 -5.42851230e+05 7.33429636e+05
 2.17587564e+05 -5.42852682e+05 7.33429626e+05
 2.17584102e+05 -5.42854113e+05 7.33429617e+05
 2.17580642e+05 -5.42855542e+05 7.33429607e+05
 2.17577183e+05 -5.42856971e+05 7.33429598e+05
 2.17573722e+05 -5.42858401e+05 7.33429589e+05
 2.17570319e+05 -5.42859807e+05 7.33429579e+05
 2.17566916e+05 -5.42861213e+05 7.33429570e+05
 2.17563514e+05 -5.42862619e+05 7.33429561e+05
 2.17560168e+05 -5.42864001e+05 7.33429552e+05
 2.17556822e+05 -5.42865383e+05 7.33429543e+05
 2.17553478e+05 -5.42866765e+05 7.33429534e+05
 2.17550133e+05 -5.42868147e+05 7.33429525e+05
 2.17546845e+05 -5.42869505e+05 7.33429516e+05
 2.17543557e+05 -5.42870864e+05 7.33429507e+05
 2.17540271e+05 -5.42872222e+05 7.33429498e+05
 2.17536983e+05 -5.42873580e+05 7.33429489e+05
 2.17533752e+05 -5.42874915e+05 7.33429480e+05
 2.17530061e+05 -5.42876440e+05 7.33429470e+05
 2.17526429e+05 -5.42877940e+05 7.33429461e+05
 2.17522795e+05 -5.42879442e+05 7.33429451e+05
 2.17519160e+05 -5.42880943e+05 7.33429441e+05
 2.17515529e+05 -5.42882444e+05 7.33429431e+05
 2.17511951e+05 -5.42883922e+05 7.33429421e+05
 2.17508375e+05 -5.42885399e+05 7.33429412e+05
 2.17504800e+05 -5.42886876e+05 7.33429402e+05
 2.17501282e+05 -5.42888330e+05 7.33429392e+05
 2.17497764e+05 -5.42889783e+05 7.33429383e+05
 2.17494244e+05 -5.42891237e+05 7.33429373e+05
 2.17490726e+05 -5.42892691e+05 7.33429364e+05
 2.17487266e+05 -5.42894120e+05 7.33429354e+05
 2.17483805e+05 -5.42895550e+05 7.33429345e+05
 2.17480345e+05 -5.42896980e+05 7.33429336e+05
 2.17476886e+05 -5.42898409e+05 7.33429326e+05
 2.17473482e+05 -5.42899815e+05 7.33429317e+05
 2.17470078e+05 -5.42901222e+05 7.33429308e+05
 2.17466676e+05 -5.42902627e+05 7.33429298e+05
 2.17463331e+05 -5.42904009e+05 7.33429289e+05
 2.17459986e+05 -5.42905391e+05 7.33429280e+05
 2.17456640e+05 -5.42906773e+05 7.33429271e+05
 2.17453295e+05 -5.42908155e+05 7.33429262e+05
 2.17450008e+05 -5.42909514e+05 7.33429253e+05
 2.17446261e+05 -5.42911062e+05 7.33429243e+05
 2.17442569e+05 -5.42912587e+05 7.33429233e+05
 2.17438877e+05 -5.42914112e+05 7.33429223e+05
 2.17435185e+05 -5.42915637e+05 7.33429213e+05
 2.17431494e+05 -5.42917162e+05 7.33429203e+05
 2.17427860e+05 -5.42918664e+05 7.33429193e+05
 2.17424227e+05 -5.42920165e+05 7.33429183e+05
 2.17420594e+05 -5.42921666e+05 7.33429173e+05
 2.17416960e+05 -5.42923167e+05 7.33429163e+05
 2.17413384e+05 -5.42924645e+05 7.33429153e+05
 2.17409808e+05 -5.42926122e+05 7.33429143e+05
 2.17406232e+05 -5.42927599e+05 7.33429134e+05
 2.17402716e+05 -5.42929052e+05 7.33429124e+05
 2.17399196e+05 -5.42930507e+05 7.33429114e+05
 2.17395679e+05 -5.42931959e+05 7.33429105e+05
 2.17392160e+05 -5.42933413e+05 7.33429095e+05
 2.17388699e+05 -5.42934843e+05 7.33429086e+05
 2.17385240e+05 -5.42936272e+05 7.33429076e+05
 2.17381781e+05 -5.42937701e+05 7.33429067e+05
 2.17378319e+05 -5.42939132e+05 7.33429057e+05
 2.17374916e+05 -5.42940538e+05 7.33429048e+05
 2.17371513e+05 -5.42941943e+05 7.33429039e+05
 2.17368109e+05 -5.42943350e+05 7.33429029e+05
 2.17364765e+05 -5.42944731e+05 7.33429020e+05
 2.17361419e+05 -5.42946114e+05 7.33429011e+05
 2.17358075e+05 -5.42947495e+05 7.33429002e+05
 2.17354730e+05 -5.42948878e+05 7.33428993e+05
 2.17351441e+05 -5.42950236e+05 7.33428984e+05
 2.17348155e+05 -5.42951594e+05 7.33428975e+05
 2.17344866e+05 -5.42952953e+05 7.33428966e+05
 2.17341579e+05 -5.42954311e+05 7.33428957e+05
 2.17338350e+05 -5.42955645e+05 7.33428948e+05
 2.17335121e+05 -5.42956979e+05 7.33428939e+05
 2.17331891e+05 -5.42958314e+05 7.33428930e+05
 2.17328719e+05 -5.42959624e+05 7.33428921e+05
 2.17325545e+05 -5.42960935e+05 7.33428913e+05
 2.17322374e+05 -5.42962245e+05 7.33428904e+05
 2.17319202e+05 -5.42963556e+05 7.33428895e+05
 2.17316088e+05 -5.42964843e+05 7.33428887e+05
 2.17312973e+05 -5.42966129e+05 7.33428878e+05
 2.17309857e+05 -5.42967417e+05 7.33428870e+05
 2.17306743e+05 -5.42968703e+05 7.33428861e+05
 2.17303688e+05 -5.42969966e+05 7.33428853e+05
 2.17300629e+05 -5.42971229e+05 7.33428844e+05
 2.17297574e+05 -5.42972491e+05 7.33428836e+05
 2.17294575e+05 -5.42973730e+05 7.33428828e+05
 2.17291575e+05 -5.42974970e+05 7.33428819e+05
 2.17288577e+05 -5.42976209e+05 7.33428811e+05
 2.17285578e+05 -5.42977448e+05 7.33428803e+05
 2.17282637e+05 -5.42978663e+05 7.33428795e+05
 2.17279234e+05 -5.42980069e+05 7.33428785e+05
 2.17275831e+05 -5.42981475e+05 7.33428776e+05
 2.17272428e+05 -5.42982881e+05 7.33428767e+05
 2.17269083e+05 -5.42984263e+05 7.33428758e+05
 2.17265738e+05 -5.42985645e+05 7.33428748e+05
 2.17262391e+05 -5.42987027e+05 7.33428739e+05
 2.17259046e+05 -5.42988409e+05 7.33428730e+05
 2.17255760e+05 -5.42989767e+05 7.33428721e+05
 2.17252471e+05 -5.42991126e+05 7.33428712e+05
 2.17249183e+05 -5.42992484e+05 7.33428703e+05
 2.17245896e+05 -5.42993842e+05 7.33428694e+05
 2.17242666e+05 -5.42995177e+05 7.33428685e+05
 2.17239438e+05 -5.42996510e+05 7.33428676e+05
 2.17236207e+05 -5.42997845e+05 7.33428667e+05
 2.17233034e+05 -5.42999156e+05 7.33428658e+05
 2.17229862e+05 -5.43000467e+05 7.33428649e+05
 2.17226690e+05 -5.43001777e+05 7.33428641e+05
 2.17223518e+05 -5.43003088e+05 7.33428632e+05
 2.17220404e+05 -5.43004374e+05 7.33428623e+05
 2.17217289e+05 -5.43005661e+05 7.33428615e+05
 2.17214175e+05 -5.43006948e+05 7.33428606e+05
 2.17211060e+05 -5.43008235e+05 7.33428597e+05
 2.17208004e+05 -5.43009498e+05 7.33428589e+05
 2.17204947e+05 -5.43010760e+05 7.33428581e+05
 2.17201890e+05 -5.43012023e+05 7.33428572e+05
 2.17198891e+05 -5.43013262e+05 7.33428564e+05
 2.17195430e+05 -5.43014692e+05 7.33428554e+05
 2.17191970e+05 -5.43016122e+05 7.33428545e+05
 2.17188509e+05 -5.43017552e+05 7.33428535e+05
 2.17185049e+05 -5.43018981e+05 7.33428526e+05
 2.17181646e+05 -5.43020387e+05 7.33428516e+05
 2.17178246e+05 -5.43021792e+05 7.33428507e+05
 2.17174840e+05 -5.43023199e+05 7.33428497e+05
 2.17171495e+05 -5.43024581e+05 7.33428488e+05
 2.17168153e+05 -5.43025962e+05 7.33428479e+05
 2.17164805e+05 -5.43027345e+05 7.33428469e+05
 2.17161459e+05 -5.43028727e+05 7.33428460e+05
 2.17158172e+05 -5.43030085e+05 7.33428451e+05
 2.17154885e+05 -5.43031443e+05 7.33428442e+05
 2.17151599e+05 -5.43032801e+05 7.33428433e+05
 2.17148311e+05 -5.43034159e+05 7.33428424e+05
 2.17145081e+05 -5.43035494e+05 7.33428415e+05
 2.17141850e+05 -5.43036829e+05 7.33428406e+05
 2.17138620e+05 -5.43038163e+05 7.33428397e+05
 2.17135450e+05 -5.43039473e+05 7.33428388e+05
 2.17132276e+05 -5.43040784e+05 7.33428379e+05
 2.17129104e+05 -5.43042095e+05 7.33428370e+05
 2.17125935e+05 -5.43043404e+05 7.33428362e+05
 2.17122818e+05 -5.43044692e+05 7.33428353e+05
 2.17119704e+05 -5.43045978e+05 7.33428344e+05
 2.17116590e+05 -5.43047265e+05 7.33428336e+05
 2.17113071e+05 -5.43048719e+05 7.33428326e+05
 2.17109554e+05 -5.43050172e+05 7.33428316e+05
 2.17106034e+05 -5.43051626e+05 7.33428306e+05
 2.17102517e+05 -5.43053079e+05 7.33428297e+05
 2.17099057e+05 -5.43054509e+05 7.33428287e+05
 2.17095596e+05 -5.43055939e+05 7.33428277e+05
 2.17092136e+05 -5.43057368e+05 7.33428268e+05
 2.17088674e+05 -5.43058799e+05 7.33428258e+05
 2.17085273e+05 -5.43060204e+05 7.33428249e+05
 2.17081870e+05 -5.43061610e+05 7.33428239e+05
 2.17078465e+05 -5.43063016e+05 7.33428230e+05
 2.17075120e+05 -5.43064398e+05 7.33428220e+05
 2.17071775e+05 -5.43065780e+05 7.33428211e+05
 2.17068430e+05 -5.43067162e+05 7.33428202e+05
 2.17065085e+05 -5.43068544e+05 7.33428192e+05
 2.17061797e+05 -5.43069903e+05 7.33428183e+05
 2.17058510e+05 -5.43071261e+05 7.33428174e+05
 2.17055224e+05 -5.43072618e+05 7.33428165e+05
 2.17051935e+05 -5.43073977e+05 7.33428156e+05
 2.17048707e+05 -5.43075311e+05 7.33428147e+05
 2.17045475e+05 -5.43076646e+05 7.33428138e+05
 2.17042246e+05 -5.43077980e+05 7.33428129e+05
 2.17039073e+05 -5.43079291e+05 7.33428120e+05
 2.17035903e+05 -5.43080601e+05 7.33428111e+05
 2.17032269e+05 -5.43082102e+05 7.33428101e+05
 2.17028692e+05 -5.43083580e+05 7.33428091e+05
 2.17025116e+05 -5.43085058e+05 7.33428081e+05
 2.17021540e+05 -5.43086535e+05 7.33428071e+05
 2.17018022e+05 -5.43087989e+05 7.33428061e+05
 2.17014504e+05 -5.43089442e+05 7.33428051e+05
 2.17010986e+05 -5.43090895e+05 7.33428041e+05
 2.17007468e+05 -5.43092349e+05 7.33428032e+05
 2.17004007e+05 -5.43093779e+05 7.33428022e+05
 2.17000547e+05 -5.43095208e+05 7.33428012e+05
 2.16997086e+05 -5.43096638e+05 7.33428002e+05
 2.16993626e+05 -5.43098068e+05 7.33427993e+05
 2.16990223e+05 -5.43099474e+05 7.33427983e+05
 2.16986820e+05 -5.43100880e+05 7.33427974e+05
 2.16983417e+05 -5.43102285e+05 7.33427964e+05
 2.16980072e+05 -5.43103668e+05 7.33427955e+05
 2.16976727e+05 -5.43105050e+05 7.33427945e+05
 2.16973383e+05 -5.43106431e+05 7.33427936e+05
 2.16970037e+05 -5.43107814e+05 7.33427927e+05
 2.16966749e+05 -5.43109172e+05 7.33427918e+05
 2.16963462e+05 -5.43110530e+05 7.33427908e+05
 2.16960174e+05 -5.43111888e+05 7.33427899e+05
 2.16956887e+05 -5.43113247e+05 7.33427890e+05
 2.16953657e+05 -5.43114581e+05 7.33427881e+05
 2.16949967e+05 -5.43116105e+05 7.33427870e+05
 2.16946332e+05 -5.43117607e+05 7.33427860e+05
 2.16942699e+05 -5.43119108e+05 7.33427850e+05
 2.16939065e+05 -5.43120610e+05 7.33427840e+05
 2.16935433e+05 -5.43122110e+05 7.33427830e+05
 2.16931856e+05 -5.43123588e+05 7.33427820e+05
 2.16928280e+05 -5.43125065e+05 7.33427810e+05
 2.16924704e+05 -5.43126543e+05 7.33427800e+05
 2.16921187e+05 -5.43127996e+05 7.33427790e+05
 2.16917669e+05 -5.43129449e+05 7.33427780e+05
 2.16914151e+05 -5.43130903e+05 7.33427770e+05
 2.16910633e+05 -5.43132356e+05 7.33427760e+05
 2.16907172e+05 -5.43133786e+05 7.33427750e+05
 2.16903713e+05 -5.43135215e+05 7.33427740e+05
 2.16900251e+05 -5.43136646e+05 7.33427731e+05
 2.16896789e+05 -5.43138076e+05 7.33427721e+05
 2.16893388e+05 -5.43139481e+05 7.33427711e+05
 2.16889985e+05 -5.43140887e+05 7.33427702e+05
 2.16886581e+05 -5.43142294e+05 7.33427692e+05
 2.16883236e+05 -5.43143676e+05 7.33427683e+05
 2.16879890e+05 -5.43145058e+05 7.33427673e+05
 2.16876547e+05 -5.43146439e+05 7.33427664e+05
 2.16873202e+05 -5.43147821e+05 7.33427655e+05
 2.16869913e+05 -5.43149180e+05 7.33427645e+05
 2.16866165e+05 -5.43150728e+05 7.33427635e+05
 2.16862475e+05 -5.43152253e+05 7.33427624e+05
 2.16858783e+05 -5.43153778e+05 7.33427614e+05
 2.16855092e+05 -5.43155303e+05 7.33427603e+05
 2.16851401e+05 -5.43156828e+05 7.33427593e+05
 2.16847767e+05 -5.43158329e+05 7.33427583e+05
 2.16844134e+05 -5.43159831e+05 7.33427573e+05
 2.16840500e+05 -5.43161332e+05 7.33427562e+05
 2.16836866e+05 -5.43162833e+05 7.33427552e+05
 2.16833289e+05 -5.43164311e+05 7.33427542e+05
 2.16829715e+05 -5.43165788e+05 7.33427532e+05
 2.16826139e+05 -5.43167265e+05 7.33427522e+05
 2.16822619e+05 -5.43168719e+05 7.33427512e+05
 2.16819103e+05 -5.43170172e+05 7.33427502e+05
 2.16815583e+05 -5.43171626e+05 7.33427492e+05
 2.16812066e+05 -5.43173079e+05 7.33427482e+05
 2.16808606e+05 -5.43174509e+05 7.33427472e+05
 2.16805145e+05 -5.43175939e+05 7.33427462e+05
 2.16801685e+05 -5.43177368e+05 7.33427453e+05
 2.16798224e+05 -5.43178798e+05 7.33427443e+05
 2.16794821e+05 -5.43180204e+05 7.33427433e+05
 2.16791417e+05 -5.43181610e+05 7.33427423e+05
 2.16788016e+05 -5.43183016e+05 7.33427414e+05
 2.16784669e+05 -5.43184398e+05 7.33427404e+05
 2.16781324e+05 -5.43185780e+05 7.33427395e+05
 2.16777979e+05 -5.43187163e+05 7.33427385e+05
 2.16774634e+05 -5.43188545e+05 7.33427376e+05
 2.16771348e+05 -5.43189902e+05 7.33427367e+05
 2.16768059e+05 -5.43191261e+05 7.33427357e+05
 2.16764771e+05 -5.43192619e+05 7.33427348e+05
 2.16761484e+05 -5.43193977e+05 7.33427339e+05
 2.16758254e+05 -5.43195312e+05 7.33427329e+05
 2.16755026e+05 -5.43196646e+05 7.33427320e+05
 2.16751795e+05 -5.43197981e+05 7.33427311e+05
 2.16748622e+05 -5.43199291e+05 7.33427302e+05
 2.16745451e+05 -5.43200601e+05 7.33427293e+05
 2.16742278e+05 -5.43201912e+05 7.33427284e+05
 2.16739106e+05 -5.43203223e+05 7.33427275e+05
 2.16735994e+05 -5.43204509e+05 7.33427266e+05
 2.16732877e+05 -5.43205796e+05 7.33427257e+05
 2.16729763e+05 -5.43207083e+05 7.33427249e+05
 2.16726648e+05 -5.43208370e+05 7.33427240e+05
 2.16723592e+05 -5.43209633e+05 7.33427231e+05
 2.16720535e+05 -5.43210896e+05 7.33427222e+05
 2.16717478e+05 -5.43212159e+05 7.33427214e+05
 2.16714479e+05 -5.43213398e+05 7.33427205e+05
 2.16711481e+05 -5.43214636e+05 7.33427197e+05
 2.16708483e+05 -5.43215875e+05 7.33427188e+05
 2.16705483e+05 -5.43217114e+05 7.33427179e+05
 2.16702543e+05 -5.43218329e+05 7.33427171e+05
 2.16699138e+05 -5.43219736e+05 7.33427161e+05
 2.16695735e+05 -5.43221142e+05 7.33427152e+05
 2.16692333e+05 -5.43222547e+05 7.33427142e+05
 2.16688987e+05 -5.43223930e+05 7.33427132e+05
 2.16685641e+05 -5.43225312e+05 7.33427123e+05
 2.16682296e+05 -5.43226694e+05 7.33427113e+05
 2.16678952e+05 -5.43228076e+05 7.33427104e+05
 2.16675665e+05 -5.43229434e+05 7.33427095e+05
 2.16672377e+05 -5.43230792e+05 7.33427085e+05
 2.16669090e+05 -5.43232150e+05 7.33427076e+05
 2.16665801e+05 -5.43233509e+05 7.33427066e+05
 2.16662573e+05 -5.43234843e+05 7.33427057e+05
 2.16659343e+05 -5.43236177e+05 7.33427048e+05
 2.16656114e+05 -5.43237511e+05 7.33427039e+05
 2.16652941e+05 -5.43238822e+05 7.33427030e+05
 2.16649769e+05 -5.43240133e+05 7.33427021e+05
 2.16646595e+05 -5.43241444e+05 7.33427012e+05
 2.16643425e+05 -5.43242754e+05 7.33427003e+05
 2.16640310e+05 -5.43244041e+05 7.33426994e+05
 2.16637196e+05 -5.43245327e+05 7.33426985e+05
 2.16634081e+05 -5.43246614e+05 7.33426976e+05
 2.16630967e+05 -5.43247901e+05 7.33426967e+05
 2.16627910e+05 -5.43249164e+05 7.33426958e+05
 2.16624853e+05 -5.43250427e+05 7.33426949e+05
 2.16621797e+05 -5.43251690e+05 7.33426941e+05
 2.16618797e+05 -5.43252929e+05 7.33426932e+05
 2.16615337e+05 -5.43254358e+05 7.33426922e+05
 2.16611876e+05 -5.43255788e+05 7.33426912e+05
 2.16604954e+05 -5.43258648e+05 7.33426892e+05
 2.16601551e+05 -5.43260054e+05 7.33426883e+05
 2.16598150e+05 -5.43261459e+05 7.33426873e+05
 2.16594747e+05 -5.43262865e+05 7.33426863e+05
 2.16591402e+05 -5.43264247e+05 7.33426854e+05
 2.16588057e+05 -5.43265629e+05 7.33426844e+05
 2.16584710e+05 -5.43267012e+05 7.33426834e+05
 2.16581365e+05 -5.43268394e+05 7.33426825e+05
 2.16578078e+05 -5.43269752e+05 7.33426815e+05
 2.16574790e+05 -5.43271110e+05 7.33426806e+05
 2.16571504e+05 -5.43272468e+05 7.33426797e+05
 2.16568215e+05 -5.43273827e+05 7.33426787e+05
 2.16564985e+05 -5.43275161e+05 7.33426778e+05
 2.16561756e+05 -5.43276496e+05 7.33426769e+05
 2.16558526e+05 -5.43277830e+05 7.33426759e+05
 2.16555354e+05 -5.43279141e+05 7.33426750e+05
 2.16552182e+05 -5.43280451e+05 7.33426741e+05
 2.16549009e+05 -5.43281762e+05 7.33426732e+05
 2.16545839e+05 -5.43283072e+05 7.33426723e+05
 2.16542724e+05 -5.43284358e+05 7.33426714e+05
 2.16539608e+05 -5.43285646e+05 7.33426705e+05
 2.16536494e+05 -5.43286933e+05 7.33426696e+05
 2.16532976e+05 -5.43288386e+05 7.33426686e+05
 2.16529459e+05 -5.43289839e+05 7.33426676e+05
 2.16525939e+05 -5.43291293e+05 7.33426666e+05
 2.16522421e+05 -5.43292747e+05 7.33426656e+05
 2.16518962e+05 -5.43294176e+05 7.33426646e+05
 2.16515500e+05 -5.43295606e+05 7.33426636e+05
 2.16512041e+05 -5.43297035e+05 7.33426626e+05
 2.16508579e+05 -5.43298466e+05 7.33426616e+05
 2.16505178e+05 -5.43299871e+05 7.33426606e+05
 2.16501775e+05 -5.43301277e+05 7.33426596e+05
 2.16498372e+05 -5.43302683e+05 7.33426586e+05
 2.16495027e+05 -5.43304065e+05 7.33426577e+05
 2.16491682e+05 -5.43305447e+05 7.33426567e+05
 2.16488335e+05 -5.43306829e+05 7.33426557e+05
 2.16484990e+05 -5.43308211e+05 7.33426548e+05
 2.16481705e+05 -5.43309569e+05 7.33426538e+05
 2.16478418e+05 -5.43310927e+05 7.33426529e+05
 2.16475128e+05 -5.43312286e+05 7.33426519e+05
 2.16471840e+05 -5.43313644e+05 7.33426510e+05
 2.16468611e+05 -5.43314979e+05 7.33426501e+05
 2.16465382e+05 -5.43316313e+05 7.33426491e+05
 2.16462152e+05 -5.43317647e+05 7.33426482e+05
 2.16458980e+05 -5.43318958e+05 7.33426473e+05
 2.16455809e+05 -5.43320268e+05 7.33426464e+05
 2.16452173e+05 -5.43321770e+05 7.33426453e+05
 2.16448597e+05 -5.43323247e+05 7.33426443e+05
 2.16445023e+05 -5.43324724e+05 7.33426432e+05
 2.16441447e+05 -5.43326201e+05 7.33426422e+05
 2.16437929e+05 -5.43327655e+05 7.33426412e+05
 2.16434411e+05 -5.43329109e+05 7.33426402e+05
 2.16430892e+05 -5.43330562e+05 7.33426392e+05
 2.16427374e+05 -5.43332016e+05 7.33426381e+05
 2.16423914e+05 -5.43333445e+05 7.33426371e+05
 2.16420453e+05 -5.43334875e+05 7.33426361e+05
 2.16416993e+05 -5.43336305e+05 7.33426351e+05
 2.16413531e+05 -5.43337735e+05 7.33426341e+05
 2.16410128e+05 -5.43339141e+05 7.33426332e+05
 2.16406727e+05 -5.43340546e+05 7.33426322e+05
 2.16403324e+05 -5.43341952e+05 7.33426312e+05
 2.16399979e+05 -5.43343334e+05 7.33426302e+05
 2.16396632e+05 -5.43344717e+05 7.33426292e+05
 2.16393287e+05 -5.43346099e+05 7.33426283e+05
 2.16389943e+05 -5.43347480e+05 7.33426273e+05
 2.16386656e+05 -5.43348839e+05 7.33426264e+05
 2.16383368e+05 -5.43350197e+05 7.33426254e+05
 2.16380081e+05 -5.43351555e+05 7.33426245e+05
 2.16376793e+05 -5.43352913e+05 7.33426235e+05
 2.16373564e+05 -5.43354248e+05 7.33426226e+05
 2.16369872e+05 -5.43355773e+05 7.33426215e+05
 2.16366237e+05 -5.43357274e+05 7.33426204e+05
 2.16362605e+05 -5.43358775e+05 7.33426194e+05
 2.16358972e+05 -5.43360276e+05 7.33426183e+05
 2.16355338e+05 -5.43361777e+05 7.33426173e+05
 2.16351763e+05 -5.43363255e+05 7.33426162e+05
 2.16348185e+05 -5.43364733e+05 7.33426152e+05
 2.16344609e+05 -5.43366210e+05 7.33426142e+05
 2.16341091e+05 -5.43367664e+05 7.33426131e+05
 2.16337573e+05 -5.43369117e+05 7.33426121e+05
 2.16334055e+05 -5.43370571e+05 7.33426111e+05
 2.16330537e+05 -5.43372024e+05 7.33426101e+05
 2.16327076e+05 -5.43373454e+05 7.33426091e+05
 2.16323616e+05 -5.43374884e+05 7.33426080e+05
 2.16320155e+05 -5.43376313e+05 7.33426070e+05
 2.16316696e+05 -5.43377743e+05 7.33426060e+05
 2.16313292e+05 -5.43379149e+05 7.33426050e+05
 2.16309889e+05 -5.43380555e+05 7.33426041e+05
 2.16306486e+05 -5.43381961e+05 7.33426031e+05
 2.16303141e+05 -5.43383343e+05 7.33426021e+05
 2.16299796e+05 -5.43384725e+05 7.33426011e+05
 2.16296451e+05 -5.43386107e+05 7.33426001e+05
 2.16293106e+05 -5.43387489e+05 7.33425992e+05
 2.16289818e+05 -5.43388847e+05 7.33425982e+05
 2.16286069e+05 -5.43390396e+05 7.33425971e+05
 2.16282378e+05 -5.43391921e+05 7.33425960e+05
 2.16278687e+05 -5.43393446e+05 7.33425950e+05
 2.16274996e+05 -5.43394971e+05 7.33425939e+05
 2.16271306e+05 -5.43396496e+05 7.33425928e+05
 2.16267671e+05 -5.43397997e+05 7.33425917e+05
 2.16264038e+05 -5.43399499e+05 7.33425907e+05
 2.16260404e+05 -5.43401000e+05 7.33425896e+05
 2.16256772e+05 -5.43402501e+05 7.33425886e+05
 2.16253195e+05 -5.43403978e+05 7.33425875e+05
 2.16249619e+05 -5.43405456e+05 7.33425865e+05
 2.16246043e+05 -5.43406933e+05 7.33425854e+05
 2.16242525e+05 -5.43408387e+05 7.33425844e+05
 2.16239008e+05 -5.43409840e+05 7.33425834e+05
 2.16235489e+05 -5.43411294e+05 7.33425823e+05
 2.16231972e+05 -5.43412747e+05 7.33425813e+05
 2.16228511e+05 -5.43414177e+05 7.33425803e+05
 2.16225051e+05 -5.43415606e+05 7.33425793e+05
 2.16221590e+05 -5.43417036e+05 7.33425783e+05
 2.16218130e+05 -5.43418466e+05 7.33425773e+05
 2.16214725e+05 -5.43419872e+05 7.33425763e+05
 2.16211324e+05 -5.43421277e+05 7.33425753e+05
 2.16207921e+05 -5.43422683e+05 7.33425743e+05
 2.16204576e+05 -5.43424065e+05 7.33425733e+05
 2.16201229e+05 -5.43425448e+05 7.33425723e+05
 2.16197884e+05 -5.43426830e+05 7.33425713e+05
 2.16194539e+05 -5.43428212e+05 7.33425704e+05
 2.16191253e+05 -5.43429570e+05 7.33425694e+05
 2.16187966e+05 -5.43430928e+05 7.33425684e+05
 2.16184678e+05 -5.43432286e+05 7.33425675e+05
 2.16181391e+05 -5.43433644e+05 7.33425665e+05
 2.16178160e+05 -5.43434980e+05 7.33425656e+05
 2.16174930e+05 -5.43436314e+05 7.33425646e+05
 2.16171700e+05 -5.43437648e+05 7.33425637e+05
 2.16168528e+05 -5.43438959e+05 7.33425627e+05
 2.16165357e+05 -5.43440269e+05 7.33425618e+05
 2.16162184e+05 -5.43441580e+05 7.33425609e+05
 2.16159011e+05 -5.43442891e+05 7.33425599e+05
 2.16155897e+05 -5.43444177e+05 7.33425590e+05
 2.16152784e+05 -5.43445464e+05 7.33425581e+05
 2.16149668e+05 -5.43446751e+05 7.33425572e+05
 2.16146554e+05 -5.43448038e+05 7.33425563e+05
 2.16143497e+05 -5.43449301e+05 7.33425554e+05
 2.16140440e+05 -5.43450563e+05 7.33425545e+05
 2.16137383e+05 -5.43451826e+05 7.33425536e+05
 2.16134384e+05 -5.43453065e+05 7.33425527e+05
 2.16131385e+05 -5.43454305e+05 7.33425518e+05
 2.16128386e+05 -5.43455544e+05 7.33425509e+05
 2.16125387e+05 -5.43456783e+05 7.33425501e+05
 2.16122446e+05 -5.43457998e+05 7.33425492e+05
 2.16119043e+05 -5.43459404e+05 7.33425482e+05
 2.16115640e+05 -5.43460810e+05 7.33425472e+05
 2.16112237e+05 -5.43462216e+05 7.33425462e+05
 2.16108892e+05 -5.43463598e+05 7.33425452e+05
 2.16105547e+05 -5.43464980e+05 7.33425442e+05
 2.16102203e+05 -5.43466361e+05 7.33425432e+05
 2.16098858e+05 -5.43467743e+05 7.33425422e+05
 2.16095569e+05 -5.43469102e+05 7.33425413e+05
 2.16092281e+05 -5.43470461e+05 7.33425403e+05
 2.16088994e+05 -5.43471819e+05 7.33425393e+05
 2.16085707e+05 -5.43473177e+05 7.33425384e+05
 2.16082477e+05 -5.43474511e+05 7.33425374e+05
 2.16079247e+05 -5.43475846e+05 7.33425365e+05
 2.16076017e+05 -5.43477180e+05 7.33425355e+05
 2.16072845e+05 -5.43478491e+05 7.33425346e+05
 2.16069673e+05 -5.43479801e+05 7.33425336e+05
 2.16066501e+05 -5.43481112e+05 7.33425327e+05
 2.16063328e+05 -5.43482422e+05 7.33425318e+05
 2.16060214e+05 -5.43483709e+05 7.33425308e+05
 2.16057100e+05 -5.43484996e+05 7.33425299e+05
 2.16053987e+05 -5.43486282e+05 7.33425290e+05
 2.16050871e+05 -5.43487569e+05 7.33425281e+05
 2.16047816e+05 -5.43488832e+05 7.33425272e+05
 2.16044757e+05 -5.43490095e+05 7.33425263e+05
 2.16041704e+05 -5.43491357e+05 7.33425254e+05
 2.16038702e+05 -5.43492597e+05 7.33425245e+05
 2.16035241e+05 -5.43494027e+05 7.33425235e+05
 2.16031781e+05 -5.43495456e+05 7.33425224e+05
 2.16028321e+05 -5.43496886e+05 7.33425214e+05
 2.16024862e+05 -5.43498315e+05 7.33425204e+05
 2.16021459e+05 -5.43499721e+05 7.33425194e+05
 2.16018055e+05 -5.43501127e+05 7.33425184e+05
 2.16014651e+05 -5.43502534e+05 7.33425174e+05
 2.16011306e+05 -5.43503916e+05 7.33425164e+05
 2.16007962e+05 -5.43505297e+05 7.33425154e+05
 2.16004616e+05 -5.43506680e+05 7.33425144e+05
 2.16001271e+05 -5.43508062e+05 7.33425134e+05
 2.15997985e+05 -5.43509420e+05 7.33425124e+05
 2.15994697e+05 -5.43510778e+05 7.33425115e+05
 2.15991408e+05 -5.43512137e+05 7.33425105e+05
 2.15988121e+05 -5.43513495e+05 7.33425095e+05
 2.15984892e+05 -5.43514829e+05 7.33425086e+05
 2.15981663e+05 -5.43516163e+05 7.33425076e+05
 2.15978433e+05 -5.43517497e+05 7.33425066e+05
 2.15975261e+05 -5.43518808e+05 7.33425057e+05
 2.15972089e+05 -5.43520119e+05 7.33425048e+05
 2.15968915e+05 -5.43521430e+05 7.33425038e+05
 2.15965744e+05 -5.43522740e+05 7.33425029e+05
 2.15962628e+05 -5.43524027e+05 7.33425019e+05
 2.15959515e+05 -5.43525313e+05 7.33425010e+05
 2.15956400e+05 -5.43526601e+05 7.33425001e+05
 2.15952881e+05 -5.43528054e+05 7.33424991e+05
 2.15949365e+05 -5.43529507e+05 7.33424980e+05
 2.15945845e+05 -5.43530961e+05 7.33424970e+05
 2.15942328e+05 -5.43532414e+05 7.33424959e+05
 2.15938866e+05 -5.43533845e+05 7.33424949e+05
 2.15935406e+05 -5.43535274e+05 7.33424939e+05
 2.15931945e+05 -5.43536704e+05 7.33424928e+05
 2.15928485e+05 -5.43538134e+05 7.33424918e+05
 2.15925084e+05 -5.43539539e+05 7.33424908e+05
 2.15921679e+05 -5.43540945e+05 7.33424898e+05
 2.15918276e+05 -5.43542351e+05 7.33424888e+05
 2.15914931e+05 -5.43543733e+05 7.33424878e+05
 2.15911586e+05 -5.43545115e+05 7.33424868e+05
 2.15908241e+05 -5.43546498e+05 7.33424858e+05
 2.15904896e+05 -5.43547880e+05 7.33424848e+05
 2.15901608e+05 -5.43549238e+05 7.33424838e+05
 2.15898321e+05 -5.43550596e+05 7.33424828e+05
 2.15895035e+05 -5.43551954e+05 7.33424818e+05
 2.15891746e+05 -5.43553312e+05 7.33424809e+05
 2.15888516e+05 -5.43554647e+05 7.33424799e+05
 2.15885288e+05 -5.43555981e+05 7.33424789e+05
 2.15882058e+05 -5.43557315e+05 7.33424780e+05
 2.15878885e+05 -5.43558626e+05 7.33424770e+05
 2.15875712e+05 -5.43559937e+05 7.33424761e+05
 2.15872079e+05 -5.43561438e+05 7.33424750e+05
 2.15868503e+05 -5.43562915e+05 7.33424739e+05
 2.15864927e+05 -5.43564393e+05 7.33424729e+05
 2.15861351e+05 -5.43565870e+05 7.33424718e+05
 2.15857833e+05 -5.43567324e+05 7.33424707e+05
 2.15854315e+05 -5.43568777e+05 7.33424697e+05
 2.15850797e+05 -5.43570231e+05 7.33424686e+05
 2.15847279e+05 -5.43571684e+05 7.33424676e+05
 2.15843818e+05 -5.43573114e+05 7.33424666e+05
 2.15840358e+05 -5.43574544e+05 7.33424655e+05
 2.15836897e+05 -5.43575974e+05 7.33424645e+05
 2.15833437e+05 -5.43577403e+05 7.33424635e+05
 2.15830034e+05 -5.43578809e+05 7.33424624e+05
 2.15826631e+05 -5.43580215e+05 7.33424614e+05
 2.15823228e+05 -5.43581621e+05 7.33424604e+05
 2.15819885e+05 -5.43583002e+05 7.33424594e+05
 2.15816538e+05 -5.43584385e+05 7.33424584e+05
 2.15813194e+05 -5.43585766e+05 7.33424574e+05
 2.15809849e+05 -5.43587149e+05 7.33424564e+05
 2.15806562e+05 -5.43588507e+05 7.33424554e+05
 2.15803275e+05 -5.43589865e+05 7.33424544e+05
 2.15799988e+05 -5.43591223e+05 7.33424534e+05
 2.15796699e+05 -5.43592582e+05 7.33424525e+05
 2.15793468e+05 -5.43593917e+05 7.33424515e+05
 2.15789778e+05 -5.43595441e+05 7.33424504e+05
 2.15786143e+05 -5.43596943e+05 7.33424493e+05
 2.15782511e+05 -5.43598443e+05 7.33424482e+05
 2.15778878e+05 -5.43599945e+05 7.33424471e+05
 2.15775244e+05 -5.43601446e+05 7.33424460e+05
 2.15771668e+05 -5.43602923e+05 7.33424449e+05
 2.15768092e+05 -5.43604401e+05 7.33424439e+05
 2.15764515e+05 -5.43605879e+05 7.33424428e+05
 2.15760998e+05 -5.43607332e+05 7.33424417e+05
 2.15757480e+05 -5.43608785e+05 7.33424407e+05
 2.15753962e+05 -5.43610239e+05 7.33424396e+05
 2.15750442e+05 -5.43611693e+05 7.33424386e+05
 2.15746983e+05 -5.43613122e+05 7.33424375e+05
 2.15743523e+05 -5.43614552e+05 7.33424365e+05
 2.15740061e+05 -5.43615982e+05 7.33424355e+05
 2.15736601e+05 -5.43617412e+05 7.33424344e+05
 2.15733199e+05 -5.43618817e+05 7.33424334e+05
 2.15729795e+05 -5.43620223e+05 7.33424324e+05
 2.15726394e+05 -5.43621628e+05 7.33424313e+05
 2.15723047e+05 -5.43623011e+05 7.33424303e+05
 2.15719702e+05 -5.43624393e+05 7.33424293e+05
 2.15716357e+05 -5.43625776e+05 7.33424283e+05
 2.15713012e+05 -5.43627158e+05 7.33424273e+05
 2.15709724e+05 -5.43628516e+05 7.33424263e+05
 2.15705975e+05 -5.43630065e+05 7.33424252e+05
 2.15702284e+05 -5.43631590e+05 7.33424241e+05
 2.15698593e+05 -5.43633115e+05 7.33424230e+05
 2.15694902e+05 -5.43634640e+05 7.33424219e+05
 2.15691210e+05 -5.43636165e+05 7.33424208e+05
 2.15687578e+05 -5.43637665e+05 7.33424197e+05
 2.15683943e+05 -5.43639167e+05 7.33424186e+05
 2.15680310e+05 -5.43640668e+05 7.33424175e+05
 2.15676676e+05 -5.43642170e+05 7.33424164e+05
 2.15673101e+05 -5.43643647e+05 7.33424153e+05
 2.15669525e+05 -5.43645124e+05 7.33424142e+05
 2.15665949e+05 -5.43646602e+05 7.33424131e+05
 2.15662431e+05 -5.43648055e+05 7.33424121e+05
 2.15658913e+05 -5.43649509e+05 7.33424110e+05
 2.15655394e+05 -5.43650962e+05 7.33424100e+05
 2.15651878e+05 -5.43652415e+05 7.33424089e+05
 2.15648416e+05 -5.43653846e+05 7.33424078e+05
 2.15644957e+05 -5.43655275e+05 7.33424068e+05
 2.15641495e+05 -5.43656705e+05 7.33424058e+05
 2.15638034e+05 -5.43658135e+05 7.33424047e+05
 2.15634631e+05 -5.43659541e+05 7.33424037e+05
 2.15631229e+05 -5.43660947e+05 7.33424026e+05
 2.15627827e+05 -5.43662352e+05 7.33424016e+05
 2.15624481e+05 -5.43663735e+05 7.33424006e+05
 2.15621136e+05 -5.43665117e+05 7.33423996e+05
 2.15617790e+05 -5.43666499e+05 7.33423986e+05
 2.15614445e+05 -5.43667881e+05 7.33423976e+05
 2.15611158e+05 -5.43669239e+05 7.33423966e+05
 2.15607870e+05 -5.43670597e+05 7.33423956e+05
 2.15604582e+05 -5.43671956e+05 7.33423946e+05
 2.15601295e+05 -5.43673314e+05 7.33423936e+05
 2.15598066e+05 -5.43674648e+05 7.33423926e+05
 2.15594836e+05 -5.43675983e+05 7.33423916e+05
 2.15591606e+05 -5.43677317e+05 7.33423907e+05
 2.15588434e+05 -5.43678628e+05 7.33423897e+05
 2.15585262e+05 -5.43679938e+05 7.33423887e+05
 2.15582090e+05 -5.43681249e+05 7.33423878e+05
 2.15578919e+05 -5.43682559e+05 7.33423868e+05
 2.15575803e+05 -5.43683846e+05 7.33423859e+05
 2.15572689e+05 -5.43685133e+05 7.33423849e+05
 2.15569574e+05 -5.43686420e+05 7.33423840e+05
 2.15566460e+05 -5.43687706e+05 7.33423830e+05
 2.15563404e+05 -5.43688969e+05 7.33423821e+05
 2.15560346e+05 -5.43690232e+05 7.33423812e+05
 2.15557291e+05 -5.43691495e+05 7.33423802e+05
 2.15554292e+05 -5.43692734e+05 7.33423793e+05
 2.15551293e+05 -5.43693973e+05 7.33423784e+05
 2.15548292e+05 -5.43695212e+05 7.33423775e+05
 2.15545294e+05 -5.43696451e+05 7.33423766e+05
 2.15542353e+05 -5.43697666e+05 7.33423757e+05
 2.15538950e+05 -5.43699072e+05 7.33423747e+05
 2.15535548e+05 -5.43700478e+05 7.33423736e+05
 2.15532145e+05 -5.43701884e+05 7.33423726e+05
 2.15528798e+05 -5.43703266e+05 7.33423716e+05
 2.15525454e+05 -5.43704648e+05 7.33423706e+05
 2.15522109e+05 -5.43706030e+05 7.33423696e+05
 2.15518763e+05 -5.43707413e+05 7.33423685e+05
 2.15515475e+05 -5.43708771e+05 7.33423675e+05
 2.15512188e+05 -5.43710129e+05 7.33423665e+05
 2.15508902e+05 -5.43711487e+05 7.33423655e+05
 2.15505613e+05 -5.43712846e+05 7.33423645e+05
 2.15502383e+05 -5.43714180e+05 7.33423636e+05
 2.15499153e+05 -5.43715514e+05 7.33423626e+05
 2.15495925e+05 -5.43716848e+05 7.33423616e+05
 2.15492753e+05 -5.43718159e+05 7.33423606e+05
 2.15489579e+05 -5.43719470e+05 7.33423597e+05
 2.15486407e+05 -5.43720781e+05 7.33423587e+05
 2.15483235e+05 -5.43722091e+05 7.33423577e+05
 2.15480120e+05 -5.43723378e+05 7.33423568e+05
 2.15477006e+05 -5.43724665e+05 7.33423558e+05
 2.15473892e+05 -5.43725951e+05 7.33423549e+05
 2.15470777e+05 -5.43727238e+05 7.33423539e+05
 2.15467720e+05 -5.43728501e+05 7.33423530e+05
 2.15464666e+05 -5.43729763e+05 7.33423521e+05
 2.15461607e+05 -5.43731027e+05 7.33423511e+05
 2.15458609e+05 -5.43732265e+05 7.33423502e+05
 2.15455147e+05 -5.43733696e+05 7.33423492e+05
 2.15451687e+05 -5.43735125e+05 7.33423481e+05
 2.15448226e+05 -5.43736555e+05 7.33423470e+05
 2.15444766e+05 -5.43737985e+05 7.33423460e+05
 2.15441363e+05 -5.43739391e+05 7.33423449e+05
 2.15437960e+05 -5.43740797e+05 7.33423439e+05
 2.15434557e+05 -5.43742203e+05 7.33423429e+05
 2.15431212e+05 -5.43743585e+05 7.33423418e+05
 2.15427867e+05 -5.43744967e+05 7.33423408e+05
 2.15424522e+05 -5.43746349e+05 7.33423398e+05
 2.15421177e+05 -5.43747731e+05 7.33423388e+05
 2.15417891e+05 -5.43749088e+05 7.33423378e+05
 2.15414602e+05 -5.43750447e+05 7.33423368e+05
 2.15411314e+05 -5.43751806e+05 7.33423358e+05
 2.15408027e+05 -5.43753164e+05 7.33423347e+05
 2.15404797e+05 -5.43754498e+05 7.33423338e+05
 2.15401567e+05 -5.43755833e+05 7.33423328e+05
 2.15398338e+05 -5.43757167e+05 7.33423318e+05
 2.15395166e+05 -5.43758478e+05 7.33423308e+05
 2.15391993e+05 -5.43759788e+05 7.33423298e+05
 2.15388824e+05 -5.43761098e+05 7.33423289e+05
 2.15385652e+05 -5.43762408e+05 7.33423279e+05
 2.15382535e+05 -5.43763696e+05 7.33423269e+05
 2.15379420e+05 -5.43764983e+05 7.33423260e+05
 2.15376308e+05 -5.43766269e+05 7.33423250e+05
 2.15372789e+05 -5.43767723e+05 7.33423240e+05
 2.15369270e+05 -5.43769177e+05 7.33423229e+05
 2.15365754e+05 -5.43770629e+05 7.33423218e+05
 2.15362236e+05 -5.43772083e+05 7.33423207e+05
 2.15358774e+05 -5.43773513e+05 7.33423197e+05
 2.15355313e+05 -5.43774943e+05 7.33423186e+05
 2.15351854e+05 -5.43776372e+05 7.33423175e+05
 2.15348391e+05 -5.43777803e+05 7.33423165e+05
 2.15344991e+05 -5.43779208e+05 7.33423154e+05
 2.15341587e+05 -5.43780614e+05 7.33423144e+05
 2.15338185e+05 -5.43782019e+05 7.33423133e+05
 2.15334837e+05 -5.43783403e+05 7.33423123e+05
 2.15331492e+05 -5.43784785e+05 7.33423113e+05
 2.15328149e+05 -5.43786166e+05 7.33423102e+05
 2.15324803e+05 -5.43787548e+05 7.33423092e+05
 2.15321516e+05 -5.43788906e+05 7.33423082e+05
 2.15318228e+05 -5.43790265e+05 7.33423072e+05
 2.15314941e+05 -5.43791623e+05 7.33423062e+05
 2.15311652e+05 -5.43792982e+05 7.33423052e+05
 2.15308424e+05 -5.43794316e+05 7.33423042e+05
 2.15305193e+05 -5.43795651e+05 7.33423032e+05
 2.15301963e+05 -5.43796985e+05 7.33423022e+05
 2.15298792e+05 -5.43798295e+05 7.33423012e+05
 2.15295619e+05 -5.43799606e+05 7.33423002e+05
 2.15291985e+05 -5.43801107e+05 7.33422991e+05
 2.15288409e+05 -5.43802585e+05 7.33422980e+05
 2.15284833e+05 -5.43804062e+05 7.33422969e+05
 2.15281257e+05 -5.43805540e+05 7.33422958e+05
 2.15277739e+05 -5.43806993e+05 7.33422947e+05
 2.15274221e+05 -5.43808447e+05 7.33422936e+05
 2.15270705e+05 -5.43809900e+05 7.33422926e+05
 2.15267185e+05 -5.43811354e+05 7.33422915e+05
 2.15263724e+05 -5.43812783e+05 7.33422904e+05
 2.15260264e+05 -5.43814213e+05 7.33422893e+05
 2.15256803e+05 -5.43815643e+05 7.33422883e+05
 2.15253343e+05 -5.43817073e+05 7.33422872e+05
 2.15249940e+05 -5.43818478e+05 7.33422862e+05
 2.15246537e+05 -5.43819884e+05 7.33422851e+05
 2.15243135e+05 -5.43821290e+05 7.33422841e+05
 2.15239789e+05 -5.43822672e+05 7.33422830e+05
 2.15236446e+05 -5.43824054e+05 7.33422820e+05
 2.15233099e+05 -5.43825436e+05 7.33422810e+05
 2.15229755e+05 -5.43826818e+05 7.33422799e+05
 2.15226467e+05 -5.43828177e+05 7.33422789e+05
 2.15223179e+05 -5.43829535e+05 7.33422779e+05
 2.15219892e+05 -5.43830893e+05 7.33422769e+05
 2.15216604e+05 -5.43832251e+05 7.33422759e+05
 2.15213376e+05 -5.43833585e+05 7.33422749e+05
 2.15209683e+05 -5.43835111e+05 7.33422737e+05
 2.15206052e+05 -5.43836611e+05 7.33422726e+05
 2.15202416e+05 -5.43838113e+05 7.33422715e+05
 2.15198783e+05 -5.43839615e+05 7.33422703e+05
 2.15195149e+05 -5.43841116e+05 7.33422692e+05
 2.15191573e+05 -5.43842593e+05 7.33422681e+05
 2.15187997e+05 -5.43844071e+05 7.33422670e+05
 2.15184422e+05 -5.43845548e+05 7.33422659e+05
 2.15180905e+05 -5.43847001e+05 7.33422648e+05
 2.15177385e+05 -5.43848455e+05 7.33422637e+05
 2.15173867e+05 -5.43849909e+05 7.33422626e+05
 2.15170352e+05 -5.43851361e+05 7.33422615e+05
 2.15166891e+05 -5.43852791e+05 7.33422605e+05
 2.15163428e+05 -5.43854222e+05 7.33422594e+05
 2.15159968e+05 -5.43855651e+05 7.33422583e+05
 2.15156508e+05 -5.43857081e+05 7.33422572e+05
 2.15153104e+05 -5.43858487e+05 7.33422562e+05
 2.15149704e+05 -5.43859892e+05 7.33422551e+05
 2.15146300e+05 -5.43861298e+05 7.33422541e+05
 2.15142955e+05 -5.43862680e+05 7.33422530e+05
 2.15139610e+05 -5.43864062e+05 7.33422520e+05
 2.15136266e+05 -5.43865444e+05 7.33422510e+05
 2.15132919e+05 -5.43866827e+05 7.33422499e+05
 2.15129632e+05 -5.43868185e+05 7.33422489e+05
 2.15125883e+05 -5.43869734e+05 7.33422477e+05
 2.15122192e+05 -5.43871259e+05 7.33422466e+05
 2.15118501e+05 -5.43872784e+05 7.33422454e+05
 2.15114809e+05 -5.43874309e+05 7.33422443e+05
 2.15111118e+05 -5.43875834e+05 7.33422432e+05
 2.15107486e+05 -5.43877334e+05 7.33422420e+05
 2.15103850e+05 -5.43878837e+05 7.33422409e+05
 2.15100219e+05 -5.43880337e+05 7.33422398e+05
 2.15096584e+05 -5.43881839e+05 7.33422386e+05
 2.15093008e+05 -5.43883316e+05 7.33422375e+05
 2.15089431e+05 -5.43884794e+05 7.33422364e+05
 2.15085857e+05 -5.43886271e+05 7.33422353e+05
 2.15082337e+05 -5.43887725e+05 7.33422342e+05
 2.15078819e+05 -5.43889179e+05 7.33422331e+05
 2.15075301e+05 -5.43890632e+05 7.33422320e+05
 2.15071784e+05 -5.43892085e+05 7.33422309e+05
 2.15068323e+05 -5.43893515e+05 7.33422298e+05
 2.15064862e+05 -5.43894945e+05 7.33422288e+05
 2.15061403e+05 -5.43896374e+05 7.33422277e+05
 2.15057942e+05 -5.43897804e+05 7.33422266e+05
 2.15054540e+05 -5.43899210e+05 7.33422255e+05
 2.15051135e+05 -5.43900616e+05 7.33422245e+05
 2.15047732e+05 -5.43902022e+05 7.33422234e+05
 2.15044387e+05 -5.43903404e+05 7.33422224e+05
 2.15041042e+05 -5.43904786e+05 7.33422213e+05
 2.15037697e+05 -5.43906168e+05 7.33422203e+05
 2.15034352e+05 -5.43907550e+05 7.33422192e+05
 2.15031066e+05 -5.43908908e+05 7.33422182e+05
 2.15027777e+05 -5.43910267e+05 7.33422172e+05
 2.15024491e+05 -5.43911625e+05 7.33422162e+05
 2.15021202e+05 -5.43912983e+05 7.33422151e+05
 2.15017972e+05 -5.43914318e+05 7.33422141e+05
 2.15014744e+05 -5.43915651e+05 7.33422131e+05
 2.15011512e+05 -5.43916987e+05 7.33422121e+05
 2.15008340e+05 -5.43918297e+05 7.33422111e+05
 2.15005168e+05 -5.43919608e+05 7.33422101e+05
 2.15001996e+05 -5.43920918e+05 7.33422091e+05
 2.14998824e+05 -5.43922229e+05 7.33422081e+05
 2.14995710e+05 -5.43923516e+05 7.33422072e+05
 2.14992595e+05 -5.43924803e+05 7.33422062e+05
 2.14989481e+05 -5.43926089e+05 7.33422052e+05
 2.14986366e+05 -5.43927376e+05 7.33422042e+05
 2.14983312e+05 -5.43928638e+05 7.33422033e+05
 2.14980253e+05 -5.43929902e+05 7.33422023e+05
 2.14977199e+05 -5.43931164e+05 7.33422014e+05
 2.14974197e+05 -5.43932404e+05 7.33422004e+05
 2.14971198e+05 -5.43933643e+05 7.33421995e+05
 2.14968199e+05 -5.43934882e+05 7.33421985e+05
 2.14965202e+05 -5.43936120e+05 7.33421976e+05
 2.14962261e+05 -5.43937335e+05 7.33421967e+05
 2.14958855e+05 -5.43938742e+05 7.33421956e+05
 2.14955454e+05 -5.43940148e+05 7.33421945e+05
 2.14952052e+05 -5.43941553e+05 7.33421935e+05
 2.14948707e+05 -5.43942935e+05 7.33421924e+05
 2.14945359e+05 -5.43944318e+05 7.33421914e+05
 2.14942016e+05 -5.43945700e+05 7.33421903e+05
 2.14938669e+05 -5.43947082e+05 7.33421893e+05
 2.14935383e+05 -5.43948440e+05 7.33421883e+05
 2.14932097e+05 -5.43949798e+05 7.33421872e+05
 2.14928807e+05 -5.43951157e+05 7.33421862e+05
 2.14925522e+05 -5.43952514e+05 7.33421852e+05
 2.14922290e+05 -5.43953850e+05 7.33421841e+05
 2.14919062e+05 -5.43955183e+05 7.33421831e+05
 2.14915833e+05 -5.43956518e+05 7.33421821e+05
 2.14912659e+05 -5.43957829e+05 7.33421811e+05
 2.14909488e+05 -5.43959139e+05 7.33421801e+05
 2.14906316e+05 -5.43960449e+05 7.33421791e+05
 2.14903141e+05 -5.43961761e+05 7.33421781e+05
 2.14900028e+05 -5.43963047e+05 7.33421771e+05
 2.14896914e+05 -5.43964334e+05 7.33421762e+05
 2.14893799e+05 -5.43965621e+05 7.33421752e+05
 2.14890684e+05 -5.43966908e+05 7.33421742e+05
 2.14887628e+05 -5.43968170e+05 7.33421732e+05
 2.14884571e+05 -5.43969433e+05 7.33421723e+05
 2.14881515e+05 -5.43970696e+05 7.33421713e+05
 2.14878516e+05 -5.43971935e+05 7.33421704e+05
 2.14875056e+05 -5.43973365e+05 7.33421693e+05
 2.14871595e+05 -5.43974795e+05 7.33421682e+05
 2.14868133e+05 -5.43976225e+05 7.33421671e+05
 2.14864674e+05 -5.43977654e+05 7.33421660e+05
 2.14861271e+05 -5.43979060e+05 7.33421649e+05
 2.14857868e+05 -5.43980466e+05 7.33421639e+05
 2.14854465e+05 -5.43981872e+05 7.33421628e+05
 2.14851121e+05 -5.43983254e+05 7.33421617e+05
 2.14847774e+05 -5.43984637e+05 7.33421607e+05
 2.14844430e+05 -5.43986018e+05 7.33421596e+05
 2.14841083e+05 -5.43987401e+05 7.33421586e+05
 2.14837796e+05 -5.43988759e+05 7.33421575e+05
 2.14834508e+05 -5.43990117e+05 7.33421565e+05
 2.14831221e+05 -5.43991476e+05 7.33421555e+05
 2.14827933e+05 -5.43992834e+05 7.33421544e+05
 2.14824704e+05 -5.43994168e+05 7.33421534e+05
 2.14821474e+05 -5.43995503e+05 7.33421524e+05
 2.14818246e+05 -5.43996836e+05 7.33421514e+05
 2.14815073e+05 -5.43998147e+05 7.33421504e+05
 2.14811900e+05 -5.43999458e+05 7.33421494e+05
 2.14808728e+05 -5.44000769e+05 7.33421484e+05
 2.14805557e+05 -5.44002079e+05 7.33421474e+05
 2.14802441e+05 -5.44003366e+05 7.33421464e+05
 2.14799327e+05 -5.44004653e+05 7.33421454e+05
 2.14796215e+05 -5.44005939e+05 7.33421444e+05
 2.14792694e+05 -5.44007393e+05 7.33421433e+05
 2.14789177e+05 -5.44008846e+05 7.33421422e+05
 2.14785660e+05 -5.44010300e+05 7.33421411e+05
 2.14782140e+05 -5.44011754e+05 7.33421400e+05
 2.14778679e+05 -5.44013184e+05 7.33421389e+05
 2.14775219e+05 -5.44014613e+05 7.33421378e+05
 2.14771760e+05 -5.44016042e+05 7.33421367e+05
 2.14768300e+05 -5.44017472e+05 7.33421356e+05
 2.14764895e+05 -5.44018879e+05 7.33421345e+05
 2.14761492e+05 -5.44020285e+05 7.33421334e+05
 2.14758089e+05 -5.44021691e+05 7.33421323e+05
 2.14754746e+05 -5.44023072e+05 7.33421313e+05
 2.14751399e+05 -5.44024455e+05 7.33421302e+05
 2.14748054e+05 -5.44025837e+05 7.33421292e+05
 2.14744711e+05 -5.44027218e+05 7.33421281e+05
 2.14741424e+05 -5.44028576e+05 7.33421271e+05
 2.14738134e+05 -5.44029935e+05 7.33421260e+05
 2.14734848e+05 -5.44031293e+05 7.33421250e+05
 2.14731559e+05 -5.44032652e+05 7.33421239e+05
 2.14728330e+05 -5.44033986e+05 7.33421229e+05
 2.14725101e+05 -5.44035320e+05 7.33421219e+05
 2.14721870e+05 -5.44036655e+05 7.33421209e+05
 2.14718700e+05 -5.44037965e+05 7.33421199e+05
 2.14715527e+05 -5.44039276e+05 7.33421189e+05
 2.14711895e+05 -5.44040776e+05 7.33421177e+05
 2.14708317e+05 -5.44042254e+05 7.33421166e+05
 2.14704741e+05 -5.44043732e+05 7.33421154e+05
 2.14701166e+05 -5.44045209e+05 7.33421143e+05
 2.14697647e+05 -5.44046663e+05 7.33421132e+05
 2.14694131e+05 -5.44048116e+05 7.33421121e+05
 2.14690613e+05 -5.44049569e+05 7.33421109e+05
 2.14687094e+05 -5.44051023e+05 7.33421098e+05
 2.14683631e+05 -5.44052454e+05 7.33421087e+05
 2.14680173e+05 -5.44053883e+05 7.33421076e+05
 2.14676711e+05 -5.44055313e+05 7.33421065e+05
 2.14673251e+05 -5.44056742e+05 7.33421054e+05
 2.14669850e+05 -5.44058148e+05 7.33421043e+05
 2.14666446e+05 -5.44059554e+05 7.33421032e+05
 2.14663043e+05 -5.44060960e+05 7.33421022e+05
 2.14659696e+05 -5.44062343e+05 7.33421011e+05
 2.14656352e+05 -5.44063724e+05 7.33421000e+05
 2.14653007e+05 -5.44065106e+05 7.33420990e+05
 2.14649662e+05 -5.44066488e+05 7.33420979e+05
 2.14646373e+05 -5.44067847e+05 7.33420969e+05
 2.14643088e+05 -5.44069205e+05 7.33420958e+05
 2.14639798e+05 -5.44070564e+05 7.33420948e+05
 2.14636512e+05 -5.44071921e+05 7.33420937e+05
 2.14633281e+05 -5.44073256e+05 7.33420927e+05
 2.14629590e+05 -5.44074781e+05 7.33420915e+05
 2.14625958e+05 -5.44076282e+05 7.33420903e+05
 2.14622323e+05 -5.44077784e+05 7.33420892e+05
 2.14618691e+05 -5.44079284e+05 7.33420880e+05
 2.14615058e+05 -5.44080785e+05 7.33420869e+05
 2.14611482e+05 -5.44082263e+05 7.33420857e+05
 2.14607906e+05 -5.44083740e+05 7.33420846e+05
 2.14604328e+05 -5.44085218e+05 7.33420834e+05
 2.14600810e+05 -5.44086672e+05 7.33420823e+05
 2.14597294e+05 -5.44088125e+05 7.33420812e+05
 2.14593774e+05 -5.44089579e+05 7.33420801e+05
 2.14590256e+05 -5.44091033e+05 7.33420790e+05
 2.14586795e+05 -5.44092462e+05 7.33420778e+05
 2.14583335e+05 -5.44093892e+05 7.33420767e+05
 2.14579874e+05 -5.44095322e+05 7.33420756e+05
 2.14576414e+05 -5.44096752e+05 7.33420745e+05
 2.14573012e+05 -5.44098157e+05 7.33420734e+05
 2.14569610e+05 -5.44099563e+05 7.33420723e+05
 2.14566207e+05 -5.44100969e+05 7.33420713e+05
 2.14562860e+05 -5.44102351e+05 7.33420702e+05
 2.14559516e+05 -5.44103733e+05 7.33420691e+05
 2.14556170e+05 -5.44105116e+05 7.33420680e+05
 2.14552825e+05 -5.44106498e+05 7.33420670e+05
 2.14549537e+05 -5.44107856e+05 7.33420659e+05
 2.14545790e+05 -5.44109404e+05 7.33420647e+05
 2.14542100e+05 -5.44110929e+05 7.33420635e+05
 2.14538406e+05 -5.44112455e+05 7.33420624e+05
 2.14534715e+05 -5.44113980e+05 7.33420612e+05
 2.14531025e+05 -5.44115504e+05 7.33420600e+05
 2.14527393e+05 -5.44117005e+05 7.33420588e+05
 2.14523758e+05 -5.44118507e+05 7.33420577e+05
 2.14520125e+05 -5.44120008e+05 7.33420565e+05
 2.14516491e+05 -5.44121509e+05 7.33420553e+05
 2.14512915e+05 -5.44122987e+05 7.33420542e+05
 2.14509341e+05 -5.44124463e+05 7.33420530e+05
 2.14505762e+05 -5.44125942e+05 7.33420519e+05
 2.14502244e+05 -5.44127396e+05 7.33420508e+05
 2.14498726e+05 -5.44128849e+05 7.33420496e+05
 2.14495209e+05 -5.44130302e+05 7.33420485e+05
 2.14491690e+05 -5.44131756e+05 7.33420474e+05
 2.14488229e+05 -5.44133186e+05 7.33420463e+05
 2.14484770e+05 -5.44134615e+05 7.33420452e+05
 2.14481308e+05 -5.44136045e+05 7.33420440e+05
 2.14477849e+05 -5.44137475e+05 7.33420429e+05
 2.14474446e+05 -5.44138881e+05 7.33420418e+05
 2.14471043e+05 -5.44140286e+05 7.33420407e+05
 2.14467641e+05 -5.44141692e+05 7.33420396e+05
 2.14464295e+05 -5.44143074e+05 7.33420386e+05
 2.14460951e+05 -5.44144456e+05 7.33420375e+05
 2.14457605e+05 -5.44145839e+05 7.33420364e+05
 2.14454258e+05 -5.44147221e+05 7.33420353e+05
 2.14450972e+05 -5.44148579e+05 7.33420343e+05
 2.14447686e+05 -5.44149937e+05 7.33420332e+05
 2.14444397e+05 -5.44151295e+05 7.33420322e+05
 2.14441111e+05 -5.44152653e+05 7.33420311e+05
 2.14437879e+05 -5.44153989e+05 7.33420301e+05
 2.14434650e+05 -5.44155322e+05 7.33420290e+05
 2.14431419e+05 -5.44156658e+05 7.33420280e+05
 2.14428247e+05 -5.44157968e+05 7.33420270e+05
 2.14425076e+05 -5.44159278e+05 7.33420259e+05
 2.14421905e+05 -5.44160588e+05 7.33420249e+05
 2.14418733e+05 -5.44161899e+05 7.33420239e+05
 2.14415618e+05 -5.44163186e+05 7.33420229e+05
 2.14412503e+05 -5.44164473e+05 7.33420219e+05
 2.14409390e+05 -5.44165759e+05 7.33420209e+05
 2.14406273e+05 -5.44167047e+05 7.33420199e+05
 2.14403218e+05 -5.44168309e+05 7.33420189e+05
 2.14400160e+05 -5.44169573e+05 7.33420179e+05
 2.14397104e+05 -5.44170835e+05 7.33420169e+05
 2.14394106e+05 -5.44172074e+05 7.33420160e+05
 2.14391106e+05 -5.44173313e+05 7.33420150e+05
 2.14388108e+05 -5.44174552e+05 7.33420140e+05
 2.14385106e+05 -5.44175792e+05 7.33420130e+05
 2.14382165e+05 -5.44177007e+05 7.33420121e+05
 2.14378762e+05 -5.44178413e+05 7.33420110e+05
 2.14375359e+05 -5.44179819e+05 7.33420099e+05
 2.14371957e+05 -5.44181225e+05 7.33420088e+05
 2.14368611e+05 -5.44182607e+05 7.33420077e+05
 2.14365266e+05 -5.44183989e+05 7.33420066e+05
 2.14361923e+05 -5.44185371e+05 7.33420056e+05
 2.14358579e+05 -5.44186752e+05 7.33420045e+05
 2.14355290e+05 -5.44188111e+05 7.33420034e+05
 2.14352001e+05 -5.44189470e+05 7.33420023e+05
 2.14348714e+05 -5.44190828e+05 7.33420013e+05
 2.14345426e+05 -5.44192186e+05 7.33420002e+05
 2.14342196e+05 -5.44193521e+05 7.33419992e+05
 2.14338967e+05 -5.44194855e+05 7.33419981e+05
 2.14335737e+05 -5.44196190e+05 7.33419971e+05
 2.14332565e+05 -5.44197500e+05 7.33419961e+05
 2.14329393e+05 -5.44198811e+05 7.33419950e+05
 2.14326221e+05 -5.44200121e+05 7.33419940e+05
 2.14323048e+05 -5.44201432e+05 7.33419930e+05
 2.14319935e+05 -5.44202718e+05 7.33419920e+05
 2.14316820e+05 -5.44204006e+05 7.33419910e+05
 2.14313707e+05 -5.44205292e+05 7.33419899e+05
 2.14310591e+05 -5.44206579e+05 7.33419889e+05
 2.14307535e+05 -5.44207841e+05 7.33419879e+05
 2.14304477e+05 -5.44209105e+05 7.33419870e+05
 2.14301423e+05 -5.44210367e+05 7.33419860e+05
 2.14298421e+05 -5.44211607e+05 7.33419850e+05
 2.14294963e+05 -5.44213036e+05 7.33419839e+05
 2.14291500e+05 -5.44214466e+05 7.33419827e+05
 2.14288040e+05 -5.44215896e+05 7.33419816e+05
 2.14284579e+05 -5.44217326e+05 7.33419805e+05
 2.14281179e+05 -5.44218731e+05 7.33419794e+05
 2.14277774e+05 -5.44220138e+05 7.33419783e+05
 2.14274372e+05 -5.44221543e+05 7.33419772e+05
 2.14271028e+05 -5.44222925e+05 7.33419761e+05
 2.14267683e+05 -5.44224307e+05 7.33419750e+05
 2.14264337e+05 -5.44225689e+05 7.33419739e+05
 2.14260993e+05 -5.44227071e+05 7.33419728e+05
 2.14257705e+05 -5.44228429e+05 7.33419718e+05
 2.14254418e+05 -5.44229787e+05 7.33419707e+05
 2.14251129e+05 -5.44231146e+05 7.33419696e+05
 2.14247842e+05 -5.44232504e+05 7.33419686e+05
 2.14244611e+05 -5.44233839e+05 7.33419675e+05
 2.14241383e+05 -5.44235173e+05 7.33419665e+05
 2.14238153e+05 -5.44236508e+05 7.33419654e+05
 2.14234982e+05 -5.44237818e+05 7.33419644e+05
 2.14231809e+05 -5.44239129e+05 7.33419634e+05
 2.14228637e+05 -5.44240439e+05 7.33419623e+05
 2.14225464e+05 -5.44241750e+05 7.33419613e+05
 2.14222350e+05 -5.44243037e+05 7.33419603e+05
 2.14219235e+05 -5.44244324e+05 7.33419593e+05
 2.14216121e+05 -5.44245610e+05 7.33419582e+05
 2.14212603e+05 -5.44247064e+05 7.33419571e+05
 2.14209083e+05 -5.44248518e+05 7.33419560e+05
 2.14205565e+05 -5.44249972e+05 7.33419548e+05
 2.14202049e+05 -5.44251424e+05 7.33419537e+05
 2.14198586e+05 -5.44252855e+05 7.33419525e+05
 2.14195127e+05 -5.44254284e+05 7.33419514e+05
 2.14191667e+05 -5.44255714e+05 7.33419503e+05
 2.14188206e+05 -5.44257144e+05 7.33419491e+05
 2.14184803e+05 -5.44258549e+05 7.33419480e+05
 2.14181401e+05 -5.44259955e+05 7.33419469e+05
 2.14177998e+05 -5.44261361e+05 7.33419458e+05
 2.14174653e+05 -5.44262743e+05 7.33419447e+05
 2.14171308e+05 -5.44264125e+05 7.33419436e+05
 2.14167962e+05 -5.44265507e+05 7.33419425e+05
 2.14164618e+05 -5.44266889e+05 7.33419414e+05
 2.14161330e+05 -5.44268248e+05 7.33419404e+05
 2.14158042e+05 -5.44269606e+05 7.33419393e+05
 2.14154755e+05 -5.44270964e+05 7.33419382e+05
 2.14151467e+05 -5.44272323e+05 7.33419371e+05
 2.14148239e+05 -5.44273657e+05 7.33419361e+05
 2.14145008e+05 -5.44274991e+05 7.33419350e+05
 2.14141777e+05 -5.44276326e+05 7.33419340e+05
 2.14138605e+05 -5.44277637e+05 7.33419329e+05
 2.14135434e+05 -5.44278947e+05 7.33419319e+05
 2.14131799e+05 -5.44280449e+05 7.33419307e+05
 2.14128223e+05 -5.44281926e+05 7.33419295e+05
 2.14124647e+05 -5.44283404e+05 7.33419284e+05
 2.14121071e+05 -5.44284881e+05 7.33419272e+05
 2.14117553e+05 -5.44286335e+05 7.33419261e+05
 2.14114038e+05 -5.44287787e+05 7.33419249e+05
 2.14110520e+05 -5.44289241e+05 7.33419238e+05
 2.14107000e+05 -5.44290695e+05 7.33419226e+05
 2.14103538e+05 -5.44292125e+05 7.33419215e+05
 2.14100080e+05 -5.44293554e+05 7.33419203e+05
 2.14096617e+05 -5.44294984e+05 7.33419192e+05
 2.14093157e+05 -5.44296414e+05 7.33419181e+05
 2.14089754e+05 -5.44297820e+05 7.33419170e+05
 2.14086351e+05 -5.44299226e+05 7.33419158e+05
 2.14082949e+05 -5.44300632e+05 7.33419147e+05
 2.14079605e+05 -5.44302013e+05 7.33419136e+05
 2.14076259e+05 -5.44303396e+05 7.33419125e+05
 2.14072915e+05 -5.44304777e+05 7.33419114e+05
 2.14069570e+05 -5.44306160e+05 7.33419103e+05
 2.14066281e+05 -5.44307519e+05 7.33419093e+05
 2.14062993e+05 -5.44308877e+05 7.33419082e+05
 2.14059707e+05 -5.44310234e+05 7.33419071e+05
 2.14056418e+05 -5.44311593e+05 7.33419060e+05
 2.14053190e+05 -5.44312927e+05 7.33419050e+05
 2.14049500e+05 -5.44314452e+05 7.33419037e+05
 2.14045865e+05 -5.44315953e+05 7.33419025e+05
 2.14042231e+05 -5.44317455e+05 7.33419014e+05
 2.14038599e+05 -5.44318955e+05 7.33419002e+05
 2.14034964e+05 -5.44320457e+05 7.33418990e+05
 2.14031389e+05 -5.44321935e+05 7.33418978e+05
 2.14027813e+05 -5.44323412e+05 7.33418966e+05
 2.14024237e+05 -5.44324889e+05 7.33418954e+05
 2.14020719e+05 -5.44326343e+05 7.33418943e+05
 2.14017201e+05 -5.44327796e+05 7.33418931e+05
 2.14013683e+05 -5.44329250e+05 7.33418920e+05
 2.14010165e+05 -5.44330703e+05 7.33418908e+05
 2.14006705e+05 -5.44332133e+05 7.33418897e+05
 2.14003242e+05 -5.44333564e+05 7.33418885e+05
 2.13999783e+05 -5.44334993e+05 7.33418874e+05
 2.13996322e+05 -5.44336423e+05 7.33418863e+05
 2.13992919e+05 -5.44337829e+05 7.33418851e+05
 2.13989517e+05 -5.44339234e+05 7.33418840e+05
 2.13986114e+05 -5.44340640e+05 7.33418829e+05
 2.13982769e+05 -5.44342022e+05 7.33418818e+05
 2.13979422e+05 -5.44343405e+05 7.33418807e+05
 2.13976079e+05 -5.44344786e+05 7.33418796e+05
 2.13972732e+05 -5.44346169e+05 7.33418785e+05
 2.13969446e+05 -5.44347527e+05 7.33418774e+05
 2.13965696e+05 -5.44349076e+05 7.33418762e+05
 2.13962004e+05 -5.44350601e+05 7.33418749e+05
 2.13958315e+05 -5.44352126e+05 7.33418737e+05
 2.13954623e+05 -5.44353651e+05 7.33418725e+05
 2.13950931e+05 -5.44355177e+05 7.33418713e+05
 2.13947299e+05 -5.44356677e+05 7.33418701e+05
 2.13943665e+05 -5.44358178e+05 7.33418689e+05
 2.13940030e+05 -5.44359680e+05 7.33418677e+05
 2.13936398e+05 -5.44361181e+05 7.33418665e+05
 2.13932823e+05 -5.44362658e+05 7.33418653e+05
 2.13929247e+05 -5.44364136e+05 7.33418641e+05
 2.13925669e+05 -5.44365614e+05 7.33418629e+05
 2.13922151e+05 -5.44367067e+05 7.33418618e+05
 2.13918635e+05 -5.44368520e+05 7.33418606e+05
 2.13915115e+05 -5.44369974e+05 7.33418595e+05
 2.13911597e+05 -5.44371428e+05 7.33418583e+05
 2.13908138e+05 -5.44372857e+05 7.33418571e+05
 2.13904676e+05 -5.44374287e+05 7.33418560e+05
 2.13901215e+05 -5.44375717e+05 7.33418549e+05
 2.13897757e+05 -5.44377146e+05 7.33418537e+05
 2.13894352e+05 -5.44378553e+05 7.33418526e+05
 2.13890949e+05 -5.44379959e+05 7.33418515e+05
 2.13887548e+05 -5.44381364e+05 7.33418503e+05
 2.13884201e+05 -5.44382747e+05 7.33418492e+05
 2.13880856e+05 -5.44384129e+05 7.33418481e+05
 2.13877511e+05 -5.44385511e+05 7.33418470e+05
 2.13874167e+05 -5.44386892e+05 7.33418459e+05
 2.13870881e+05 -5.44388250e+05 7.33418448e+05
 2.13867593e+05 -5.44389609e+05 7.33418437e+05
 2.13864305e+05 -5.44390967e+05 7.33418426e+05
 2.13861019e+05 -5.44392325e+05 7.33418415e+05
 2.13857789e+05 -5.44393659e+05 7.33418405e+05
 2.13854557e+05 -5.44394995e+05 7.33418394e+05
 2.13851328e+05 -5.44396329e+05 7.33418383e+05
 2.13848157e+05 -5.44397639e+05 7.33418373e+05
 2.13844984e+05 -5.44398950e+05 7.33418362e+05
 2.13841812e+05 -5.44400261e+05 7.33418352e+05
 2.13838639e+05 -5.44401571e+05 7.33418341e+05
 2.13835525e+05 -5.44402858e+05 7.33418331e+05
 2.13832411e+05 -5.44404145e+05 7.33418320e+05
 2.13829296e+05 -5.44405431e+05 7.33418310e+05
 2.13826182e+05 -5.44406718e+05 7.33418300e+05
 2.13823126e+05 -5.44407981e+05 7.33418290e+05
 2.13820069e+05 -5.44409244e+05 7.33418279e+05
 2.13817011e+05 -5.44410507e+05 7.33418269e+05
 2.13814013e+05 -5.44411746e+05 7.33418259e+05
 2.13811012e+05 -5.44412986e+05 7.33418249e+05
 2.13808014e+05 -5.44414224e+05 7.33418239e+05
 2.13805015e+05 -5.44415463e+05 7.33418229e+05
 2.13802074e+05 -5.44416679e+05 7.33418220e+05
 2.13798671e+05 -5.44418085e+05 7.33418208e+05
 2.13795269e+05 -5.44419490e+05 7.33418197e+05
 2.13791865e+05 -5.44420896e+05 7.33418186e+05
 2.13788521e+05 -5.44422278e+05 7.33418175e+05
 2.13785174e+05 -5.44423661e+05 7.33418163e+05
 2.13781830e+05 -5.44425043e+05 7.33418152e+05
 2.13778483e+05 -5.44426425e+05 7.33418141e+05
 2.13775198e+05 -5.44427783e+05 7.33418130e+05
 2.13771908e+05 -5.44429142e+05 7.33418119e+05
 2.13768622e+05 -5.44430500e+05 7.33418108e+05
 2.13765335e+05 -5.44431858e+05 7.33418097e+05
 2.13762106e+05 -5.44433192e+05 7.33418087e+05
 2.13758875e+05 -5.44434527e+05 7.33418076e+05
 2.13755644e+05 -5.44435862e+05 7.33418065e+05
 2.13752474e+05 -5.44437171e+05 7.33418055e+05
 2.13749300e+05 -5.44438483e+05 7.33418044e+05
 2.13746129e+05 -5.44439793e+05 7.33418033e+05
 2.13742958e+05 -5.44441103e+05 7.33418023e+05
 2.13739843e+05 -5.44442390e+05 7.33418012e+05
 2.13736728e+05 -5.44443677e+05 7.33418002e+05
 2.13733612e+05 -5.44444964e+05 7.33417992e+05
 2.13730498e+05 -5.44446251e+05 7.33417981e+05
 2.13727441e+05 -5.44447514e+05 7.33417971e+05
 2.13724387e+05 -5.44448776e+05 7.33417961e+05
 2.13721328e+05 -5.44450040e+05 7.33417951e+05
 2.13718329e+05 -5.44451279e+05 7.33417941e+05
 2.13714868e+05 -5.44452709e+05 7.33417929e+05
 2.13711408e+05 -5.44454139e+05 7.33417917e+05
 2.13707947e+05 -5.44455568e+05 7.33417906e+05
 2.13704487e+05 -5.44456998e+05 7.33417894e+05
 2.13701084e+05 -5.44458404e+05 7.33417883e+05
 2.13697681e+05 -5.44459810e+05 7.33417872e+05
 2.13694278e+05 -5.44461216e+05 7.33417860e+05
 2.13690935e+05 -5.44462597e+05 7.33417849e+05
 2.13687588e+05 -5.44463980e+05 7.33417838e+05
 2.13684243e+05 -5.44465362e+05 7.33417827e+05
 2.13680900e+05 -5.44466743e+05 7.33417815e+05
 2.13677613e+05 -5.44468101e+05 7.33417804e+05
 2.13674323e+05 -5.44469461e+05 7.33417793e+05
 2.13671036e+05 -5.44470819e+05 7.33417782e+05
 2.13667748e+05 -5.44472177e+05 7.33417771e+05
 2.13664518e+05 -5.44473512e+05 7.33417761e+05
 2.13661291e+05 -5.44474845e+05 7.33417750e+05
 2.13658059e+05 -5.44476180e+05 7.33417739e+05
 2.13654889e+05 -5.44477490e+05 7.33417728e+05
 2.13651717e+05 -5.44478800e+05 7.33417718e+05
 2.13648544e+05 -5.44480112e+05 7.33417707e+05
 2.13645372e+05 -5.44481422e+05 7.33417697e+05
 2.13642256e+05 -5.44482710e+05 7.33417686e+05
 2.13639142e+05 -5.44483996e+05 7.33417676e+05
 2.13636029e+05 -5.44485282e+05 7.33417665e+05
 2.13632512e+05 -5.44486736e+05 7.33417653e+05
 2.13628992e+05 -5.44488190e+05 7.33417642e+05
 2.13625474e+05 -5.44489643e+05 7.33417630e+05
 2.13621956e+05 -5.44491097e+05 7.33417618e+05
 2.13618497e+05 -5.44492526e+05 7.33417606e+05
 2.13615035e+05 -5.44493956e+05 7.33417595e+05
 2.13611574e+05 -5.44495386e+05 7.33417583e+05
 2.13608114e+05 -5.44496816e+05 7.33417572e+05
 2.13604710e+05 -5.44498222e+05 7.33417560e+05
 2.13601308e+05 -5.44499628e+05 7.33417549e+05
 2.13597905e+05 -5.44501034e+05 7.33417537e+05
 2.13594560e+05 -5.44502416e+05 7.33417526e+05
 2.13591215e+05 -5.44503798e+05 7.33417515e+05
 2.13587870e+05 -5.44505180e+05 7.33417504e+05
 2.13584525e+05 -5.44506562e+05 7.33417492e+05
 2.13581236e+05 -5.44507921e+05 7.33417481e+05
 2.13577949e+05 -5.44509279e+05 7.33417470e+05
 2.13574663e+05 -5.44510636e+05 7.33417459e+05
 2.13571373e+05 -5.44511996e+05 7.33417448e+05
 2.13568145e+05 -5.44513329e+05 7.33417437e+05
 2.13564916e+05 -5.44514664e+05 7.33417426e+05
 2.13561686e+05 -5.44515998e+05 7.33417415e+05
 2.13558513e+05 -5.44517309e+05 7.33417405e+05
 2.13555342e+05 -5.44518619e+05 7.33417394e+05
 2.13551709e+05 -5.44520120e+05 7.33417382e+05
 2.13548131e+05 -5.44521599e+05 7.33417370e+05
 2.13544555e+05 -5.44523076e+05 7.33417358e+05
 2.13540979e+05 -5.44524553e+05 7.33417346e+05
 2.13537461e+05 -5.44526007e+05 7.33417334e+05
 2.13533945e+05 -5.44527460e+05 7.33417322e+05
 2.13530427e+05 -5.44528913e+05 7.33417310e+05
 2.13526906e+05 -5.44530368e+05 7.33417298e+05
 2.13523448e+05 -5.44531797e+05 7.33417287e+05
 2.13519987e+05 -5.44533227e+05 7.33417275e+05
 2.13516526e+05 -5.44534656e+05 7.33417263e+05
 2.13513064e+05 -5.44536087e+05 7.33417252e+05
 2.13509664e+05 -5.44537492e+05 7.33417240e+05
 2.13506259e+05 -5.44538899e+05 7.33417229e+05
 2.13502858e+05 -5.44540304e+05 7.33417217e+05
 2.13499511e+05 -5.44541687e+05 7.33417206e+05
 2.13496168e+05 -5.44543068e+05 7.33417195e+05
 2.13492823e+05 -5.44544450e+05 7.33417183e+05
 2.13489478e+05 -5.44545832e+05 7.33417172e+05
 2.13486188e+05 -5.44547191e+05 7.33417161e+05
 2.13482903e+05 -5.44548548e+05 7.33417150e+05
 2.13479616e+05 -5.44549906e+05 7.33417139e+05
 2.13476326e+05 -5.44551266e+05 7.33417128e+05
 2.13473099e+05 -5.44552599e+05 7.33417117e+05
 2.13469405e+05 -5.44554125e+05 7.33417104e+05
 2.13465771e+05 -5.44555627e+05 7.33417092e+05
 2.13462140e+05 -5.44557127e+05 7.33417080e+05
 2.13458507e+05 -5.44558628e+05 7.33417067e+05
 2.13454871e+05 -5.44560130e+05 7.33417055e+05
 2.13451297e+05 -5.44561607e+05 7.33417043e+05
 2.13447720e+05 -5.44563085e+05 7.33417031e+05
 2.13444145e+05 -5.44564562e+05 7.33417019e+05
 2.13440627e+05 -5.44566015e+05 7.33417007e+05
 2.13437110e+05 -5.44567468e+05 7.33416995e+05
 2.13433590e+05 -5.44568923e+05 7.33416983e+05
 2.13430071e+05 -5.44570377e+05 7.33416971e+05
 2.13426613e+05 -5.44571805e+05 7.33416959e+05
 2.13423152e+05 -5.44573235e+05 7.33416948e+05
 2.13419690e+05 -5.44574665e+05 7.33416936e+05
 2.13416230e+05 -5.44576095e+05 7.33416924e+05
 2.13412828e+05 -5.44577501e+05 7.33416913e+05
 2.13409425e+05 -5.44578907e+05 7.33416901e+05
 2.13406022e+05 -5.44580313e+05 7.33416890e+05
 2.13402676e+05 -5.44581695e+05 7.33416878e+05
 2.13399330e+05 -5.44583078e+05 7.33416867e+05
 2.13395985e+05 -5.44584460e+05 7.33416856e+05
 2.13392641e+05 -5.44585841e+05 7.33416844e+05
 2.13389354e+05 -5.44587200e+05 7.33416833e+05
 2.13385605e+05 -5.44588748e+05 7.33416820e+05
 2.13381914e+05 -5.44590273e+05 7.33416808e+05
 2.13378223e+05 -5.44591798e+05 7.33416795e+05
 2.13374531e+05 -5.44593324e+05 7.33416783e+05
 2.13370840e+05 -5.44594849e+05 7.33416770e+05
 2.13367207e+05 -5.44596350e+05 7.33416758e+05
 2.13363573e+05 -5.44597851e+05 7.33416746e+05
 2.13359938e+05 -5.44599353e+05 7.33416733e+05
 2.13356306e+05 -5.44600854e+05 7.33416721e+05
 2.13352731e+05 -5.44602331e+05 7.33416709e+05
 2.13349154e+05 -5.44603808e+05 7.33416697e+05
 2.13345579e+05 -5.44605286e+05 7.33416684e+05
 2.13342060e+05 -5.44606739e+05 7.33416672e+05
 2.13338541e+05 -5.44608194e+05 7.33416660e+05
 2.13335023e+05 -5.44609647e+05 7.33416648e+05
 2.13331506e+05 -5.44611100e+05 7.33416637e+05
 2.13328046e+05 -5.44612530e+05 7.33416625e+05
 2.13324586e+05 -5.44613959e+05 7.33416613e+05
 2.13321124e+05 -5.44615389e+05 7.33416601e+05
 2.13317663e+05 -5.44616820e+05 7.33416589e+05
 2.13314262e+05 -5.44618225e+05 7.33416578e+05
 2.13310859e+05 -5.44619631e+05 7.33416566e+05
 2.13307456e+05 -5.44621037e+05 7.33416555e+05
 2.13304111e+05 -5.44622419e+05 7.33416543e+05
 2.13300766e+05 -5.44623801e+05 7.33416532e+05
 2.13297419e+05 -5.44625184e+05 7.33416520e+05
 2.13294075e+05 -5.44626565e+05 7.33416509e+05
 2.13290786e+05 -5.44627924e+05 7.33416498e+05
 2.13287500e+05 -5.44629282e+05 7.33416487e+05
 2.13284213e+05 -5.44630640e+05 7.33416475e+05
 2.13280925e+05 -5.44631998e+05 7.33416464e+05
 2.13277694e+05 -5.44633333e+05 7.33416453e+05
 2.13274466e+05 -5.44634667e+05 7.33416442e+05
 2.13271234e+05 -5.44636002e+05 7.33416431e+05
 2.13268065e+05 -5.44637312e+05 7.33416420e+05
 2.13264890e+05 -5.44638623e+05 7.33416409e+05
 2.13261721e+05 -5.44639933e+05 7.33416399e+05
 2.13258546e+05 -5.44641245e+05 7.33416388e+05
 2.13255434e+05 -5.44642530e+05 7.33416377e+05
 2.13252319e+05 -5.44643817e+05 7.33416367e+05
 2.13249205e+05 -5.44645104e+05 7.33416356e+05
 2.13246091e+05 -5.44646391e+05 7.33416345e+05
 2.13243032e+05 -5.44647655e+05 7.33416335e+05
 2.13239975e+05 -5.44648917e+05 7.33416324e+05
 2.13236919e+05 -5.44650180e+05 7.33416314e+05
 2.13233921e+05 -5.44651419e+05 7.33416304e+05
 2.13230923e+05 -5.44652658e+05 7.33416293e+05
 2.13227922e+05 -5.44653897e+05 7.33416283e+05
 2.13224922e+05 -5.44655137e+05 7.33416273e+05
 2.13221982e+05 -5.44656352e+05 7.33416263e+05
 2.13218579e+05 -5.44657757e+05 7.33416251e+05
 2.13215177e+05 -5.44659163e+05 7.33416240e+05
 2.13211775e+05 -5.44660569e+05 7.33416228e+05
 2.13208430e+05 -5.44661951e+05 7.33416216e+05
 2.13205083e+05 -5.44663333e+05 7.33416205e+05
 2.13201738e+05 -5.44664715e+05 7.33416193e+05
 2.13198394e+05 -5.44666097e+05 7.33416182e+05
 2.13195104e+05 -5.44667457e+05 7.33416171e+05
 2.13191818e+05 -5.44668814e+05 7.33416160e+05
 2.13188530e+05 -5.44670173e+05 7.33416148e+05
 2.13185243e+05 -5.44671531e+05 7.33416137e+05
 2.13182013e+05 -5.44672865e+05 7.33416126e+05
 2.13178783e+05 -5.44674200e+05 7.33416115e+05
 2.13175554e+05 -5.44675534e+05 7.33416104e+05
 2.13169210e+05 -5.44678155e+05 7.33416082e+05
 2.13166037e+05 -5.44679466e+05 7.33416071e+05
 2.13162865e+05 -5.44680777e+05 7.33416060e+05
 2.13159751e+05 -5.44682063e+05 7.33416050e+05
 2.13156637e+05 -5.44683350e+05 7.33416039e+05
 2.13153522e+05 -5.44684637e+05 7.33416028e+05
 2.13150407e+05 -5.44685924e+05 7.33416017e+05
 2.13147351e+05 -5.44687186e+05 7.33416007e+05
 2.13144294e+05 -5.44688449e+05 7.33415997e+05
 2.13141237e+05 -5.44689712e+05 7.33415986e+05
 2.13138239e+05 -5.44690951e+05 7.33415976e+05
 2.13134778e+05 -5.44692381e+05 7.33415964e+05
 2.13131317e+05 -5.44693811e+05 7.33415952e+05
 2.13127857e+05 -5.44695241e+05 7.33415940e+05
 2.13124396e+05 -5.44696671e+05 7.33415928e+05
 2.13120993e+05 -5.44698076e+05 7.33415916e+05
 2.13117591e+05 -5.44699482e+05 7.33415905e+05
 2.13114188e+05 -5.44700888e+05 7.33415893e+05
 2.13110843e+05 -5.44702270e+05 7.33415882e+05
 2.13107498e+05 -5.44703652e+05 7.33415870e+05
 2.13104152e+05 -5.44705035e+05 7.33415859e+05
 2.13100806e+05 -5.44706417e+05 7.33415847e+05
 2.13097518e+05 -5.44707776e+05 7.33415836e+05
 2.13094233e+05 -5.44709133e+05 7.33415824e+05
 2.13090943e+05 -5.44710492e+05 7.33415813e+05
 2.13087659e+05 -5.44711849e+05 7.33415802e+05
 2.13084428e+05 -5.44713184e+05 7.33415791e+05
 2.13081196e+05 -5.44714519e+05 7.33415779e+05
 2.13077967e+05 -5.44715854e+05 7.33415768e+05
 2.13074797e+05 -5.44717163e+05 7.33415757e+05
 2.13071622e+05 -5.44718475e+05 7.33415747e+05
 2.13068452e+05 -5.44719785e+05 7.33415736e+05
 2.13065281e+05 -5.44721095e+05 7.33415725e+05
 2.13062164e+05 -5.44722383e+05 7.33415714e+05
 2.13059052e+05 -5.44723668e+05 7.33415703e+05
 2.13055936e+05 -5.44724956e+05 7.33415692e+05
 2.13052417e+05 -5.44726410e+05 7.33415680e+05
 2.13048900e+05 -5.44727863e+05 7.33415668e+05
 2.13045383e+05 -5.44729316e+05 7.33415656e+05
 2.13041865e+05 -5.44730770e+05 7.33415644e+05
 2.13038404e+05 -5.44732199e+05 7.33415632e+05
 2.13034941e+05 -5.44733630e+05 7.33415620e+05
 2.13031484e+05 -5.44735059e+05 7.33415608e+05
 2.13028023e+05 -5.44736489e+05 7.33415596e+05
 2.13024619e+05 -5.44737895e+05 7.33415584e+05
 2.13021215e+05 -5.44739301e+05 7.33415573e+05
 2.13017814e+05 -5.44740707e+05 7.33415561e+05
 2.13014470e+05 -5.44742088e+05 7.33415549e+05
 2.13011124e+05 -5.44743471e+05 7.33415538e+05
 2.13007778e+05 -5.44744853e+05 7.33415526e+05
 2.13004433e+05 -5.44746235e+05 7.33415515e+05
 2.13001145e+05 -5.44747594e+05 7.33415503e+05
 2.12997858e+05 -5.44748952e+05 7.33415492e+05
 2.12994572e+05 -5.44750309e+05 7.33415480e+05
 2.12991282e+05 -5.44751669e+05 7.33415469e+05
 2.12988054e+05 -5.44753002e+05 7.33415458e+05
 2.12984823e+05 -5.44754337e+05 7.33415447e+05
 2.12981594e+05 -5.44755672e+05 7.33415436e+05
 2.12978422e+05 -5.44756982e+05 7.33415425e+05
 2.12975250e+05 -5.44758293e+05 7.33415414e+05
 2.12971616e+05 -5.44759794e+05 7.33415401e+05
 2.12968040e+05 -5.44761271e+05 7.33415389e+05
 2.12964464e+05 -5.44762749e+05 7.33415376e+05
 2.12960888e+05 -5.44764226e+05 7.33415364e+05
 2.12957370e+05 -5.44765680e+05 7.33415352e+05
 2.12953853e+05 -5.44767133e+05 7.33415340e+05
 2.12950334e+05 -5.44768587e+05 7.33415327e+05
 2.12946816e+05 -5.44770041e+05 7.33415315e+05
 2.12943356e+05 -5.44771470e+05 7.33415303e+05
 2.12939895e+05 -5.44772900e+05 7.33415291e+05
 2.12936435e+05 -5.44774330e+05 7.33415279e+05
 2.12932974e+05 -5.44775759e+05 7.33415267e+05
 2.12929572e+05 -5.44777165e+05 7.33415255e+05
 2.12926169e+05 -5.44778571e+05 7.33415244e+05
 2.12922766e+05 -5.44779977e+05 7.33415232e+05
 2.12919420e+05 -5.44781359e+05 7.33415220e+05
 2.12916076e+05 -5.44782741e+05 7.33415208e+05
 2.12912730e+05 -5.44784124e+05 7.33415197e+05
 2.12909385e+05 -5.44785506e+05 7.33415185e+05
 2.12906098e+05 -5.44786864e+05 7.33415174e+05
 2.12902809e+05 -5.44788223e+05 7.33415162e+05
 2.12899523e+05 -5.44789580e+05 7.33415151e+05
 2.12896235e+05 -5.44790939e+05 7.33415140e+05
 2.12893004e+05 -5.44792274e+05 7.33415128e+05
 2.12889315e+05 -5.44793798e+05 7.33415116e+05
 2.12885681e+05 -5.44795299e+05 7.33415103e+05
 2.12882047e+05 -5.44796801e+05 7.33415090e+05
 2.12878414e+05 -5.44798302e+05 7.33415078e+05
 2.12874779e+05 -5.44799804e+05 7.33415065e+05
 2.12871205e+05 -5.44801280e+05 7.33415053e+05
 2.12867629e+05 -5.44802758e+05 7.33415040e+05
 2.12864051e+05 -5.44804236e+05 7.33415028e+05
 2.12860535e+05 -5.44805689e+05 7.33415015e+05
 2.12857017e+05 -5.44807143e+05 7.33415003e+05
 2.12853499e+05 -5.44808596e+05 7.33414991e+05
 2.12849981e+05 -5.44810050e+05 7.33414979e+05
 2.12846518e+05 -5.44811480e+05 7.33414967e+05
 2.12843060e+05 -5.44812909e+05 7.33414955e+05
 2.12839597e+05 -5.44814340e+05 7.33414942e+05
 2.12836139e+05 -5.44815769e+05 7.33414930e+05
 2.12832734e+05 -5.44817175e+05 7.33414919e+05
 2.12829334e+05 -5.44818580e+05 7.33414907e+05
 2.12825931e+05 -5.44819986e+05 7.33414895e+05
 2.12822586e+05 -5.44821368e+05 7.33414883e+05
 2.12819241e+05 -5.44822750e+05 7.33414872e+05
 2.12815894e+05 -5.44824133e+05 7.33414860e+05
 2.12812548e+05 -5.44825515e+05 7.33414848e+05
 2.12809263e+05 -5.44826873e+05 7.33414837e+05
 2.12805512e+05 -5.44828422e+05 7.33414824e+05
 2.12801823e+05 -5.44829947e+05 7.33414811e+05
 2.12798131e+05 -5.44831472e+05 7.33414798e+05
 2.12794441e+05 -5.44832997e+05 7.33414785e+05
 2.12790749e+05 -5.44834522e+05 7.33414772e+05
 2.12787115e+05 -5.44836023e+05 7.33414759e+05
 2.12783482e+05 -5.44837525e+05 7.33414747e+05
 2.12779848e+05 -5.44839026e+05 7.33414734e+05
 2.12776214e+05 -5.44840527e+05 7.33414721e+05
 2.12772637e+05 -5.44842005e+05 7.33414709e+05
 2.12769063e+05 -5.44843482e+05 7.33414696e+05
 2.12765487e+05 -5.44844960e+05 7.33414684e+05
 2.12761969e+05 -5.44846413e+05 7.33414672e+05
 2.12758451e+05 -5.44847867e+05 7.33414659e+05
 2.12754934e+05 -5.44849320e+05 7.33414647e+05
 2.12751414e+05 -5.44850774e+05 7.33414635e+05
 2.12747954e+05 -5.44852203e+05 7.33414622e+05
 2.12744494e+05 -5.44853633e+05 7.33414610e+05
 2.12741033e+05 -5.44855063e+05 7.33414598e+05
 2.12737572e+05 -5.44856493e+05 7.33414586e+05
 2.12734170e+05 -5.44857899e+05 7.33414574e+05
 2.12730767e+05 -5.44859305e+05 7.33414562e+05
 2.12727364e+05 -5.44860710e+05 7.33414550e+05
 2.12724019e+05 -5.44862093e+05 7.33414539e+05
 2.12720674e+05 -5.44863475e+05 7.33414527e+05
 2.12717329e+05 -5.44864857e+05 7.33414515e+05
 2.12713983e+05 -5.44866239e+05 7.33414504e+05
 2.12710696e+05 -5.44867597e+05 7.33414492e+05
 2.12707408e+05 -5.44868956e+05 7.33414480e+05
 2.12704121e+05 -5.44870314e+05 7.33414469e+05
 2.12700833e+05 -5.44871672e+05 7.33414457e+05
 2.12697602e+05 -5.44873007e+05 7.33414446e+05
 2.12694375e+05 -5.44874341e+05 7.33414435e+05
 2.12691145e+05 -5.44875675e+05 7.33414423e+05
 2.12687972e+05 -5.44876986e+05 7.33414412e+05
 2.12684800e+05 -5.44878297e+05 7.33414401e+05
 2.12681628e+05 -5.44879607e+05 7.33414390e+05
 2.12678456e+05 -5.44880918e+05 7.33414379e+05
 2.12675342e+05 -5.44882204e+05 7.33414368e+05
 2.12672228e+05 -5.44883491e+05 7.33414357e+05
 2.12669111e+05 -5.44884779e+05 7.33414346e+05
 2.12665998e+05 -5.44886065e+05 7.33414335e+05
 2.12662941e+05 -5.44887328e+05 7.33414324e+05
 2.12659885e+05 -5.44888591e+05 7.33414314e+05
 2.12656828e+05 -5.44889854e+05 7.33414303e+05
 2.12653829e+05 -5.44891093e+05 7.33414292e+05
 2.12650830e+05 -5.44892332e+05 7.33414282e+05
 2.12647831e+05 -5.44893571e+05 7.33414271e+05
 2.12644830e+05 -5.44894811e+05 7.33414261e+05
 2.12641890e+05 -5.44896026e+05 7.33414250e+05
 2.12638487e+05 -5.44897431e+05 7.33414238e+05
 2.12635084e+05 -5.44898837e+05 7.33414226e+05
 2.12631682e+05 -5.44900243e+05 7.33414214e+05
 2.12628336e+05 -5.44901626e+05 7.33414203e+05
 2.12624993e+05 -5.44903007e+05 7.33414191e+05
 2.12621647e+05 -5.44904389e+05 7.33414179e+05
 2.12618301e+05 -5.44905772e+05 7.33414167e+05
 2.12615014e+05 -5.44907130e+05 7.33414156e+05
 2.12611726e+05 -5.44908488e+05 7.33414144e+05
 2.12608440e+05 -5.44909846e+05 7.33414133e+05
 2.12605151e+05 -5.44911205e+05 7.33414121e+05
 2.12601923e+05 -5.44912539e+05 7.33414110e+05
 2.12598692e+05 -5.44913874e+05 7.33414098e+05
 2.12595461e+05 -5.44915209e+05 7.33414087e+05
 2.12592290e+05 -5.44916519e+05 7.33414076e+05
 2.12589118e+05 -5.44917829e+05 7.33414065e+05
 2.12585945e+05 -5.44919140e+05 7.33414053e+05
 2.12582774e+05 -5.44920450e+05 7.33414042e+05
 2.12579659e+05 -5.44921737e+05 7.33414031e+05
 2.12576545e+05 -5.44923024e+05 7.33414020e+05
 2.12573431e+05 -5.44924311e+05 7.33414009e+05
 2.12570316e+05 -5.44925598e+05 7.33413998e+05
 2.12567259e+05 -5.44926861e+05 7.33413987e+05
 2.12564202e+05 -5.44928124e+05 7.33413977e+05
 2.12561145e+05 -5.44929387e+05 7.33413966e+05
 2.12558147e+05 -5.44930625e+05 7.33413955e+05
 2.12554686e+05 -5.44932055e+05 7.33413943e+05
 2.12551226e+05 -5.44933485e+05 7.33413931e+05
 2.12547766e+05 -5.44934915e+05 7.33413919e+05
 2.12544304e+05 -5.44936345e+05 7.33413906e+05
 2.12540902e+05 -5.44937751e+05 7.33413894e+05
 2.12537499e+05 -5.44939156e+05 7.33413882e+05
 2.12534096e+05 -5.44940563e+05 7.33413870e+05
 2.12530752e+05 -5.44941944e+05 7.33413859e+05
 2.12527406e+05 -5.44943327e+05 7.33413847e+05
 2.12524061e+05 -5.44944709e+05 7.33413835e+05
 2.12520716e+05 -5.44946091e+05 7.33413823e+05
 2.12517428e+05 -5.44947449e+05 7.33413811e+05
 2.12514141e+05 -5.44948807e+05 7.33413800e+05
 2.12510853e+05 -5.44950166e+05 7.33413788e+05
 2.12507566e+05 -5.44951524e+05 7.33413776e+05
 2.12504336e+05 -5.44952858e+05 7.33413765e+05
 2.12501106e+05 -5.44954193e+05 7.33413754e+05
 2.12497875e+05 -5.44955528e+05 7.33413742e+05
 2.12494704e+05 -5.44956838e+05 7.33413731e+05
 2.12491533e+05 -5.44958148e+05 7.33413720e+05
 2.12488361e+05 -5.44959459e+05 7.33413708e+05
 2.12485188e+05 -5.44960770e+05 7.33413697e+05
 2.12482072e+05 -5.44962057e+05 7.33413686e+05
 2.12478959e+05 -5.44963343e+05 7.33413675e+05
 2.12475845e+05 -5.44964630e+05 7.33413664e+05
 2.12472327e+05 -5.44966084e+05 7.33413652e+05
 2.12468808e+05 -5.44967537e+05 7.33413639e+05
 2.12465291e+05 -5.44968991e+05 7.33413627e+05
 2.12461771e+05 -5.44970445e+05 7.33413614e+05
 2.12458312e+05 -5.44971874e+05 7.33413602e+05
 2.12454852e+05 -5.44973303e+05 7.33413590e+05
 2.12451391e+05 -5.44974734e+05 7.33413577e+05
 2.12447931e+05 -5.44976163e+05 7.33413565e+05
 2.12444528e+05 -5.44977569e+05 7.33413553e+05
 2.12441123e+05 -5.44978976e+05 7.33413541e+05
 2.12437722e+05 -5.44980381e+05 7.33413529e+05
 2.12434377e+05 -5.44981763e+05 7.33413517e+05
 2.12431030e+05 -5.44983146e+05 7.33413505e+05
 2.12427687e+05 -5.44984527e+05 7.33413493e+05
 2.12424341e+05 -5.44985910e+05 7.33413481e+05
 2.12421055e+05 -5.44987268e+05 7.33413470e+05
 2.12417767e+05 -5.44988626e+05 7.33413458e+05
 2.12414479e+05 -5.44989984e+05 7.33413446e+05
 2.12411193e+05 -5.44991342e+05 7.33413435e+05
 2.12407960e+05 -5.44992678e+05 7.33413423e+05
 2.12404732e+05 -5.44994011e+05 7.33413412e+05
 2.12401503e+05 -5.44995346e+05 7.33413400e+05
 2.12398329e+05 -5.44996657e+05 7.33413389e+05
 2.12395158e+05 -5.44997967e+05 7.33413378e+05
 2.12391523e+05 -5.44999469e+05 7.33413365e+05
 2.12387949e+05 -5.45000946e+05 7.33413352e+05
 2.12384373e+05 -5.45002423e+05 7.33413339e+05
 2.12380796e+05 -5.45003901e+05 7.33413327e+05
 2.12377279e+05 -5.45005354e+05 7.33413314e+05
 2.12373761e+05 -5.45006808e+05 7.33413301e+05
 2.12370243e+05 -5.45008261e+05 7.33413289e+05
 2.12366724e+05 -5.45009715e+05 7.33413276e+05
 2.12363264e+05 -5.45011145e+05 7.33413264e+05
 2.12359804e+05 -5.45012574e+05 7.33413252e+05
 2.12356343e+05 -5.45014004e+05 7.33413239e+05
 2.12352883e+05 -5.45015434e+05 7.33413227e+05
 2.12349480e+05 -5.45016840e+05 7.33413215e+05
 2.12346077e+05 -5.45018246e+05 7.33413203e+05
 2.12342674e+05 -5.45019652e+05 7.33413191e+05
 2.12339329e+05 -5.45021034e+05 7.33413179e+05
 2.12335984e+05 -5.45022416e+05 7.33413167e+05
 2.12332639e+05 -5.45023798e+05 7.33413155e+05
 2.12329294e+05 -5.45025180e+05 7.33413143e+05
 2.12326007e+05 -5.45026538e+05 7.33413131e+05
 2.12322719e+05 -5.45027897e+05 7.33413119e+05
 2.12319431e+05 -5.45029255e+05 7.33413108e+05
 2.12316144e+05 -5.45030613e+05 7.33413096e+05
 2.12312914e+05 -5.45031948e+05 7.33413084e+05
 2.12309223e+05 -5.45033473e+05 7.33413071e+05
 2.12305589e+05 -5.45034974e+05 7.33413058e+05
 2.12301956e+05 -5.45036475e+05 7.33413045e+05
 2.12298322e+05 -5.45037977e+05 7.33413032e+05
 2.12294689e+05 -5.45039478e+05 7.33413019e+05
 2.12291113e+05 -5.45040955e+05 7.33413007e+05
 2.12287537e+05 -5.45042433e+05 7.33412994e+05
 2.12283962e+05 -5.45043910e+05 7.33412981e+05
 2.12280443e+05 -5.45045364e+05 7.33412968e+05
 2.12276925e+05 -5.45046817e+05 7.33412956e+05
 2.12273407e+05 -5.45048271e+05 7.33412943e+05
 2.12269889e+05 -5.45049724e+05 7.33412931e+05
 2.12266428e+05 -5.45051154e+05 7.33412918e+05
 2.12262968e+05 -5.45052584e+05 7.33412906e+05
 2.12259506e+05 -5.45054014e+05 7.33412894e+05
 2.12256048e+05 -5.45055443e+05 7.33412881e+05
 2.12252643e+05 -5.45056850e+05 7.33412869e+05
 2.12249240e+05 -5.45058256e+05 7.33412857e+05
 2.12245838e+05 -5.45059661e+05 7.33412845e+05
 2.12242492e+05 -5.45061044e+05 7.33412833e+05
 2.12239148e+05 -5.45062425e+05 7.33412821e+05
 2.12235803e+05 -5.45063808e+05 7.33412809e+05
 2.12232458e+05 -5.45065190e+05 7.33412797e+05
 2.12229171e+05 -5.45066548e+05 7.33412785e+05
 2.12225422e+05 -5.45068097e+05 7.33412771e+05
 2.12221729e+05 -5.45069622e+05 7.33412758e+05
 2.12218039e+05 -5.45071147e+05 7.33412745e+05
 2.12214348e+05 -5.45072672e+05 7.33412732e+05
 2.12210657e+05 -5.45074197e+05 7.33412718e+05
 2.12207024e+05 -5.45075698e+05 7.33412705e+05
 2.12203391e+05 -5.45077199e+05 7.33412692e+05
 2.12199755e+05 -5.45078701e+05 7.33412679e+05
 2.12196123e+05 -5.45080202e+05 7.33412666e+05
 2.12192548e+05 -5.45081679e+05 7.33412653e+05
 2.12188973e+05 -5.45083156e+05 7.33412641e+05
 2.12185396e+05 -5.45084634e+05 7.33412628e+05
 2.12181877e+05 -5.45086088e+05 7.33412615e+05
 2.12178360e+05 -5.45087541e+05 7.33412602e+05
 2.12174841e+05 -5.45088995e+05 7.33412590e+05
 2.12171323e+05 -5.45090449e+05 7.33412577e+05
 2.12167863e+05 -5.45091878e+05 7.33412565e+05
 2.12164403e+05 -5.45093308e+05 7.33412552e+05
 2.12160941e+05 -5.45094738e+05 7.33412540e+05
 2.12157481e+05 -5.45096168e+05 7.33412527e+05
 2.12154078e+05 -5.45097574e+05 7.33412515e+05
 2.12150676e+05 -5.45098979e+05 7.33412503e+05
 2.12147273e+05 -5.45100385e+05 7.33412491e+05
 2.12143927e+05 -5.45101768e+05 7.33412479e+05
 2.12140583e+05 -5.45103150e+05 7.33412467e+05
 2.12137238e+05 -5.45104532e+05 7.33412455e+05
 2.12133892e+05 -5.45105914e+05 7.33412442e+05
 2.12130605e+05 -5.45107272e+05 7.33412431e+05
 2.12127317e+05 -5.45108631e+05 7.33412419e+05
 2.12124030e+05 -5.45109989e+05 7.33412407e+05
 2.12120742e+05 -5.45111347e+05 7.33412395e+05
 2.12117512e+05 -5.45112682e+05 7.33412383e+05
 2.12114283e+05 -5.45114016e+05 7.33412372e+05
 2.12111053e+05 -5.45115350e+05 7.33412360e+05
 2.12107881e+05 -5.45116661e+05 7.33412349e+05
 2.12104709e+05 -5.45117972e+05 7.33412337e+05
 2.12101537e+05 -5.45119282e+05 7.33412326e+05
 2.12098365e+05 -5.45120593e+05 7.33412314e+05
 2.12095251e+05 -5.45121879e+05 7.33412303e+05
 2.12092136e+05 -5.45123166e+05 7.33412292e+05
 2.12089021e+05 -5.45124453e+05 7.33412281e+05
 2.12085907e+05 -5.45125740e+05 7.33412270e+05
 2.12082850e+05 -5.45127003e+05 7.33412258e+05
 2.12079793e+05 -5.45128266e+05 7.33412247e+05
 2.12076737e+05 -5.45129529e+05 7.33412236e+05
 2.12073737e+05 -5.45130768e+05 7.33412226e+05
 2.12070738e+05 -5.45132007e+05 7.33412215e+05
 2.12067739e+05 -5.45133246e+05 7.33412204e+05
 2.12064740e+05 -5.45134485e+05 7.33412193e+05
 2.12061799e+05 -5.45135701e+05 7.33412182e+05
 2.12058396e+05 -5.45137107e+05 7.33412170e+05
 2.12054993e+05 -5.45138512e+05 7.33412158e+05
 2.12051590e+05 -5.45139918e+05 7.33412146e+05
 2.12048245e+05 -5.45141301e+05 7.33412133e+05
 2.12044900e+05 -5.45142683e+05 7.33412121e+05
 2.12041556e+05 -5.45144064e+05 7.33412109e+05
 2.12038210e+05 -5.45145447e+05 7.33412097e+05
 2.12034923e+05 -5.45146805e+05 7.33412085e+05
 2.12031635e+05 -5.45148163e+05 7.33412073e+05
 2.12028348e+05 -5.45149522e+05 7.33412062e+05
 2.12025060e+05 -5.45150880e+05 7.33412050e+05
 2.12021830e+05 -5.45152214e+05 7.33412038e+05
 2.12018602e+05 -5.45153548e+05 7.33412026e+05
 2.12015372e+05 -5.45154883e+05 7.33412015e+05
 2.12012200e+05 -5.45156193e+05 7.33412003e+05
 2.12009026e+05 -5.45157505e+05 7.33411992e+05
 2.12005855e+05 -5.45158815e+05 7.33411980e+05
 2.12002682e+05 -5.45160126e+05 7.33411969e+05
 2.11999568e+05 -5.45161413e+05 7.33411957e+05
 2.11996453e+05 -5.45162699e+05 7.33411946e+05
 2.11993339e+05 -5.45163986e+05 7.33411935e+05
 2.11990226e+05 -5.45165272e+05 7.33411923e+05
 2.11987168e+05 -5.45166536e+05 7.33411912e+05
 2.11984111e+05 -5.45167799e+05 7.33411901e+05
 2.11981054e+05 -5.45169062e+05 7.33411890e+05
 2.11978057e+05 -5.45170300e+05 7.33411879e+05
 2.11974595e+05 -5.45171731e+05 7.33411867e+05
 2.11971136e+05 -5.45173160e+05 7.33411854e+05
 2.11967675e+05 -5.45174590e+05 7.33411842e+05
 2.11964214e+05 -5.45176020e+05 7.33411829e+05
 2.11960811e+05 -5.45177426e+05 7.33411817e+05
 2.11957408e+05 -5.45178832e+05 7.33411804e+05
 2.11954005e+05 -5.45180238e+05 7.33411792e+05
 2.11950660e+05 -5.45181620e+05 7.33411780e+05
 2.11947315e+05 -5.45183002e+05 7.33411768e+05
 2.11943970e+05 -5.45184384e+05 7.33411756e+05
 2.11940625e+05 -5.45185766e+05 7.33411744e+05
 2.11937337e+05 -5.45187124e+05 7.33411732e+05
 2.11934051e+05 -5.45188482e+05 7.33411720e+05
 2.11930762e+05 -5.45189841e+05 7.33411708e+05
 2.11927475e+05 -5.45191199e+05 7.33411696e+05
 2.11924245e+05 -5.45192533e+05 7.33411684e+05
 2.11921015e+05 -5.45193868e+05 7.33411672e+05
 2.11917786e+05 -5.45195202e+05 7.33411660e+05
 2.11914613e+05 -5.45196513e+05 7.33411649e+05
 2.11911441e+05 -5.45197824e+05 7.33411637e+05
 2.11908269e+05 -5.45199134e+05 7.33411626e+05
 2.11905097e+05 -5.45200445e+05 7.33411614e+05
 2.11901983e+05 -5.45201732e+05 7.33411603e+05
 2.11898868e+05 -5.45203019e+05 7.33411592e+05
 2.11895754e+05 -5.45204305e+05 7.33411580e+05
 2.11892236e+05 -5.45205759e+05 7.33411568e+05
 2.11888717e+05 -5.45207213e+05 7.33411555e+05
 2.11885199e+05 -5.45208666e+05 7.33411542e+05
 2.11881681e+05 -5.45210120e+05 7.33411529e+05
 2.11878221e+05 -5.45211549e+05 7.33411516e+05
 2.11874761e+05 -5.45212979e+05 7.33411504e+05
 2.11871300e+05 -5.45214409e+05 7.33411491e+05
 2.11867839e+05 -5.45215839e+05 7.33411479e+05
 2.11864436e+05 -5.45217245e+05 7.33411466e+05
 2.11861032e+05 -5.45218651e+05 7.33411454e+05
 2.11857631e+05 -5.45220057e+05 7.33411441e+05
 2.11854286e+05 -5.45221439e+05 7.33411429e+05
 2.11850941e+05 -5.45222821e+05 7.33411417e+05
 2.11847595e+05 -5.45224203e+05 7.33411405e+05
 2.11844250e+05 -5.45225585e+05 7.33411393e+05
 2.11840963e+05 -5.45226943e+05 7.33411381e+05
 2.11837676e+05 -5.45228301e+05 7.33411369e+05
 2.11834388e+05 -5.45229660e+05 7.33411357e+05
 2.11831101e+05 -5.45231018e+05 7.33411345e+05
 2.11827869e+05 -5.45232353e+05 7.33411333e+05
 2.11824641e+05 -5.45233687e+05 7.33411321e+05
 2.11821410e+05 -5.45235022e+05 7.33411309e+05
 2.11818240e+05 -5.45236332e+05 7.33411298e+05
 2.11815066e+05 -5.45237643e+05 7.33411286e+05
 2.11811434e+05 -5.45239144e+05 7.33411273e+05
 2.11807859e+05 -5.45240621e+05 7.33411260e+05
 2.11804282e+05 -5.45242099e+05 7.33411247e+05
 2.11800706e+05 -5.45243576e+05 7.33411234e+05
 2.11797188e+05 -5.45245030e+05 7.33411221e+05
 2.11793670e+05 -5.45246483e+05 7.33411208e+05
 2.11790153e+05 -5.45247936e+05 7.33411195e+05
 2.11786635e+05 -5.45249390e+05 7.33411182e+05
 2.11783173e+05 -5.45250820e+05 7.33411169e+05
 2.11779711e+05 -5.45252251e+05 7.33411157e+05
 2.11776252e+05 -5.45253680e+05 7.33411144e+05
 2.11772793e+05 -5.45255109e+05 7.33411131e+05
 2.11769389e+05 -5.45256515e+05 7.33411119e+05
 2.11765986e+05 -5.45257921e+05 7.33411107e+05
 2.11762582e+05 -5.45259328e+05 7.33411094e+05
 2.11759238e+05 -5.45260709e+05 7.33411082e+05
 2.11755893e+05 -5.45262092e+05 7.33411070e+05
 2.11752548e+05 -5.45263474e+05 7.33411057e+05
 2.11749203e+05 -5.45264856e+05 7.33411045e+05
 2.11745915e+05 -5.45266214e+05 7.33411033e+05
 2.11742628e+05 -5.45267572e+05 7.33411021e+05
 2.11739342e+05 -5.45268930e+05 7.33411009e+05
 2.11736053e+05 -5.45270289e+05 7.33410997e+05
 2.11732823e+05 -5.45271623e+05 7.33410985e+05
 2.11729132e+05 -5.45273148e+05 7.33410972e+05
 2.11725499e+05 -5.45274649e+05 7.33410958e+05
 2.11721865e+05 -5.45276151e+05 7.33410945e+05
 2.11718231e+05 -5.45277652e+05 7.33410932e+05
 2.11714598e+05 -5.45279153e+05 7.33410918e+05
 2.11711023e+05 -5.45280631e+05 7.33410905e+05
 2.11707447e+05 -5.45282108e+05 7.33410892e+05
 2.11703871e+05 -5.45283586e+05 7.33410879e+05
 2.11700352e+05 -5.45285039e+05 7.33410866e+05
 2.11696834e+05 -5.45286493e+05 7.33410853e+05
 2.11693316e+05 -5.45287947e+05 7.33410840e+05
 2.11689798e+05 -5.45289400e+05 7.33410827e+05
 2.11686337e+05 -5.45290830e+05 7.33410814e+05
 2.11682877e+05 -5.45292260e+05 7.33410802e+05
 2.11679416e+05 -5.45293689e+05 7.33410789e+05
 2.11675956e+05 -5.45295119e+05 7.33410776e+05
 2.11672553e+05 -5.45296525e+05 7.33410764e+05
 2.11669150e+05 -5.45297931e+05 7.33410751e+05
 2.11665748e+05 -5.45299337e+05 7.33410739e+05
 2.11662402e+05 -5.45300719e+05 7.33410726e+05
 2.11659057e+05 -5.45302101e+05 7.33410714e+05
 2.11655712e+05 -5.45303483e+05 7.33410702e+05
 2.11652368e+05 -5.45304865e+05 7.33410690e+05
 2.11649080e+05 -5.45306224e+05 7.33410677e+05
 2.11645331e+05 -5.45307773e+05 7.33410664e+05
 2.11641640e+05 -5.45309298e+05 7.33410650e+05
 2.11637948e+05 -5.45310823e+05 7.33410636e+05
 2.11634257e+05 -5.45312348e+05 7.33410623e+05
 2.11630567e+05 -5.45313872e+05 7.33410609e+05
 2.11626933e+05 -5.45315374e+05 7.33410596e+05
 2.11623298e+05 -5.45316876e+05 7.33410582e+05
 2.11619666e+05 -5.45318376e+05 7.33410569e+05
 2.11616032e+05 -5.45319878e+05 7.33410556e+05
 2.11612456e+05 -5.45321355e+05 7.33410542e+05
 2.11608881e+05 -5.45322833e+05 7.33410529e+05
 2.11605303e+05 -5.45324311e+05 7.33410516e+05
 2.11601785e+05 -5.45325764e+05 7.33410503e+05
 2.11598269e+05 -5.45327217e+05 7.33410490e+05
 2.11594750e+05 -5.45328671e+05 7.33410477e+05
 2.11591232e+05 -5.45330125e+05 7.33410464e+05
 2.11587771e+05 -5.45331554e+05 7.33410451e+05
 2.11584312e+05 -5.45332984e+05 7.33410439e+05
 2.11580851e+05 -5.45334414e+05 7.33410426e+05
 2.11577389e+05 -5.45335844e+05 7.33410413e+05
 2.11573987e+05 -5.45337250e+05 7.33410401e+05
 2.11570585e+05 -5.45338655e+05 7.33410388e+05
 2.11567180e+05 -5.45340062e+05 7.33410375e+05
 2.11563838e+05 -5.45341443e+05 7.33410363e+05
 2.11560492e+05 -5.45342825e+05 7.33410351e+05
 2.11557147e+05 -5.45344208e+05 7.33410338e+05
 2.11553801e+05 -5.45345590e+05 7.33410326e+05
 2.11550515e+05 -5.45346948e+05 7.33410314e+05
 2.11547226e+05 -5.45348306e+05 7.33410302e+05
 2.11543939e+05 -5.45349665e+05 7.33410289e+05
 2.11540651e+05 -5.45351023e+05 7.33410277e+05
 2.11537422e+05 -5.45352357e+05 7.33410265e+05
 2.11534192e+05 -5.45353692e+05 7.33410253e+05
 2.11530962e+05 -5.45355026e+05 7.33410241e+05
 2.11527790e+05 -5.45356337e+05 7.33410230e+05
 2.11524618e+05 -5.45357648e+05 7.33410218e+05
 2.11521446e+05 -5.45358958e+05 7.33410206e+05
 2.11518274e+05 -5.45360269e+05 7.33410195e+05
 2.11515159e+05 -5.45361556e+05 7.33410183e+05
 2.11512045e+05 -5.45362842e+05 7.33410171e+05
 2.11508930e+05 -5.45364129e+05 7.33410160e+05
 2.11505816e+05 -5.45365416e+05 7.33410148e+05
 2.11502759e+05 -5.45366679e+05 7.33410137e+05
 2.11499703e+05 -5.45367942e+05 7.33410126e+05
 2.11496646e+05 -5.45369205e+05 7.33410114e+05
 2.11493647e+05 -5.45370444e+05 7.33410103e+05
 2.11490648e+05 -5.45371683e+05 7.33410092e+05
 2.11487649e+05 -5.45372922e+05 7.33410081e+05
 2.11484649e+05 -5.45374161e+05 7.33410070e+05
 2.11481708e+05 -5.45375377e+05 7.33410059e+05
 2.11478306e+05 -5.45376782e+05 7.33410046e+05
 2.11474902e+05 -5.45378189e+05 7.33410034e+05
 2.11471500e+05 -5.45379594e+05 7.33410021e+05
 2.11468155e+05 -5.45380977e+05 7.33410009e+05
 2.11464809e+05 -5.45382359e+05 7.33409996e+05
 2.11461464e+05 -5.45383741e+05 7.33409984e+05
 2.11458119e+05 -5.45385123e+05 7.33409972e+05
 2.11454832e+05 -5.45386481e+05 7.33409959e+05
 2.11451544e+05 -5.45387839e+05 7.33409947e+05
 2.11448257e+05 -5.45389198e+05 7.33409935e+05
 2.11444969e+05 -5.45390556e+05 7.33409923e+05
 2.11441740e+05 -5.45391890e+05 7.33409911e+05
 2.11438510e+05 -5.45393225e+05 7.33409899e+05
 2.11435280e+05 -5.45394559e+05 7.33409887e+05
 2.11432108e+05 -5.45395870e+05 7.33409875e+05
 2.11428936e+05 -5.45397181e+05 7.33409863e+05
 2.11425762e+05 -5.45398492e+05 7.33409851e+05
 2.11422590e+05 -5.45399802e+05 7.33409840e+05
 2.11419477e+05 -5.45401089e+05 7.33409828e+05
 2.11416363e+05 -5.45402375e+05 7.33409816e+05
 2.11413249e+05 -5.45403662e+05 7.33409805e+05
 2.11410134e+05 -5.45404949e+05 7.33409793e+05
 2.11407077e+05 -5.45406212e+05 7.33409782e+05
 2.11404020e+05 -5.45407475e+05 7.33409770e+05
 2.11400964e+05 -5.45408738e+05 7.33409759e+05
 2.11397965e+05 -5.45409977e+05 7.33409748e+05
 2.11394505e+05 -5.45411407e+05 7.33409735e+05
 2.11391044e+05 -5.45412836e+05 7.33409722e+05
 2.11387583e+05 -5.45414266e+05 7.33409709e+05
 2.11384123e+05 -5.45415696e+05 7.33409696e+05
 2.11380721e+05 -5.45417102e+05 7.33409684e+05
 2.11377317e+05 -5.45418508e+05 7.33409671e+05
 2.11373914e+05 -5.45419914e+05 7.33409658e+05
 2.11370569e+05 -5.45421296e+05 7.33409646e+05
 2.11367225e+05 -5.45422678e+05 7.33409633e+05
 2.11363879e+05 -5.45424060e+05 7.33409621e+05
 2.11360534e+05 -5.45425442e+05 7.33409608e+05
 2.11357246e+05 -5.45426801e+05 7.33409596e+05
 2.11353959e+05 -5.45428159e+05 7.33409584e+05
 2.11350671e+05 -5.45429517e+05 7.33409572e+05
 2.11347384e+05 -5.45430876e+05 7.33409559e+05
 2.11344154e+05 -5.45432210e+05 7.33409547e+05
 2.11340924e+05 -5.45433544e+05 7.33409535e+05
 2.11337695e+05 -5.45434879e+05 7.33409523e+05
 2.11334523e+05 -5.45436190e+05 7.33409511e+05
 2.11331350e+05 -5.45437500e+05 7.33409500e+05
 2.11328178e+05 -5.45438811e+05 7.33409488e+05
 2.11325006e+05 -5.45440121e+05 7.33409476e+05
 2.11321892e+05 -5.45441408e+05 7.33409464e+05
 2.11318777e+05 -5.45442695e+05 7.33409453e+05
 2.11315663e+05 -5.45443982e+05 7.33409441e+05
 2.11312145e+05 -5.45445435e+05 7.33409428e+05
 2.11308627e+05 -5.45446889e+05 7.33409415e+05
 2.11305109e+05 -5.45448343e+05 7.33409402e+05
 2.11301590e+05 -5.45449796e+05 7.33409388e+05
 2.11298130e+05 -5.45451226e+05 7.33409375e+05
 2.11294670e+05 -5.45452656e+05 7.33409363e+05
 2.11291209e+05 -5.45454085e+05 7.33409350e+05
 2.11287747e+05 -5.45455516e+05 7.33409337e+05
 2.11284346e+05 -5.45456921e+05 7.33409324e+05
 2.11280944e+05 -5.45458327e+05 7.33409311e+05
 2.11277540e+05 -5.45459733e+05 7.33409298e+05
 2.11274195e+05 -5.45461115e+05 7.33409286e+05
 2.11270851e+05 -5.45462497e+05 7.33409273e+05
 2.11267505e+05 -5.45463879e+05 7.33409261e+05
 2.11264160e+05 -5.45465261e+05 7.33409248e+05
 2.11260872e+05 -5.45466620e+05 7.33409236e+05
 2.11257585e+05 -5.45467978e+05 7.33409224e+05
 2.11254297e+05 -5.45469336e+05 7.33409211e+05
 2.11251010e+05 -5.45470695e+05 7.33409199e+05
 2.11247780e+05 -5.45472029e+05 7.33409187e+05
 2.11244551e+05 -5.45473363e+05 7.33409175e+05
 2.11241321e+05 -5.45474698e+05 7.33409163e+05
 2.11238149e+05 -5.45476009e+05 7.33409151e+05
 2.11234977e+05 -5.45477319e+05 7.33409139e+05
 2.11231343e+05 -5.45478820e+05 7.33409125e+05
 2.11227768e+05 -5.45480297e+05 7.33409112e+05
 2.11224191e+05 -5.45481775e+05 7.33409099e+05
 2.11220616e+05 -5.45483253e+05 7.33409085e+05
 2.11217097e+05 -5.45484706e+05 7.33409072e+05
 2.11213579e+05 -5.45486160e+05 7.33409059e+05
 2.11210061e+05 -5.45487613e+05 7.33409046e+05
 2.11206543e+05 -5.45489067e+05 7.33409032e+05
 2.11203083e+05 -5.45490497e+05 7.33409019e+05
 2.11199622e+05 -5.45491927e+05 7.33409006e+05
 2.11196162e+05 -5.45493356e+05 7.33408993e+05
 2.11192702e+05 -5.45494786e+05 7.33408980e+05
 2.11189298e+05 -5.45496192e+05 7.33408968e+05
 2.11185897e+05 -5.45497598e+05 7.33408955e+05
 2.11182494e+05 -5.45499003e+05 7.33408942e+05
 2.11179146e+05 -5.45500387e+05 7.33408929e+05
 2.11175803e+05 -5.45501768e+05 7.33408917e+05
 2.11172459e+05 -5.45503150e+05 7.33408904e+05
 2.11169113e+05 -5.45504532e+05 7.33408892e+05
 2.11165826e+05 -5.45505890e+05 7.33408879e+05
 2.11162538e+05 -5.45507249e+05 7.33408867e+05
 2.11159250e+05 -5.45508607e+05 7.33408855e+05
 2.11155962e+05 -5.45509966e+05 7.33408842e+05
 2.11152732e+05 -5.45511300e+05 7.33408830e+05
 2.11149043e+05 -5.45512825e+05 7.33408816e+05
 2.11145408e+05 -5.45514326e+05 7.33408803e+05
 2.11141774e+05 -5.45515828e+05 7.33408789e+05
 2.11138142e+05 -5.45517328e+05 7.33408775e+05
 2.11134507e+05 -5.45518830e+05 7.33408762e+05
 2.11130932e+05 -5.45520308e+05 7.33408748e+05
 2.11127356e+05 -5.45521785e+05 7.33408735e+05
 2.11123780e+05 -5.45523262e+05 7.33408721e+05
 2.11120262e+05 -5.45524716e+05 7.33408708e+05
 2.11116744e+05 -5.45526170e+05 7.33408695e+05
 2.11113225e+05 -5.45527623e+05 7.33408681e+05
 2.11109707e+05 -5.45529077e+05 7.33408668e+05
 2.11106247e+05 -5.45530507e+05 7.33408655e+05
 2.11102787e+05 -5.45531936e+05 7.33408642e+05
 2.11099326e+05 -5.45533366e+05 7.33408629e+05
 2.11095866e+05 -5.45534796e+05 7.33408616e+05
 2.11092463e+05 -5.45536202e+05 7.33408603e+05
 2.11089060e+05 -5.45537608e+05 7.33408590e+05
 2.11085658e+05 -5.45539013e+05 7.33408577e+05
 2.11082312e+05 -5.45540396e+05 7.33408565e+05
 2.11078967e+05 -5.45541778e+05 7.33408552e+05
 2.11075622e+05 -5.45543160e+05 7.33408539e+05
 2.11072277e+05 -5.45544542e+05 7.33408527e+05
 2.11068989e+05 -5.45545900e+05 7.33408514e+05
 2.11065240e+05 -5.45547449e+05 7.33408500e+05
 2.11061548e+05 -5.45548975e+05 7.33408486e+05
 2.11057858e+05 -5.45550500e+05 7.33408472e+05
 2.11054167e+05 -5.45552025e+05 7.33408458e+05
 2.11050476e+05 -5.45553550e+05 7.33408445e+05
 2.11046843e+05 -5.45555051e+05 7.33408431e+05
 2.11043209e+05 -5.45556552e+05 7.33408417e+05
 2.11039575e+05 -5.45558053e+05 7.33408403e+05
 2.11035942e+05 -5.45559555e+05 7.33408390e+05
 2.11032366e+05 -5.45561032e+05 7.33408376e+05
 2.11028790e+05 -5.45562510e+05 7.33408363e+05
 2.11025214e+05 -5.45563987e+05 7.33408349e+05
 2.11021695e+05 -5.45565441e+05 7.33408336e+05
 2.11018178e+05 -5.45566894e+05 7.33408322e+05
 2.11014660e+05 -5.45568348e+05 7.33408309e+05
 2.11011143e+05 -5.45569801e+05 7.33408296e+05
 2.11007681e+05 -5.45571231e+05 7.33408283e+05
 2.11004221e+05 -5.45572661e+05 7.33408270e+05
 2.11000761e+05 -5.45574091e+05 7.33408256e+05
 2.10997300e+05 -5.45575521e+05 7.33408243e+05
 2.10993897e+05 -5.45576926e+05 7.33408230e+05
 2.10990493e+05 -5.45578333e+05 7.33408217e+05
 2.10987092e+05 -5.45579738e+05 7.33408205e+05
 2.10983746e+05 -5.45581120e+05 7.33408192e+05
 2.10980401e+05 -5.45582503e+05 7.33408179e+05
 2.10977057e+05 -5.45583884e+05 7.33408167e+05
 2.10973712e+05 -5.45585266e+05 7.33408154e+05
 2.10970424e+05 -5.45586625e+05 7.33408141e+05
 2.10967136e+05 -5.45587983e+05 7.33408129e+05
 2.10963848e+05 -5.45589342e+05 7.33408116e+05
 2.10960561e+05 -5.45590700e+05 7.33408104e+05
 2.10957333e+05 -5.45592034e+05 7.33408092e+05
 2.10954102e+05 -5.45593369e+05 7.33408079e+05
 2.10950872e+05 -5.45594703e+05 7.33408067e+05
 2.10947700e+05 -5.45596014e+05 7.33408055e+05
 2.10944528e+05 -5.45597325e+05 7.33408043e+05
 2.10941355e+05 -5.45598635e+05 7.33408031e+05
 2.10938183e+05 -5.45599946e+05 7.33408019e+05
 2.10935069e+05 -5.45601233e+05 7.33408007e+05
 2.10931955e+05 -5.45602519e+05 7.33407995e+05
 2.10928841e+05 -5.45603806e+05 7.33407984e+05
 2.10925727e+05 -5.45605092e+05 7.33407972e+05
 2.10922669e+05 -5.45606356e+05 7.33407960e+05
 2.10919612e+05 -5.45607619e+05 7.33407948e+05
 2.10916555e+05 -5.45608882e+05 7.33407937e+05
 2.10913556e+05 -5.45610121e+05 7.33407925e+05
 2.10910558e+05 -5.45611360e+05 7.33407914e+05
 2.10907558e+05 -5.45612599e+05 7.33407903e+05
 2.10904559e+05 -5.45613838e+05 7.33407891e+05
 2.10901618e+05 -5.45615054e+05 7.33407880e+05
 2.10898215e+05 -5.45616460e+05 7.33407867e+05
 2.10894812e+05 -5.45617866e+05 7.33407854e+05
 2.10891410e+05 -5.45619271e+05 7.33407841e+05
 2.10888064e+05 -5.45620654e+05 7.33407828e+05
 2.10884719e+05 -5.45622036e+05 7.33407816e+05
 2.10881374e+05 -5.45623418e+05 7.33407803e+05
 2.10878029e+05 -5.45624800e+05 7.33407790e+05
 2.10874742e+05 -5.45626158e+05 7.33407778e+05
 2.10871455e+05 -5.45627516e+05 7.33407765e+05
 2.10868167e+05 -5.45628875e+05 7.33407753e+05
 2.10864879e+05 -5.45630233e+05 7.33407740e+05
 2.10861649e+05 -5.45631568e+05 7.33407728e+05
 2.10858420e+05 -5.45632902e+05 7.33407716e+05
 2.10855190e+05 -5.45634237e+05 7.33407703e+05
 2.10852018e+05 -5.45635547e+05 7.33407691e+05
 2.10848846e+05 -5.45636858e+05 7.33407679e+05
 2.10845674e+05 -5.45638168e+05 7.33407667e+05
 2.10842502e+05 -5.45639479e+05 7.33407655e+05
 2.10839388e+05 -5.45640765e+05 7.33407643e+05
 2.10836273e+05 -5.45642053e+05 7.33407631e+05
 2.10833158e+05 -5.45643339e+05 7.33407619e+05
 2.10830044e+05 -5.45644626e+05 7.33407607e+05
 2.10826987e+05 -5.45645889e+05 7.33407596e+05
 2.10823930e+05 -5.45647152e+05 7.33407584e+05
 2.10820874e+05 -5.45648415e+05 7.33407572e+05
 2.10817876e+05 -5.45649654e+05 7.33407561e+05
 2.10814414e+05 -5.45651084e+05 7.33407548e+05
 2.10810954e+05 -5.45652514e+05 7.33407534e+05
 2.10807493e+05 -5.45653944e+05 7.33407521e+05
 2.10804034e+05 -5.45655373e+05 7.33407508e+05
 2.10800630e+05 -5.45656779e+05 7.33407495e+05
 2.10797228e+05 -5.45658185e+05 7.33407482e+05
 2.10793824e+05 -5.45659591e+05 7.33407469e+05
 2.10790480e+05 -5.45660973e+05 7.33407456e+05
 2.10787134e+05 -5.45662355e+05 7.33407443e+05
 2.10783790e+05 -5.45663737e+05 7.33407431e+05
 2.10780444e+05 -5.45665119e+05 7.33407418e+05
 2.10777156e+05 -5.45666478e+05 7.33407405e+05
 2.10773869e+05 -5.45667836e+05 7.33407393e+05
 2.10770582e+05 -5.45669194e+05 7.33407380e+05
 2.10767294e+05 -5.45670553e+05 7.33407368e+05
 2.10764066e+05 -5.45671887e+05 7.33407355e+05
 2.10760834e+05 -5.45673222e+05 7.33407343e+05
 2.10757605e+05 -5.45674556e+05 7.33407331e+05
 2.10754432e+05 -5.45675867e+05 7.33407318e+05
 2.10751260e+05 -5.45677177e+05 7.33407306e+05
 2.10748088e+05 -5.45678488e+05 7.33407294e+05
 2.10744918e+05 -5.45679798e+05 7.33407282e+05
 2.10741802e+05 -5.45681086e+05 7.33407270e+05
 2.10738687e+05 -5.45682372e+05 7.33407258e+05
 2.10735573e+05 -5.45683659e+05 7.33407246e+05
 2.10732056e+05 -5.45685112e+05 7.33407233e+05
 2.10728537e+05 -5.45686566e+05 7.33407219e+05
 2.10725019e+05 -5.45688020e+05 7.33407206e+05
 2.10721500e+05 -5.45689474e+05 7.33407192e+05
 2.10718040e+05 -5.45690903e+05 7.33407179e+05
 2.10714579e+05 -5.45692333e+05 7.33407166e+05
 2.10711119e+05 -5.45693763e+05 7.33407152e+05
 2.10707659e+05 -5.45695192e+05 7.33407139e+05
 2.10704256e+05 -5.45696599e+05 7.33407126e+05
 2.10700853e+05 -5.45698004e+05 7.33407113e+05
 2.10697450e+05 -5.45699410e+05 7.33407100e+05
 2.10694105e+05 -5.45700793e+05 7.33407087e+05
 2.10690760e+05 -5.45702175e+05 7.33407074e+05
 2.10687415e+05 -5.45703557e+05 7.33407061e+05
 2.10684070e+05 -5.45704939e+05 7.33407049e+05
 2.10680782e+05 -5.45706297e+05 7.33407036e+05
 2.10677495e+05 -5.45707655e+05 7.33407023e+05
 2.10674208e+05 -5.45709014e+05 7.33407011e+05
 2.10670920e+05 -5.45710372e+05 7.33406998e+05
 2.10667690e+05 -5.45711706e+05 7.33406986e+05
 2.10664461e+05 -5.45713041e+05 7.33406973e+05
 2.10661231e+05 -5.45714375e+05 7.33406961e+05
 2.10658059e+05 -5.45715686e+05 7.33406949e+05
 2.10654886e+05 -5.45716997e+05 7.33406936e+05
 2.10651254e+05 -5.45718498e+05 7.33406922e+05
 2.10647677e+05 -5.45719975e+05 7.33406909e+05
 2.10644101e+05 -5.45721453e+05 7.33406895e+05
 2.10640526e+05 -5.45722930e+05 7.33406881e+05
 2.10637007e+05 -5.45724384e+05 7.33406868e+05
 2.10633489e+05 -5.45725837e+05 7.33406854e+05
 2.10629971e+05 -5.45727291e+05 7.33406841e+05
 2.10626453e+05 -5.45728745e+05 7.33406827e+05
 2.10622991e+05 -5.45730175e+05 7.33406814e+05
 2.10619532e+05 -5.45731604e+05 7.33406800e+05
 2.10616070e+05 -5.45733035e+05 7.33406787e+05
 2.10612611e+05 -5.45734464e+05 7.33406774e+05
 2.10609209e+05 -5.45735869e+05 7.33406761e+05
 2.10605806e+05 -5.45737276e+05 7.33406748e+05
 2.10602401e+05 -5.45738682e+05 7.33406734e+05
 2.10599059e+05 -5.45740063e+05 7.33406722e+05
 2.10595711e+05 -5.45741446e+05 7.33406709e+05
 2.10592368e+05 -5.45742828e+05 7.33406696e+05
 2.10589021e+05 -5.45744211e+05 7.33406683e+05
 2.10585735e+05 -5.45745568e+05 7.33406670e+05
 2.10582449e+05 -5.45746926e+05 7.33406657e+05
 2.10579160e+05 -5.45748285e+05 7.33406645e+05
 2.10575872e+05 -5.45749643e+05 7.33406632e+05
 2.10572642e+05 -5.45750978e+05 7.33406620e+05
 2.10568952e+05 -5.45752503e+05 7.33406605e+05
 2.10565318e+05 -5.45754004e+05 7.33406591e+05
 2.10561684e+05 -5.45755505e+05 7.33406577e+05
 2.10558052e+05 -5.45757006e+05 7.33406563e+05
 2.10554419e+05 -5.45758507e+05 7.33406549e+05
 2.10550843e+05 -5.45759985e+05 7.33406536e+05
 2.10547266e+05 -5.45761463e+05 7.33406522e+05
 2.10543691e+05 -5.45762940e+05 7.33406508e+05
 2.10540172e+05 -5.45764394e+05 7.33406494e+05
 2.10536654e+05 -5.45765847e+05 7.33406481e+05
 2.10533136e+05 -5.45767301e+05 7.33406467e+05
 2.10529618e+05 -5.45768754e+05 7.33406454e+05
 2.10526157e+05 -5.45770184e+05 7.33406440e+05
 2.10522696e+05 -5.45771614e+05 7.33406427e+05
 2.10519236e+05 -5.45773044e+05 7.33406413e+05
 2.10515776e+05 -5.45774474e+05 7.33406400e+05
 2.10512373e+05 -5.45775879e+05 7.33406387e+05
 2.10508970e+05 -5.45777286e+05 7.33406374e+05
 2.10505567e+05 -5.45778692e+05 7.33406360e+05
 2.10502223e+05 -5.45780073e+05 7.33406348e+05
 2.10498877e+05 -5.45781456e+05 7.33406335e+05
 2.10495532e+05 -5.45782838e+05 7.33406322e+05
 2.10492187e+05 -5.45784220e+05 7.33406309e+05
 2.10488899e+05 -5.45785578e+05 7.33406296e+05
 2.10485150e+05 -5.45787127e+05 7.33406281e+05
 2.10481459e+05 -5.45788652e+05 7.33406267e+05
 2.10477768e+05 -5.45790177e+05 7.33406253e+05
 2.10474077e+05 -5.45791702e+05 7.33406239e+05
 2.10470386e+05 -5.45793228e+05 7.33406224e+05
 2.10466752e+05 -5.45794729e+05 7.33406210e+05
 2.10463119e+05 -5.45796230e+05 7.33406196e+05
 2.10459485e+05 -5.45797731e+05 7.33406182e+05
 2.10455852e+05 -5.45799232e+05 7.33406168e+05
 2.10452277e+05 -5.45800710e+05 7.33406154e+05
 2.10448699e+05 -5.45802188e+05 7.33406140e+05
 2.10445125e+05 -5.45803665e+05 7.33406126e+05
 2.10441606e+05 -5.45805119e+05 7.33406113e+05
 2.10438089e+05 -5.45806572e+05 7.33406099e+05
 2.10434570e+05 -5.45808026e+05 7.33406085e+05
 2.10431052e+05 -5.45809479e+05 7.33406072e+05
 2.10427592e+05 -5.45810909e+05 7.33406058e+05
 2.10424131e+05 -5.45812339e+05 7.33406045e+05
 2.10420669e+05 -5.45813769e+05 7.33406031e+05
 2.10417209e+05 -5.45815199e+05 7.33406018e+05
 2.10413807e+05 -5.45816604e+05 7.33406005e+05
 2.10410403e+05 -5.45818011e+05 7.33405992e+05
 2.10407002e+05 -5.45819416e+05 7.33405978e+05
 2.10403658e+05 -5.45820798e+05 7.33405965e+05
 2.10400311e+05 -5.45822181e+05 7.33405952e+05
 2.10396967e+05 -5.45823562e+05 7.33405939e+05
 2.10393620e+05 -5.45824945e+05 7.33405926e+05
 2.10390334e+05 -5.45826303e+05 7.33405914e+05
 2.10387047e+05 -5.45827661e+05 7.33405901e+05
 2.10383759e+05 -5.45829020e+05 7.33405888e+05
 2.10380473e+05 -5.45830377e+05 7.33405875e+05
 2.10377243e+05 -5.45831712e+05 7.33405863e+05
 2.10374011e+05 -5.45833047e+05 7.33405850e+05
 2.10370783e+05 -5.45834381e+05 7.33405837e+05
 2.10367611e+05 -5.45835691e+05 7.33405825e+05
 2.10364438e+05 -5.45837003e+05 7.33405813e+05
 2.10361267e+05 -5.45838313e+05 7.33405800e+05
 2.10358093e+05 -5.45839624e+05 7.33405788e+05
 2.10354979e+05 -5.45840911e+05 7.33405776e+05
 2.10351866e+05 -5.45842197e+05 7.33405764e+05
 2.10348750e+05 -5.45843484e+05 7.33405752e+05
 2.10345637e+05 -5.45844771e+05 7.33405740e+05
 2.10342581e+05 -5.45846034e+05 7.33405728e+05
 2.10339522e+05 -5.45847297e+05 7.33405716e+05
 2.10336466e+05 -5.45848560e+05 7.33405704e+05
 2.10333467e+05 -5.45849799e+05 7.33405692e+05
 2.10330466e+05 -5.45851039e+05 7.33405680e+05
 2.10327468e+05 -5.45852277e+05 7.33405669e+05
 2.10324469e+05 -5.45853517e+05 7.33405657e+05
 2.10321528e+05 -5.45854732e+05 7.33405646e+05
 2.10318125e+05 -5.45856138e+05 7.33405632e+05
 2.10314722e+05 -5.45857544e+05 7.33405619e+05
 2.10311320e+05 -5.45858950e+05 7.33405606e+05
 2.10307973e+05 -5.45860332e+05 7.33405593e+05
 2.10304629e+05 -5.45861714e+05 7.33405580e+05
 2.10301284e+05 -5.45863096e+05 7.33405567e+05
 2.10297939e+05 -5.45864478e+05 7.33405554e+05
 2.10294652e+05 -5.45865836e+05 7.33405541e+05
 2.10291364e+05 -5.45867195e+05 7.33405528e+05
 2.10288077e+05 -5.45868553e+05 7.33405515e+05
 2.10284789e+05 -5.45869911e+05 7.33405502e+05
 2.10281561e+05 -5.45871245e+05 7.33405490e+05
 2.10278330e+05 -5.45872580e+05 7.33405477e+05
 2.10275101e+05 -5.45873915e+05 7.33405464e+05
 2.10271928e+05 -5.45875225e+05 7.33405452e+05
 2.10268757e+05 -5.45876536e+05 7.33405440e+05
 2.10265584e+05 -5.45877846e+05 7.33405427e+05
 2.10262413e+05 -5.45879157e+05 7.33405415e+05
 2.10259298e+05 -5.45880444e+05 7.33405403e+05
 2.10256184e+05 -5.45881730e+05 7.33405390e+05
 2.10253069e+05 -5.45883018e+05 7.33405378e+05
 2.10249954e+05 -5.45884304e+05 7.33405366e+05
 2.10246896e+05 -5.45885568e+05 7.33405354e+05
 2.10243841e+05 -5.45886830e+05 7.33405342e+05
 2.10240784e+05 -5.45888093e+05 7.33405330e+05
 2.10237785e+05 -5.45889333e+05 7.33405318e+05
 2.10234324e+05 -5.45890762e+05 7.33405305e+05
 2.10230864e+05 -5.45892192e+05 7.33405291e+05
 2.10227402e+05 -5.45893622e+05 7.33405278e+05
 2.10223943e+05 -5.45895052e+05 7.33405264e+05
 2.10220540e+05 -5.45896458e+05 7.33405251e+05
 2.10217138e+05 -5.45897863e+05 7.33405238e+05
 2.10213733e+05 -5.45899270e+05 7.33405224e+05
 2.10210391e+05 -5.45900651e+05 7.33405211e+05
 2.10207045e+05 -5.45902033e+05 7.33405198e+05
 2.10203700e+05 -5.45903415e+05 7.33405185e+05
 2.10200353e+05 -5.45904799e+05 7.33405172e+05
 2.10197068e+05 -5.45906156e+05 7.33405159e+05
 2.10193780e+05 -5.45907514e+05 7.33405146e+05
 2.10190493e+05 -5.45908872e+05 7.33405133e+05
 2.10187206e+05 -5.45910231e+05 7.33405120e+05
 2.10183975e+05 -5.45911565e+05 7.33405108e+05
 2.10180745e+05 -5.45912900e+05 7.33405095e+05
 2.10177516e+05 -5.45914234e+05 7.33405082e+05
 2.10174344e+05 -5.45915545e+05 7.33405070e+05
 2.10171172e+05 -5.45916855e+05 7.33405057e+05
 2.10167999e+05 -5.45918166e+05 7.33405045e+05
 2.10164827e+05 -5.45919477e+05 7.33405032e+05
 2.10161714e+05 -5.45920763e+05 7.33405020e+05
 2.10158599e+05 -5.45922050e+05 7.33405008e+05
 2.10155483e+05 -5.45923338e+05 7.33404996e+05
 2.10151965e+05 -5.45924791e+05 7.33404982e+05
 2.10148447e+05 -5.45926245e+05 7.33404968e+05
 2.10144929e+05 -5.45927698e+05 7.33404954e+05
 2.10141411e+05 -5.45929152e+05 7.33404940e+05
 2.10137952e+05 -5.45930581e+05 7.33404927e+05
 2.10134490e+05 -5.45932012e+05 7.33404913e+05
 2.10131029e+05 -5.45933441e+05 7.33404900e+05
 2.10127569e+05 -5.45934871e+05 7.33404886e+05
 2.10124167e+05 -5.45936277e+05 7.33404873e+05
 2.10120763e+05 -5.45937683e+05 7.33404859e+05
 2.10117361e+05 -5.45939089e+05 7.33404846e+05
 2.10114016e+05 -5.45940471e+05 7.33404833e+05
 2.10110671e+05 -5.45941853e+05 7.33404820e+05
 2.10107325e+05 -5.45943235e+05 7.33404806e+05
 2.10103981e+05 -5.45944617e+05 7.33404793e+05
 2.10100693e+05 -5.45945976e+05 7.33404780e+05
 2.10097405e+05 -5.45947334e+05 7.33404767e+05
 2.10094118e+05 -5.45948692e+05 7.33404754e+05
 2.10090831e+05 -5.45950050e+05 7.33404741e+05
 2.10087601e+05 -5.45951385e+05 7.33404729e+05
 2.10084371e+05 -5.45952719e+05 7.33404716e+05
 2.10081140e+05 -5.45954055e+05 7.33404703e+05
 2.10077969e+05 -5.45955365e+05 7.33404691e+05
 2.10074797e+05 -5.45956675e+05 7.33404678e+05
 2.10071163e+05 -5.45958176e+05 7.33404664e+05
 2.10067588e+05 -5.45959654e+05 7.33404650e+05
 2.10064012e+05 -5.45961131e+05 7.33404636e+05
 2.10060437e+05 -5.45962608e+05 7.33404622e+05
 2.10056916e+05 -5.45964063e+05 7.33404608e+05
 2.10053398e+05 -5.45965517e+05 7.33404594e+05
 2.10049882e+05 -5.45966970e+05 7.33404580e+05
 2.10046364e+05 -5.45968423e+05 7.33404566e+05
 2.10042904e+05 -5.45969853e+05 7.33404553e+05
 2.10039444e+05 -5.45971282e+05 7.33404539e+05
 2.10035983e+05 -5.45972712e+05 7.33404525e+05
 2.10032522e+05 -5.45974142e+05 7.33404512e+05
 2.10029119e+05 -5.45975548e+05 7.33404498e+05
 2.10025715e+05 -5.45976955e+05 7.33404485e+05
 2.10022312e+05 -5.45978361e+05 7.33404471e+05
 2.10018967e+05 -5.45979743e+05 7.33404458e+05
 2.10015622e+05 -5.45981125e+05 7.33404445e+05
 2.10012279e+05 -5.45982506e+05 7.33404432e+05
 2.10008933e+05 -5.45983889e+05 7.33404418e+05
 2.10005646e+05 -5.45985247e+05 7.33404405e+05
 2.10002358e+05 -5.45986605e+05 7.33404392e+05
 2.09999071e+05 -5.45987963e+05 7.33404379e+05
 2.09995782e+05 -5.45989322e+05 7.33404366e+05
 2.09992554e+05 -5.45990656e+05 7.33404354e+05
 2.09988863e+05 -5.45992181e+05 7.33404339e+05
 2.09985230e+05 -5.45993682e+05 7.33404325e+05
 2.09981595e+05 -5.45995184e+05 7.33404310e+05
 2.09977962e+05 -5.45996685e+05 7.33404296e+05
 2.09974329e+05 -5.45998186e+05 7.33404282e+05
 2.09970752e+05 -5.45999664e+05 7.33404267e+05
 2.09967178e+05 -5.46001141e+05 7.33404253e+05
 2.09963602e+05 -5.46002618e+05 7.33404239e+05
 2.09960083e+05 -5.46004072e+05 7.33404225e+05
 2.09956563e+05 -5.46005527e+05 7.33404211e+05
 2.09953047e+05 -5.46006980e+05 7.33404197e+05
 2.09949528e+05 -5.46008433e+05 7.33404183e+05
 2.09946069e+05 -5.46009863e+05 7.33404170e+05
 2.09942608e+05 -5.46011293e+05 7.33404156e+05
 2.09939147e+05 -5.46012723e+05 7.33404142e+05
 2.09935688e+05 -5.46014152e+05 7.33404129e+05
 2.09932283e+05 -5.46015558e+05 7.33404115e+05
 2.09928881e+05 -5.46016964e+05 7.33404102e+05
 2.09925478e+05 -5.46018370e+05 7.33404088e+05
 2.09922133e+05 -5.46019752e+05 7.33404075e+05
 2.09918788e+05 -5.46021134e+05 7.33404062e+05
 2.09915444e+05 -5.46022516e+05 7.33404048e+05
 2.09912098e+05 -5.46023899e+05 7.33404035e+05
 2.09908811e+05 -5.46025257e+05 7.33404022e+05
 2.09905061e+05 -5.46026806e+05 7.33404007e+05
 2.09901370e+05 -5.46028331e+05 7.33403992e+05
 2.09897679e+05 -5.46029856e+05 7.33403978e+05
 2.09893988e+05 -5.46031381e+05 7.33403963e+05
 2.09890297e+05 -5.46032906e+05 7.33403948e+05
 2.09886664e+05 -5.46034407e+05 7.33403934e+05
 2.09883029e+05 -5.46035909e+05 7.33403920e+05
 2.09879396e+05 -5.46037410e+05 7.33403905e+05
 2.09875763e+05 -5.46038911e+05 7.33403891e+05
 2.09872187e+05 -5.46040389e+05 7.33403877e+05
 2.09868611e+05 -5.46041866e+05 7.33403862e+05
 2.09865036e+05 -5.46043344e+05 7.33403848e+05
 2.09861517e+05 -5.46044797e+05 7.33403834e+05
 2.09857999e+05 -5.46046251e+05 7.33403820e+05
 2.09854481e+05 -5.46047705e+05 7.33403806e+05
 2.09850964e+05 -5.46049158e+05 7.33403792e+05
 2.09847503e+05 -5.46050588e+05 7.33403778e+05
 2.09844040e+05 -5.46052018e+05 7.33403765e+05
 2.09840580e+05 -5.46053448e+05 7.33403751e+05
 2.09837119e+05 -5.46054878e+05 7.33403737e+05
 2.09833719e+05 -5.46056283e+05 7.33403724e+05
 2.09830316e+05 -5.46057689e+05 7.33403710e+05
 2.09826912e+05 -5.46059095e+05 7.33403696e+05
 2.09823568e+05 -5.46060477e+05 7.33403683e+05
 2.09820221e+05 -5.46061860e+05 7.33403670e+05
 2.09816878e+05 -5.46063241e+05 7.33403656e+05
 2.09813532e+05 -5.46064624e+05 7.33403643e+05
 2.09810246e+05 -5.46065982e+05 7.33403630e+05
 2.09806956e+05 -5.46067341e+05 7.33403617e+05
 2.09803671e+05 -5.46068698e+05 7.33403604e+05
 2.09800383e+05 -5.46070056e+05 7.33403591e+05
 2.09797154e+05 -5.46071391e+05 7.33403578e+05
 2.09793924e+05 -5.46072725e+05 7.33403565e+05
 2.09790694e+05 -5.46074060e+05 7.33403552e+05
 2.09787521e+05 -5.46075371e+05 7.33403539e+05
 2.09784350e+05 -5.46076681e+05 7.33403527e+05
 2.09781175e+05 -5.46077993e+05 7.33403514e+05
 2.09778006e+05 -5.46079302e+05 7.33403502e+05
 2.09774890e+05 -5.46080590e+05 7.33403489e+05
 2.09771775e+05 -5.46081877e+05 7.33403477e+05
 2.09768661e+05 -5.46083163e+05 7.33403464e+05
 2.09765548e+05 -5.46084450e+05 7.33403452e+05
 2.09762491e+05 -5.46085713e+05 7.33403440e+05
 2.09759434e+05 -5.46086976e+05 7.33403427e+05
 2.09756378e+05 -5.46088239e+05 7.33403415e+05
 2.09753379e+05 -5.46089478e+05 7.33403403e+05
 2.09750380e+05 -5.46090717e+05 7.33403391e+05
 2.09747380e+05 -5.46091956e+05 7.33403379e+05
 2.09744381e+05 -5.46093195e+05 7.33403367e+05
 2.09741440e+05 -5.46094410e+05 7.33403356e+05
 2.09734634e+05 -5.46097223e+05 7.33403328e+05
 2.09731231e+05 -5.46098629e+05 7.33403315e+05
 2.09727887e+05 -5.46100010e+05 7.33403301e+05
 2.09724541e+05 -5.46101393e+05 7.33403288e+05
 2.09721196e+05 -5.46102775e+05 7.33403275e+05
 2.09717850e+05 -5.46104157e+05 7.33403261e+05
 2.09714564e+05 -5.46105515e+05 7.33403248e+05
 2.09711275e+05 -5.46106874e+05 7.33403235e+05
 2.09707988e+05 -5.46108232e+05 7.33403222e+05
 2.09704700e+05 -5.46109591e+05 7.33403209e+05
 2.09701471e+05 -5.46110925e+05 7.33403196e+05
 2.09698241e+05 -5.46112260e+05 7.33403183e+05
 2.09695011e+05 -5.46113594e+05 7.33403170e+05
 2.09691839e+05 -5.46114905e+05 7.33403157e+05
 2.09688667e+05 -5.46116215e+05 7.33403144e+05
 2.09685495e+05 -5.46117526e+05 7.33403132e+05
 2.09682323e+05 -5.46118836e+05 7.33403119e+05
 2.09679209e+05 -5.46120123e+05 7.33403107e+05
 2.09676094e+05 -5.46121410e+05 7.33403094e+05
 2.09672980e+05 -5.46122697e+05 7.33403082e+05
 2.09669865e+05 -5.46123984e+05 7.33403069e+05
 2.09666809e+05 -5.46125246e+05 7.33403057e+05
 2.09663752e+05 -5.46126509e+05 7.33403045e+05
 2.09660696e+05 -5.46127772e+05 7.33403032e+05
 2.09657696e+05 -5.46129012e+05 7.33403020e+05
 2.09654236e+05 -5.46130441e+05 7.33403006e+05
 2.09650775e+05 -5.46131871e+05 7.33402993e+05
 2.09647315e+05 -5.46133301e+05 7.33402979e+05
 2.09643854e+05 -5.46134731e+05 7.33402965e+05
 2.09640452e+05 -5.46136137e+05 7.33402951e+05
 2.09637048e+05 -5.46137543e+05 7.33402938e+05
 2.09633646e+05 -5.46138949e+05 7.33402924e+05
 2.09630301e+05 -5.46140331e+05 7.33402910e+05
 2.09626956e+05 -5.46141713e+05 7.33402897e+05
 2.09623611e+05 -5.46143095e+05 7.33402884e+05
 2.09620266e+05 -5.46144477e+05 7.33402870e+05
 2.09616978e+05 -5.46145835e+05 7.33402857e+05
 2.09613691e+05 -5.46147193e+05 7.33402844e+05
 2.09610403e+05 -5.46148552e+05 7.33402831e+05
 2.09607116e+05 -5.46149910e+05 7.33402817e+05
 2.09603887e+05 -5.46151244e+05 7.33402804e+05
 2.09600657e+05 -5.46152579e+05 7.33402791e+05
 2.09597427e+05 -5.46153914e+05 7.33402778e+05
 2.09594254e+05 -5.46155224e+05 7.33402766e+05
 2.09591080e+05 -5.46156536e+05 7.33402753e+05
 2.09587911e+05 -5.46157845e+05 7.33402740e+05
 2.09584739e+05 -5.46159156e+05 7.33402727e+05
 2.09581623e+05 -5.46160443e+05 7.33402715e+05
 2.09578509e+05 -5.46161730e+05 7.33402702e+05
 2.09575396e+05 -5.46163016e+05 7.33402690e+05
 2.09571877e+05 -5.46164470e+05 7.33402676e+05
 2.09568359e+05 -5.46165924e+05 7.33402662e+05
 2.09564841e+05 -5.46167377e+05 7.33402647e+05
 2.09561323e+05 -5.46168831e+05 7.33402633e+05
 2.09557861e+05 -5.46170261e+05 7.33402619e+05
 2.09554402e+05 -5.46171690e+05 7.33402605e+05
 2.09550941e+05 -5.46173121e+05 7.33402591e+05
 2.09547480e+05 -5.46174550e+05 7.33402577e+05
 2.09544078e+05 -5.46175956e+05 7.33402564e+05
 2.09540675e+05 -5.46177362e+05 7.33402550e+05
 2.09537272e+05 -5.46178768e+05 7.33402536e+05
 2.09533927e+05 -5.46180150e+05 7.33402523e+05
 2.09530582e+05 -5.46181532e+05 7.33402509e+05
 2.09527237e+05 -5.46182915e+05 7.33402496e+05
 2.09523892e+05 -5.46184297e+05 7.33402482e+05
 2.09520604e+05 -5.46185655e+05 7.33402469e+05
 2.09517318e+05 -5.46187013e+05 7.33402456e+05
 2.09514029e+05 -5.46188372e+05 7.33402443e+05
 2.09510742e+05 -5.46189730e+05 7.33402429e+05
 2.09507512e+05 -5.46191064e+05 7.33402416e+05
 2.09504282e+05 -5.46192399e+05 7.33402403e+05
 2.09501053e+05 -5.46193733e+05 7.33402390e+05
 2.09497880e+05 -5.46195044e+05 7.33402377e+05
 2.09494708e+05 -5.46196355e+05 7.33402365e+05
 2.09491075e+05 -5.46197856e+05 7.33402350e+05
 2.09487500e+05 -5.46199333e+05 7.33402336e+05
 2.09483923e+05 -5.46200811e+05 7.33402321e+05
 2.09480347e+05 -5.46202288e+05 7.33402307e+05
 2.09476829e+05 -5.46203742e+05 7.33402292e+05
 2.09473311e+05 -5.46205196e+05 7.33402278e+05
 2.09469793e+05 -5.46206649e+05 7.33402264e+05
 2.09466275e+05 -5.46208103e+05 7.33402250e+05
 2.09462814e+05 -5.46209532e+05 7.33402236e+05
 2.09459352e+05 -5.46210963e+05 7.33402222e+05
 2.09455894e+05 -5.46212392e+05 7.33402208e+05
 2.09452431e+05 -5.46213823e+05 7.33402194e+05
 2.09449031e+05 -5.46215227e+05 7.33402180e+05
 2.09445627e+05 -5.46216634e+05 7.33402166e+05
 2.09442223e+05 -5.46218040e+05 7.33402153e+05
 2.09438878e+05 -5.46219423e+05 7.33402139e+05
 2.09435535e+05 -5.46220804e+05 7.33402126e+05
 2.09432189e+05 -5.46222186e+05 7.33402112e+05
 2.09428844e+05 -5.46223568e+05 7.33402098e+05
 2.09425558e+05 -5.46224926e+05 7.33402085e+05
 2.09422270e+05 -5.46226285e+05 7.33402072e+05
 2.09418982e+05 -5.46227643e+05 7.33402059e+05
 2.09415695e+05 -5.46229001e+05 7.33402045e+05
 2.09412465e+05 -5.46230336e+05 7.33402032e+05
 2.09408774e+05 -5.46231861e+05 7.33402017e+05
 2.09405141e+05 -5.46233362e+05 7.33402003e+05
 2.09401507e+05 -5.46234863e+05 7.33401988e+05
 2.09397873e+05 -5.46236365e+05 7.33401973e+05
 2.09394240e+05 -5.46237866e+05 7.33401958e+05
 2.09390664e+05 -5.46239344e+05 7.33401944e+05
 2.09387089e+05 -5.46240821e+05 7.33401929e+05
 2.09383513e+05 -5.46242298e+05 7.33401915e+05
 2.09379995e+05 -5.46243752e+05 7.33401901e+05
 2.09376476e+05 -5.46245206e+05 7.33401886e+05
 2.09372957e+05 -5.46246660e+05 7.33401872e+05
 2.09369440e+05 -5.46248113e+05 7.33401858e+05
 2.09365980e+05 -5.46249542e+05 7.33401844e+05
 2.09362520e+05 -5.46250972e+05 7.33401830e+05
 2.09359059e+05 -5.46252402e+05 7.33401816e+05
 2.09355599e+05 -5.46253832e+05 7.33401802e+05
 2.09352195e+05 -5.46255238e+05 7.33401788e+05
 2.09348793e+05 -5.46256644e+05 7.33401774e+05
 2.09345390e+05 -5.46258050e+05 7.33401760e+05
 2.09342044e+05 -5.46259432e+05 7.33401747e+05
 2.09338700e+05 -5.46260814e+05 7.33401733e+05
 2.09335353e+05 -5.46262197e+05 7.33401719e+05
 2.09332009e+05 -5.46263578e+05 7.33401706e+05
 2.09328722e+05 -5.46264937e+05 7.33401692e+05
 2.09324973e+05 -5.46266486e+05 7.33401677e+05
 2.09321282e+05 -5.46268011e+05 7.33401662e+05
 2.09317590e+05 -5.46269536e+05 7.33401647e+05
 2.09313899e+05 -5.46271061e+05 7.33401632e+05
 2.09310208e+05 -5.46272586e+05 7.33401617e+05
 2.09306575e+05 -5.46274087e+05 7.33401602e+05
 2.09302941e+05 -5.46275589e+05 7.33401588e+05
 2.09299308e+05 -5.46277090e+05 7.33401573e+05
 2.09295674e+05 -5.46278591e+05 7.33401558e+05
 2.09292098e+05 -5.46280069e+05 7.33401544e+05
 2.09288523e+05 -5.46281546e+05 7.33401529e+05
 2.09284946e+05 -5.46283024e+05 7.33401514e+05
 2.09281429e+05 -5.46284477e+05 7.33401500e+05
 2.09277911e+05 -5.46285931e+05 7.33401486e+05
 2.09274390e+05 -5.46287385e+05 7.33401471e+05
 2.09270874e+05 -5.46288838e+05 7.33401457e+05
 2.09267414e+05 -5.46290268e+05 7.33401443e+05
 2.09263953e+05 -5.46291698e+05 7.33401429e+05
 2.09260493e+05 -5.46293127e+05 7.33401415e+05
 2.09257030e+05 -5.46294558e+05 7.33401401e+05
 2.09253630e+05 -5.46295963e+05 7.33401387e+05
 2.09250225e+05 -5.46297370e+05 7.33401373e+05
 2.09246825e+05 -5.46298775e+05 7.33401359e+05
 2.09243479e+05 -5.46300157e+05 7.33401345e+05
 2.09240134e+05 -5.46301539e+05 7.33401332e+05
 2.09236789e+05 -5.46302921e+05 7.33401318e+05
 2.09233442e+05 -5.46304304e+05 7.33401305e+05
 2.09230154e+05 -5.46305663e+05 7.33401291e+05
 2.09226869e+05 -5.46307020e+05 7.33401278e+05
 2.09223582e+05 -5.46308378e+05 7.33401264e+05
 2.09220294e+05 -5.46309737e+05 7.33401251e+05
 2.09217065e+05 -5.46311071e+05 7.33401238e+05
 2.09213835e+05 -5.46312405e+05 7.33401224e+05
 2.09210605e+05 -5.46313740e+05 7.33401211e+05
 2.09207433e+05 -5.46315051e+05 7.33401198e+05
 2.09204261e+05 -5.46316361e+05 7.33401185e+05
 2.09201089e+05 -5.46317672e+05 7.33401172e+05
 2.09197917e+05 -5.46318983e+05 7.33401159e+05
 2.09194802e+05 -5.46320269e+05 7.33401147e+05
 2.09191687e+05 -5.46321556e+05 7.33401134e+05
 2.09188574e+05 -5.46322843e+05 7.33401121e+05
 2.09185459e+05 -5.46324130e+05 7.33401109e+05
 2.09182402e+05 -5.46325393e+05 7.33401096e+05
 2.09179345e+05 -5.46326656e+05 7.33401084e+05
 2.09176289e+05 -5.46327919e+05 7.33401071e+05
 2.09173290e+05 -5.46329158e+05 7.33401059e+05
 2.09170291e+05 -5.46330397e+05 7.33401047e+05
 2.09167292e+05 -5.46331636e+05 7.33401034e+05
 2.09164293e+05 -5.46332875e+05 7.33401022e+05
 2.09161350e+05 -5.46334091e+05 7.33401010e+05
 2.09157948e+05 -5.46335497e+05 7.33400996e+05
 2.09154545e+05 -5.46336903e+05 7.33400982e+05
 2.09151142e+05 -5.46338309e+05 7.33400968e+05
 2.09147798e+05 -5.46339691e+05 7.33400955e+05
 2.09144452e+05 -5.46341073e+05 7.33400941e+05
 2.09141106e+05 -5.46342456e+05 7.33400927e+05
 2.09137762e+05 -5.46343837e+05 7.33400913e+05
 2.09134474e+05 -5.46345196e+05 7.33400900e+05
 2.09131187e+05 -5.46346554e+05 7.33400887e+05
 2.09127900e+05 -5.46347912e+05 7.33400873e+05
 2.09124612e+05 -5.46349270e+05 7.33400860e+05
 2.09121382e+05 -5.46350605e+05 7.33400846e+05
 2.09118153e+05 -5.46351940e+05 7.33400833e+05
 2.09114924e+05 -5.46353274e+05 7.33400820e+05
 2.09111751e+05 -5.46354585e+05 7.33400807e+05
 2.09108579e+05 -5.46355895e+05 7.33400794e+05
 2.09105406e+05 -5.46357206e+05 7.33400781e+05
 2.09102234e+05 -5.46358517e+05 7.33400768e+05
 2.09099120e+05 -5.46359803e+05 7.33400755e+05
 2.09096006e+05 -5.46361090e+05 7.33400742e+05
 2.09092891e+05 -5.46362377e+05 7.33400730e+05
 2.09089775e+05 -5.46363665e+05 7.33400717e+05
 2.09086720e+05 -5.46364927e+05 7.33400704e+05
 2.09083664e+05 -5.46366190e+05 7.33400692e+05
 2.09080607e+05 -5.46367453e+05 7.33400679e+05
 2.09077608e+05 -5.46368692e+05 7.33400667e+05
 2.09074147e+05 -5.46370122e+05 7.33400653e+05
 2.09070687e+05 -5.46371551e+05 7.33400638e+05
 2.09067226e+05 -5.46372981e+05 7.33400624e+05
 2.09063765e+05 -5.46374411e+05 7.33400610e+05
 2.09060363e+05 -5.46375817e+05 7.33400596e+05
 2.09056960e+05 -5.46377223e+05 7.33400582e+05
 2.09053555e+05 -5.46378630e+05 7.33400568e+05
 2.09050212e+05 -5.46380011e+05 7.33400554e+05
 2.09046867e+05 -5.46381393e+05 7.33400541e+05
 2.09043522e+05 -5.46382775e+05 7.33400527e+05
 2.09040177e+05 -5.46384157e+05 7.33400513e+05
 2.09036889e+05 -5.46385516e+05 7.33400500e+05
 2.09033601e+05 -5.46386874e+05 7.33400486e+05
 2.09030315e+05 -5.46388232e+05 7.33400472e+05
 2.09027027e+05 -5.46389591e+05 7.33400459e+05
 2.09023798e+05 -5.46390925e+05 7.33400446e+05
 2.09020568e+05 -5.46392259e+05 7.33400432e+05
 2.09017338e+05 -5.46393594e+05 7.33400419e+05
 2.09014166e+05 -5.46394904e+05 7.33400406e+05
 2.09010994e+05 -5.46396215e+05 7.33400393e+05
 2.09007822e+05 -5.46397526e+05 7.33400380e+05
 2.09004650e+05 -5.46398837e+05 7.33400367e+05
 2.09001536e+05 -5.46400123e+05 7.33400354e+05
 2.08998421e+05 -5.46401410e+05 7.33400341e+05
 2.08995306e+05 -5.46402697e+05 7.33400328e+05
 2.08991789e+05 -5.46404150e+05 7.33400314e+05
 2.08988271e+05 -5.46405604e+05 7.33400299e+05
 2.08984753e+05 -5.46407058e+05 7.33400285e+05
 2.08981234e+05 -5.46408511e+05 7.33400270e+05
 2.08977774e+05 -5.46409941e+05 7.33400256e+05
 2.08974313e+05 -5.46411371e+05 7.33400242e+05
 2.08970853e+05 -5.46412801e+05 7.33400228e+05
 2.08967392e+05 -5.46414231e+05 7.33400213e+05
 2.08963989e+05 -5.46415637e+05 7.33400199e+05
 2.08960586e+05 -5.46417043e+05 7.33400185e+05
 2.08957184e+05 -5.46418449e+05 7.33400171e+05
 2.08953839e+05 -5.46419830e+05 7.33400157e+05
 2.08950494e+05 -5.46421213e+05 7.33400144e+05
 2.08947148e+05 -5.46422595e+05 7.33400130e+05
 2.08943804e+05 -5.46423977e+05 7.33400116e+05
 2.08940516e+05 -5.46425336e+05 7.33400102e+05
 2.08937228e+05 -5.46426694e+05 7.33400089e+05
 2.08933941e+05 -5.46428052e+05 7.33400075e+05
 2.08930653e+05 -5.46429410e+05 7.33400062e+05
 2.08927424e+05 -5.46430745e+05 7.33400048e+05
 2.08924194e+05 -5.46432079e+05 7.33400035e+05
 2.08920964e+05 -5.46433414e+05 7.33400022e+05
 2.08917791e+05 -5.46434725e+05 7.33400009e+05
 2.08914620e+05 -5.46436035e+05 7.33399996e+05
 2.08910987e+05 -5.46437536e+05 7.33399981e+05
 2.08907411e+05 -5.46439014e+05 7.33399966e+05
 2.08903835e+05 -5.46440491e+05 7.33399951e+05
 2.08900259e+05 -5.46441969e+05 7.33399936e+05
 2.08896741e+05 -5.46443422e+05 7.33399922e+05
 2.08893223e+05 -5.46444876e+05 7.33399907e+05
 2.08889705e+05 -5.46446329e+05 7.33399893e+05
 2.08886186e+05 -5.46447783e+05 7.33399878e+05
 2.08882726e+05 -5.46449213e+05 7.33399864e+05
 2.08879266e+05 -5.46450643e+05 7.33399849e+05
 2.08875805e+05 -5.46452073e+05 7.33399835e+05
 2.08872343e+05 -5.46453503e+05 7.33399821e+05
 2.08868942e+05 -5.46454908e+05 7.33399807e+05
 2.08865540e+05 -5.46456314e+05 7.33399793e+05
 2.08862136e+05 -5.46457720e+05 7.33399778e+05
 2.08858789e+05 -5.46459103e+05 7.33399765e+05
 2.08855444e+05 -5.46460485e+05 7.33399751e+05
 2.08852101e+05 -5.46461867e+05 7.33399737e+05
 2.08848756e+05 -5.46463249e+05 7.33399723e+05
 2.08845468e+05 -5.46464607e+05 7.33399709e+05
 2.08842181e+05 -5.46465965e+05 7.33399696e+05
 2.08838894e+05 -5.46467324e+05 7.33399682e+05
 2.08835607e+05 -5.46468682e+05 7.33399669e+05
 2.08832377e+05 -5.46470016e+05 7.33399655e+05
 2.08828686e+05 -5.46471541e+05 7.33399640e+05
 2.08825052e+05 -5.46473043e+05 7.33399625e+05
 2.08821419e+05 -5.46474544e+05 7.33399610e+05
 2.08817785e+05 -5.46476045e+05 7.33399595e+05
 2.08814152e+05 -5.46477547e+05 7.33399580e+05
 2.08810576e+05 -5.46479024e+05 7.33399565e+05
 2.08806999e+05 -5.46480502e+05 7.33399550e+05
 2.08803424e+05 -5.46481979e+05 7.33399535e+05
 2.08799905e+05 -5.46483433e+05 7.33399520e+05
 2.08796388e+05 -5.46484886e+05 7.33399506e+05
 2.08792869e+05 -5.46486340e+05 7.33399491e+05
 2.08789352e+05 -5.46487793e+05 7.33399477e+05
 2.08785891e+05 -5.46489224e+05 7.33399462e+05
 2.08782431e+05 -5.46490653e+05 7.33399448e+05
 2.08778970e+05 -5.46492083e+05 7.33399433e+05
 2.08775510e+05 -5.46493513e+05 7.33399419e+05
 2.08772106e+05 -5.46494919e+05 7.33399405e+05
 2.08768704e+05 -5.46496325e+05 7.33399391e+05
 2.08765301e+05 -5.46497731e+05 7.33399377e+05
 2.08761956e+05 -5.46499113e+05 7.33399363e+05
 2.08758611e+05 -5.46500495e+05 7.33399349e+05
 2.08755266e+05 -5.46501877e+05 7.33399335e+05
 2.08751920e+05 -5.46503259e+05 7.33399321e+05
 2.08748633e+05 -5.46504618e+05 7.33399307e+05
 2.08744884e+05 -5.46506167e+05 7.33399292e+05
 2.08741193e+05 -5.46507692e+05 7.33399276e+05
 2.08737502e+05 -5.46509217e+05 7.33399261e+05
 2.08733810e+05 -5.46510742e+05 7.33399246e+05
 2.08730120e+05 -5.46512267e+05 7.33399230e+05
 2.08726486e+05 -5.46513768e+05 7.33399215e+05
 2.08722853e+05 -5.46515270e+05 7.33399200e+05
 2.08719219e+05 -5.46516771e+05 7.33399185e+05
 2.08715586e+05 -5.46518272e+05 7.33399170e+05
 2.08712010e+05 -5.46519750e+05 7.33399155e+05
 2.08708432e+05 -5.46521228e+05 7.33399140e+05
 2.08704858e+05 -5.46522705e+05 7.33399125e+05
 2.08701341e+05 -5.46524158e+05 7.33399110e+05
 2.08697822e+05 -5.46525612e+05 7.33399096e+05
 2.08694305e+05 -5.46527065e+05 7.33399081e+05
 2.08690786e+05 -5.46528519e+05 7.33399067e+05
 2.08687325e+05 -5.46529949e+05 7.33399052e+05
 2.08683866e+05 -5.46531378e+05 7.33399038e+05
 2.08680402e+05 -5.46532809e+05 7.33399023e+05
 2.08676945e+05 -5.46534238e+05 7.33399009e+05
 2.08673542e+05 -5.46535644e+05 7.33398995e+05
 2.08670138e+05 -5.46537050e+05 7.33398980e+05
 2.08666736e+05 -5.46538456e+05 7.33398966e+05
 2.08663391e+05 -5.46539838e+05 7.33398952e+05
 2.08660045e+05 -5.46541220e+05 7.33398938e+05
 2.08656700e+05 -5.46542603e+05 7.33398924e+05
 2.08653355e+05 -5.46543985e+05 7.33398910e+05
 2.08650068e+05 -5.46545343e+05 7.33398897e+05
 2.08646781e+05 -5.46546701e+05 7.33398883e+05
 2.08643494e+05 -5.46548059e+05 7.33398869e+05
 2.08640206e+05 -5.46549418e+05 7.33398855e+05
 2.08636976e+05 -5.46550752e+05 7.33398842e+05
 2.08633747e+05 -5.46552087e+05 7.33398828e+05
 2.08630517e+05 -5.46553421e+05 7.33398815e+05
 2.08627345e+05 -5.46554732e+05 7.33398802e+05
 2.08624172e+05 -5.46556043e+05 7.33398788e+05
 2.08621001e+05 -5.46557353e+05 7.33398775e+05
 2.08617829e+05 -5.46558664e+05 7.33398762e+05
 2.08614714e+05 -5.46559950e+05 7.33398749e+05
 2.08611600e+05 -5.46561237e+05 7.33398736e+05
 2.08608485e+05 -5.46562524e+05 7.33398723e+05
 2.08605371e+05 -5.46563811e+05 7.33398710e+05
 2.08602314e+05 -5.46565074e+05 7.33398697e+05
 2.08599257e+05 -5.46566337e+05 7.33398684e+05
 2.08596201e+05 -5.46567600e+05 7.33398671e+05
 2.08593202e+05 -5.46568839e+05 7.33398659e+05
 2.08590203e+05 -5.46570078e+05 7.33398646e+05
 2.08587203e+05 -5.46571317e+05 7.33398634e+05
 2.08584205e+05 -5.46572556e+05 7.33398621e+05
 2.08581263e+05 -5.46573772e+05 7.33398609e+05
 2.08577860e+05 -5.46575178e+05 7.33398595e+05
 2.08574457e+05 -5.46576584e+05 7.33398580e+05
 2.08571055e+05 -5.46577990e+05 7.33398566e+05
 2.08567710e+05 -5.46579372e+05 7.33398552e+05
 2.08564364e+05 -5.46580754e+05 7.33398538e+05
 2.08561019e+05 -5.46582136e+05 7.33398524e+05
 2.08557674e+05 -5.46583518e+05 7.33398510e+05
 2.08554386e+05 -5.46584877e+05 7.33398496e+05
 2.08551100e+05 -5.46586235e+05 7.33398483e+05
 2.08547811e+05 -5.46587594e+05 7.33398469e+05
 2.08544524e+05 -5.46588952e+05 7.33398455e+05
 2.08541294e+05 -5.46590286e+05 7.33398441e+05
 2.08538064e+05 -5.46591621e+05 7.33398428e+05
 2.08534835e+05 -5.46592955e+05 7.33398414e+05
 2.08531662e+05 -5.46594266e+05 7.33398401e+05
 2.08528490e+05 -5.46595577e+05 7.33398388e+05
 2.08525318e+05 -5.46596887e+05 7.33398374e+05
 2.08522146e+05 -5.46598198e+05 7.33398361e+05
 2.08519032e+05 -5.46599485e+05 7.33398348e+05
 2.08515917e+05 -5.46600772e+05 7.33398335e+05
 2.08512803e+05 -5.46602058e+05 7.33398322e+05
 2.08509689e+05 -5.46603345e+05 7.33398309e+05
 2.08506632e+05 -5.46604608e+05 7.33398296e+05
 2.08503576e+05 -5.46605871e+05 7.33398283e+05
 2.08500519e+05 -5.46607134e+05 7.33398270e+05
 2.08497519e+05 -5.46608373e+05 7.33398258e+05
 2.08494059e+05 -5.46609803e+05 7.33398243e+05
 2.08490598e+05 -5.46611233e+05 7.33398229e+05
 2.08487138e+05 -5.46612663e+05 7.33398214e+05
 2.08483675e+05 -5.46614093e+05 7.33398200e+05
 2.08480275e+05 -5.46615498e+05 7.33398185e+05
 2.08476872e+05 -5.46616904e+05 7.33398171e+05
 2.08473467e+05 -5.46618311e+05 7.33398157e+05
 2.08470125e+05 -5.46619692e+05 7.33398143e+05
 2.08466780e+05 -5.46621074e+05 7.33398128e+05
 2.08463434e+05 -5.46622456e+05 7.33398114e+05
 2.08460089e+05 -5.46623839e+05 7.33398100e+05
 2.08456802e+05 -5.46625197e+05 7.33398087e+05
 2.08453512e+05 -5.46626556e+05 7.33398073e+05
 2.08450226e+05 -5.46627914e+05 7.33398059e+05
 2.08446939e+05 -5.46629272e+05 7.33398045e+05
 2.08443710e+05 -5.46630606e+05 7.33398031e+05
 2.08440480e+05 -5.46631941e+05 7.33398018e+05
 2.08437250e+05 -5.46633275e+05 7.33398004e+05
 2.08434078e+05 -5.46634586e+05 7.33397991e+05
 2.08430906e+05 -5.46635897e+05 7.33397978e+05
 2.08427734e+05 -5.46637207e+05 7.33397964e+05
 2.08424562e+05 -5.46638518e+05 7.33397951e+05
 2.08421448e+05 -5.46639805e+05 7.33397938e+05
 2.08418333e+05 -5.46641092e+05 7.33397925e+05
 2.08415219e+05 -5.46642378e+05 7.33397911e+05
 2.08411701e+05 -5.46643832e+05 7.33397897e+05
 2.08408182e+05 -5.46645286e+05 7.33397882e+05
 2.08404664e+05 -5.46646739e+05 7.33397867e+05
 2.08401146e+05 -5.46648193e+05 7.33397852e+05
 2.08397686e+05 -5.46649623e+05 7.33397838e+05
 2.08394225e+05 -5.46651053e+05 7.33397823e+05
 2.08390764e+05 -5.46652483e+05 7.33397808e+05
 2.08387305e+05 -5.46653912e+05 7.33397794e+05
 2.08383901e+05 -5.46655318e+05 7.33397779e+05
 2.08380498e+05 -5.46656724e+05 7.33397765e+05
 2.08377096e+05 -5.46658130e+05 7.33397751e+05
 2.08373750e+05 -5.46659512e+05 7.33397737e+05
 2.08370406e+05 -5.46660894e+05 7.33397722e+05
 2.08367060e+05 -5.46662277e+05 7.33397708e+05
 2.08363715e+05 -5.46663659e+05 7.33397694e+05
 2.08360428e+05 -5.46665017e+05 7.33397680e+05
 2.08357140e+05 -5.46666375e+05 7.33397666e+05
 2.08353853e+05 -5.46667734e+05 7.33397652e+05
 2.08350566e+05 -5.46669092e+05 7.33397639e+05
 2.08347336e+05 -5.46670426e+05 7.33397625e+05
 2.08344105e+05 -5.46671761e+05 7.33397611e+05
 2.08340876e+05 -5.46673095e+05 7.33397598e+05
 2.08337704e+05 -5.46674406e+05 7.33397584e+05
 2.08334532e+05 -5.46675717e+05 7.33397571e+05
 2.08330899e+05 -5.46677218e+05 7.33397555e+05
 2.08327323e+05 -5.46678695e+05 7.33397540e+05
 2.08323747e+05 -5.46680173e+05 7.33397525e+05
 2.08320171e+05 -5.46681650e+05 7.33397510e+05
 2.08316651e+05 -5.46683105e+05 7.33397495e+05
 2.08313135e+05 -5.46684558e+05 7.33397480e+05
 2.08309617e+05 -5.46686011e+05 7.33397465e+05
 2.08306098e+05 -5.46687465e+05 7.33397451e+05
 2.08302638e+05 -5.46688895e+05 7.33397436e+05
 2.08299177e+05 -5.46690325e+05 7.33397421e+05
 2.08295718e+05 -5.46691754e+05 7.33397407e+05
 2.08292255e+05 -5.46693185e+05 7.33397392e+05
 2.08288853e+05 -5.46694590e+05 7.33397378e+05
 2.08285452e+05 -5.46695996e+05 7.33397363e+05
 2.08282049e+05 -5.46697402e+05 7.33397349e+05
 2.08278704e+05 -5.46698784e+05 7.33397335e+05
 2.08275358e+05 -5.46700166e+05 7.33397320e+05
 2.08272011e+05 -5.46701549e+05 7.33397306e+05
 2.08268668e+05 -5.46702930e+05 7.33397292e+05
 2.08265381e+05 -5.46704289e+05 7.33397278e+05
 2.08262093e+05 -5.46705647e+05 7.33397264e+05
 2.08258806e+05 -5.46707005e+05 7.33397250e+05
 2.08255518e+05 -5.46708364e+05 7.33397236e+05
 2.08252288e+05 -5.46709698e+05 7.33397223e+05
 2.08248598e+05 -5.46711223e+05 7.33397207e+05
 2.08244964e+05 -5.46712725e+05 7.33397192e+05
 2.08241331e+05 -5.46714226e+05 7.33397176e+05
 2.08237697e+05 -5.46715727e+05 7.33397161e+05
 2.08234064e+05 -5.46717228e+05 7.33397145e+05
 2.08230488e+05 -5.46718706e+05 7.33397130e+05
 2.08226912e+05 -5.46720183e+05 7.33397115e+05
 2.08223337e+05 -5.46721661e+05 7.33397100e+05
 2.08219818e+05 -5.46723114e+05 7.33397085e+05
 2.08216299e+05 -5.46724568e+05 7.33397070e+05
 2.08212782e+05 -5.46726022e+05 7.33397055e+05
 2.08209264e+05 -5.46727475e+05 7.33397040e+05
 2.08205804e+05 -5.46728905e+05 7.33397025e+05
 2.08202342e+05 -5.46730335e+05 7.33397011e+05
 2.08198883e+05 -5.46731765e+05 7.33396996e+05
 2.08195422e+05 -5.46733194e+05 7.33396981e+05
 2.08192019e+05 -5.46734600e+05 7.33396967e+05
 2.08188617e+05 -5.46736006e+05 7.33396952e+05
 2.08185214e+05 -5.46737412e+05 7.33396938e+05
 2.08181868e+05 -5.46738795e+05 7.33396923e+05
 2.08178523e+05 -5.46740177e+05 7.33396909e+05
 2.08175178e+05 -5.46741559e+05 7.33396895e+05
 2.08171833e+05 -5.46742941e+05 7.33396881e+05
 2.08168546e+05 -5.46744299e+05 7.33396867e+05
 2.08164796e+05 -5.46745849e+05 7.33396851e+05
 2.08161106e+05 -5.46747373e+05 7.33396835e+05
 2.08157412e+05 -5.46748900e+05 7.33396819e+05
 2.08153723e+05 -5.46750424e+05 7.33396804e+05
 2.08150030e+05 -5.46751950e+05 7.33396788e+05
 2.08146398e+05 -5.46753450e+05 7.33396773e+05
 2.08142765e+05 -5.46754952e+05 7.33396757e+05
 2.08139131e+05 -5.46756453e+05 7.33396742e+05
 2.08135497e+05 -5.46757954e+05 7.33396726e+05
 2.08131923e+05 -5.46759431e+05 7.33396711e+05
 2.08128346e+05 -5.46760909e+05 7.33396696e+05
 2.08124770e+05 -5.46762387e+05 7.33396680e+05
 2.08121252e+05 -5.46763840e+05 7.33396665e+05
 2.08117735e+05 -5.46765294e+05 7.33396650e+05
 2.08114214e+05 -5.46766748e+05 7.33396635e+05
 2.08110698e+05 -5.46768201e+05 7.33396620e+05
 2.08107238e+05 -5.46769631e+05 7.33396606e+05
 2.08103777e+05 -5.46771061e+05 7.33396591e+05
 2.08100317e+05 -5.46772490e+05 7.33396576e+05
 2.08096856e+05 -5.46773920e+05 7.33396561e+05
 2.08093453e+05 -5.46775326e+05 7.33396547e+05
 2.08090051e+05 -5.46776732e+05 7.33396532e+05
 2.08086648e+05 -5.46778138e+05 7.33396518e+05
 2.08083303e+05 -5.46779520e+05 7.33396503e+05
 2.08079956e+05 -5.46780903e+05 7.33396489e+05
 2.08076611e+05 -5.46782285e+05 7.33396475e+05
 2.08073268e+05 -5.46783667e+05 7.33396461e+05
 2.08069981e+05 -5.46785025e+05 7.33396447e+05
 2.08066693e+05 -5.46786383e+05 7.33396433e+05
 2.08063405e+05 -5.46787742e+05 7.33396419e+05
 2.08060118e+05 -5.46789100e+05 7.33396404e+05
 2.08056889e+05 -5.46790434e+05 7.33396391e+05
 2.08053659e+05 -5.46791769e+05 7.33396377e+05
 2.08050429e+05 -5.46793103e+05 7.33396363e+05
 2.08047257e+05 -5.46794414e+05 7.33396350e+05
 2.08044085e+05 -5.46795724e+05 7.33396336e+05
 2.08040913e+05 -5.46797035e+05 7.33396322e+05
 2.08037741e+05 -5.46798346e+05 7.33396309e+05
 2.08034626e+05 -5.46799633e+05 7.33396295e+05
 2.08031512e+05 -5.46800919e+05 7.33396282e+05
 2.08028398e+05 -5.46802206e+05 7.33396269e+05
 2.08025282e+05 -5.46803493e+05 7.33396256e+05
 2.08022226e+05 -5.46804756e+05 7.33396242e+05
 2.08019170e+05 -5.46806019e+05 7.33396229e+05
 2.08016113e+05 -5.46807282e+05 7.33396216e+05
 2.08013113e+05 -5.46808521e+05 7.33396203e+05
 2.08010115e+05 -5.46809760e+05 7.33396191e+05
 2.08007116e+05 -5.46811000e+05 7.33396178e+05
 2.08004114e+05 -5.46812240e+05 7.33396165e+05
 2.08001174e+05 -5.46813454e+05 7.33396152e+05
 2.07997771e+05 -5.46814861e+05 7.33396138e+05
 2.07994369e+05 -5.46816266e+05 7.33396123e+05
 2.07990967e+05 -5.46817672e+05 7.33396109e+05
 2.07987622e+05 -5.46819054e+05 7.33396094e+05
 2.07984277e+05 -5.46820436e+05 7.33396080e+05
 2.07980931e+05 -5.46821819e+05 7.33396066e+05
 2.07977586e+05 -5.46823201e+05 7.33396051e+05
 2.07974299e+05 -5.46824559e+05 7.33396037e+05
 2.07971012e+05 -5.46825917e+05 7.33396023e+05
 2.07967723e+05 -5.46827276e+05 7.33396009e+05
 2.07964437e+05 -5.46828634e+05 7.33395995e+05
 2.07961207e+05 -5.46829968e+05 7.33395981e+05
 2.07957977e+05 -5.46831303e+05 7.33395967e+05
 2.07954747e+05 -5.46832638e+05 7.33395953e+05
 2.07951575e+05 -5.46833948e+05 7.33395940e+05
 2.07948403e+05 -5.46835259e+05 7.33395926e+05
 2.07945231e+05 -5.46836569e+05 7.33395912e+05
 2.07942059e+05 -5.46837880e+05 7.33395899e+05
 2.07938944e+05 -5.46839167e+05 7.33395885e+05
 2.07935830e+05 -5.46840454e+05 7.33395872e+05
 2.07932716e+05 -5.46841740e+05 7.33395859e+05
 2.07929601e+05 -5.46843027e+05 7.33395845e+05
 2.07926544e+05 -5.46844290e+05 7.33395832e+05
 2.07923488e+05 -5.46845553e+05 7.33395819e+05
 2.07920431e+05 -5.46846816e+05 7.33395806e+05
 2.07917432e+05 -5.46848055e+05 7.33395793e+05
 2.07913971e+05 -5.46849485e+05 7.33395778e+05
 2.07910511e+05 -5.46850915e+05 7.33395763e+05
 2.07907050e+05 -5.46852345e+05 7.33395748e+05
 2.07903590e+05 -5.46853775e+05 7.33395734e+05
 2.07900188e+05 -5.46855181e+05 7.33395719e+05
 2.07896785e+05 -5.46856587e+05 7.33395704e+05
 2.07893382e+05 -5.46857992e+05 7.33395690e+05
 2.07890036e+05 -5.46859375e+05 7.33395675e+05
 2.07886692e+05 -5.46860757e+05 7.33395661e+05
 2.07883347e+05 -5.46862139e+05 7.33395647e+05
 2.07880002e+05 -5.46863521e+05 7.33395632e+05
 2.07876714e+05 -5.46864880e+05 7.33395618e+05
 2.07873427e+05 -5.46866238e+05 7.33395604e+05
 2.07870139e+05 -5.46867596e+05 7.33395590e+05
 2.07866852e+05 -5.46868954e+05 7.33395576e+05
 2.07863622e+05 -5.46870289e+05 7.33395562e+05
 2.07860392e+05 -5.46871623e+05 7.33395548e+05
 2.07857163e+05 -5.46872958e+05 7.33395534e+05
 2.07853991e+05 -5.46874268e+05 7.33395520e+05
 2.07850819e+05 -5.46875579e+05 7.33395507e+05
 2.07847646e+05 -5.46876890e+05 7.33395493e+05
 2.07844474e+05 -5.46878200e+05 7.33395479e+05
 2.07841360e+05 -5.46879487e+05 7.33395466e+05
 2.07838246e+05 -5.46880774e+05 7.33395452e+05
 2.07835131e+05 -5.46882061e+05 7.33395439e+05
 2.07831613e+05 -5.46883514e+05 7.33395424e+05
 2.07828095e+05 -5.46884968e+05 7.33395409e+05
 2.07824576e+05 -5.46886422e+05 7.33395393e+05
 2.07821059e+05 -5.46887875e+05 7.33395378e+05
 2.07817598e+05 -5.46889305e+05 7.33395363e+05
 2.07814137e+05 -5.46890735e+05 7.33395348e+05
 2.07810677e+05 -5.46892165e+05 7.33395333e+05
 2.07807217e+05 -5.46893595e+05 7.33395319e+05
 2.07803813e+05 -5.46895001e+05 7.33395304e+05
 2.07800411e+05 -5.46896406e+05 7.33395289e+05
 2.07797008e+05 -5.46897813e+05 7.33395274e+05
 2.07793663e+05 -5.46899195e+05 7.33395260e+05
 2.07790318e+05 -5.46900577e+05 7.33395246e+05
 2.07786972e+05 -5.46901959e+05 7.33395231e+05
 2.07783628e+05 -5.46903341e+05 7.33395217e+05
 2.07780339e+05 -5.46904700e+05 7.33395203e+05
 2.07777052e+05 -5.46906058e+05 7.33395188e+05
 2.07773765e+05 -5.46907416e+05 7.33395174e+05
 2.07770478e+05 -5.46908775e+05 7.33395160e+05
 2.07767248e+05 -5.46910109e+05 7.33395146e+05
 2.07764018e+05 -5.46911443e+05 7.33395132e+05
 2.07760789e+05 -5.46912778e+05 7.33395118e+05
 2.07757616e+05 -5.46914089e+05 7.33395104e+05
 2.07754445e+05 -5.46915399e+05 7.33395091e+05
 2.07750811e+05 -5.46916900e+05 7.33395075e+05
 2.07747235e+05 -5.46918378e+05 7.33395059e+05
 2.07743659e+05 -5.46919856e+05 7.33395044e+05
 2.07740083e+05 -5.46921333e+05 7.33395029e+05
 2.07736565e+05 -5.46922787e+05 7.33395013e+05
 2.07733047e+05 -5.46924240e+05 7.33394998e+05
 2.07729529e+05 -5.46925694e+05 7.33394983e+05
 2.07726011e+05 -5.46927147e+05 7.33394968e+05
 2.07722551e+05 -5.46928577e+05 7.33394953e+05
 2.07719091e+05 -5.46930007e+05 7.33394938e+05
 2.07715630e+05 -5.46931437e+05 7.33394923e+05
 2.07712169e+05 -5.46932867e+05 7.33394908e+05
 2.07708767e+05 -5.46934273e+05 7.33394893e+05
 2.07705364e+05 -5.46935679e+05 7.33394878e+05
 2.07701961e+05 -5.46937085e+05 7.33394863e+05
 2.07698616e+05 -5.46938467e+05 7.33394849e+05
 2.07695271e+05 -5.46939849e+05 7.33394834e+05
 2.07691925e+05 -5.46941231e+05 7.33394820e+05
 2.07688581e+05 -5.46942613e+05 7.33394805e+05
 2.07685294e+05 -5.46943971e+05 7.33394791e+05
 2.07682006e+05 -5.46945330e+05 7.33394777e+05
 2.07678719e+05 -5.46946688e+05 7.33394763e+05
 2.07675431e+05 -5.46948046e+05 7.33394748e+05
 2.07672201e+05 -5.46949381e+05 7.33394734e+05
 2.07668510e+05 -5.46950906e+05 7.33394718e+05
 2.07664877e+05 -5.46952407e+05 7.33394703e+05
 2.07661243e+05 -5.46953909e+05 7.33394687e+05
 2.07657610e+05 -5.46955410e+05 7.33394671e+05
 2.07653975e+05 -5.46956912e+05 7.33394655e+05
 2.07650401e+05 -5.46958389e+05 7.33394640e+05
 2.07646825e+05 -5.46959866e+05 7.33394624e+05
 2.07643249e+05 -5.46961344e+05 7.33394609e+05
 2.07639729e+05 -5.46962798e+05 7.33394594e+05
 2.07636213e+05 -5.46964251e+05 7.33394578e+05
 2.07632694e+05 -5.46965705e+05 7.33394563e+05
 2.07629176e+05 -5.46967158e+05 7.33394548e+05
 2.07625713e+05 -5.46968589e+05 7.33394533e+05
 2.07622255e+05 -5.46970018e+05 7.33394518e+05
 2.07618794e+05 -5.46971448e+05 7.33394503e+05
 2.07615335e+05 -5.46972877e+05 7.33394488e+05
 2.07611932e+05 -5.46974283e+05 7.33394473e+05
 2.07608528e+05 -5.46975690e+05 7.33394458e+05
 2.07605126e+05 -5.46977095e+05 7.33394443e+05
 2.07601781e+05 -5.46978478e+05 7.33394429e+05
 2.07598435e+05 -5.46979860e+05 7.33394414e+05
 2.07595090e+05 -5.46981242e+05 7.33394400e+05
 2.07591745e+05 -5.46982624e+05 7.33394385e+05
 2.07588458e+05 -5.46983982e+05 7.33394371e+05
 2.07584709e+05 -5.46985531e+05 7.33394354e+05
 2.07581018e+05 -5.46987056e+05 7.33394338e+05
 2.07577327e+05 -5.46988581e+05 7.33394322e+05
 2.07573636e+05 -5.46990107e+05 7.33394306e+05
 2.07569944e+05 -5.46991632e+05 7.33394290e+05
 2.07566311e+05 -5.46993133e+05 7.33394274e+05
 2.07562678e+05 -5.46994634e+05 7.33394258e+05
 2.07559044e+05 -5.46996136e+05 7.33394243e+05
 2.07555411e+05 -5.46997637e+05 7.33394227e+05
 2.07551835e+05 -5.46999114e+05 7.33394211e+05
 2.07548259e+05 -5.47000592e+05 7.33394196e+05
 2.07544683e+05 -5.47002070e+05 7.33394180e+05
 2.07541166e+05 -5.47003523e+05 7.33394165e+05
 2.07537647e+05 -5.47004977e+05 7.33394149e+05
 2.07534129e+05 -5.47006430e+05 7.33394134e+05
 2.07530611e+05 -5.47007884e+05 7.33394119e+05
 2.07527150e+05 -5.47009314e+05 7.33394104e+05
 2.07523690e+05 -5.47010744e+05 7.33394089e+05
 2.07520229e+05 -5.47012173e+05 7.33394073e+05
 2.07516769e+05 -5.47013603e+05 7.33394058e+05
 2.07513367e+05 -5.47015009e+05 7.33394044e+05
 2.07509964e+05 -5.47016415e+05 7.33394029e+05
 2.07506561e+05 -5.47017821e+05 7.33394014e+05
 2.07503216e+05 -5.47019203e+05 7.33393999e+05
 2.07499871e+05 -5.47020585e+05 7.33393985e+05
 2.07496524e+05 -5.47021968e+05 7.33393970e+05
 2.07493180e+05 -5.47023350e+05 7.33393955e+05
 2.07489893e+05 -5.47024708e+05 7.33393941e+05
 2.07486606e+05 -5.47026066e+05 7.33393927e+05
 2.07483318e+05 -5.47027425e+05 7.33393912e+05
 2.07480031e+05 -5.47028783e+05 7.33393898e+05
 2.07476801e+05 -5.47030117e+05 7.33393884e+05
 2.07473571e+05 -5.47031452e+05 7.33393870e+05
 2.07470342e+05 -5.47032786e+05 7.33393856e+05
 2.07467169e+05 -5.47034097e+05 7.33393842e+05
 2.07463998e+05 -5.47035408e+05 7.33393828e+05
 2.07460824e+05 -5.47036719e+05 7.33393814e+05
 2.07457653e+05 -5.47038029e+05 7.33393800e+05
 2.07454539e+05 -5.47039316e+05 7.33393787e+05
 2.07451424e+05 -5.47040603e+05 7.33393773e+05
 2.07448310e+05 -5.47041889e+05 7.33393759e+05
 2.07445195e+05 -5.47043176e+05 7.33393746e+05
 2.07442139e+05 -5.47044439e+05 7.33393732e+05
 2.07439082e+05 -5.47045702e+05 7.33393719e+05
 2.07436025e+05 -5.47046966e+05 7.33393706e+05
 2.07433026e+05 -5.47048205e+05 7.33393692e+05
 2.07430027e+05 -5.47049444e+05 7.33393679e+05
 2.07427028e+05 -5.47050683e+05 7.33393666e+05
 2.07424029e+05 -5.47051922e+05 7.33393653e+05
 2.07421088e+05 -5.47053137e+05 7.33393640e+05
 2.07417684e+05 -5.47054544e+05 7.33393625e+05
 2.07414281e+05 -5.47055950e+05 7.33393610e+05
 2.07410879e+05 -5.47057356e+05 7.33393595e+05
 2.07407534e+05 -5.47058738e+05 7.33393581e+05
 2.07404189e+05 -5.47060120e+05 7.33393566e+05
 2.07400844e+05 -5.47061502e+05 7.33393552e+05
 2.07397499e+05 -5.47062884e+05 7.33393537e+05
 2.07394211e+05 -5.47064242e+05 7.33393522e+05
 2.07390924e+05 -5.47065600e+05 7.33393508e+05
 2.07387637e+05 -5.47066959e+05 7.33393494e+05
 2.07384349e+05 -5.47068317e+05 7.33393479e+05
 2.07381119e+05 -5.47069652e+05 7.33393465e+05
 2.07377889e+05 -5.47070986e+05 7.33393451e+05
 2.07374658e+05 -5.47072322e+05 7.33393437e+05
 2.07371487e+05 -5.47073632e+05 7.33393423e+05
 2.07368315e+05 -5.47074942e+05 7.33393409e+05
 2.07365144e+05 -5.47076253e+05 7.33393395e+05
 2.07361971e+05 -5.47077564e+05 7.33393381e+05
 2.07358857e+05 -5.47078850e+05 7.33393367e+05
 2.07355743e+05 -5.47080137e+05 7.33393354e+05
 2.07352628e+05 -5.47081424e+05 7.33393340e+05
 2.07349514e+05 -5.47082711e+05 7.33393326e+05
 2.07346457e+05 -5.47083974e+05 7.33393313e+05
 2.07343400e+05 -5.47085237e+05 7.33393300e+05
 2.07340341e+05 -5.47086501e+05 7.33393286e+05
 2.07337345e+05 -5.47087739e+05 7.33393273e+05
 2.07333884e+05 -5.47089169e+05 7.33393258e+05
 2.07330424e+05 -5.47090598e+05 7.33393243e+05
 2.07326964e+05 -5.47092028e+05 7.33393227e+05
 2.07323503e+05 -5.47093458e+05 7.33393212e+05
 2.07320100e+05 -5.47094864e+05 7.33393197e+05
 2.07316698e+05 -5.47096270e+05 7.33393182e+05
 2.07313295e+05 -5.47097676e+05 7.33393167e+05
 2.07309950e+05 -5.47099058e+05 7.33393153e+05
 2.07306604e+05 -5.47100440e+05 7.33393138e+05
 2.07303260e+05 -5.47101822e+05 7.33393123e+05
 2.07299914e+05 -5.47103205e+05 7.33393108e+05
 2.07296627e+05 -5.47104563e+05 7.33393094e+05
 2.07293340e+05 -5.47105921e+05 7.33393080e+05
 2.07290052e+05 -5.47107279e+05 7.33393065e+05
 2.07286765e+05 -5.47108638e+05 7.33393051e+05
 2.07283535e+05 -5.47109972e+05 7.33393036e+05
 2.07280305e+05 -5.47111307e+05 7.33393022e+05
 2.07277075e+05 -5.47112641e+05 7.33393008e+05
 2.07273904e+05 -5.47113952e+05 7.33392994e+05
 2.07270731e+05 -5.47115263e+05 7.33392980e+05
 2.07267559e+05 -5.47116573e+05 7.33392966e+05
 2.07264387e+05 -5.47117884e+05 7.33392952e+05
 2.07261273e+05 -5.47119171e+05 7.33392938e+05
 2.07258158e+05 -5.47120458e+05 7.33392925e+05
 2.07255044e+05 -5.47121744e+05 7.33392911e+05
 2.07251526e+05 -5.47123198e+05 7.33392895e+05
 2.07248008e+05 -5.47124652e+05 7.33392880e+05
 2.07244490e+05 -5.47126105e+05 7.33392864e+05
 2.07240972e+05 -5.47127559e+05 7.33392849e+05
 2.07237511e+05 -5.47128989e+05 7.33392834e+05
 2.07234051e+05 -5.47130418e+05 7.33392818e+05
 2.07230590e+05 -5.47131848e+05 7.33392803e+05
 2.07227129e+05 -5.47133278e+05 7.33392788e+05
 2.07223726e+05 -5.47134684e+05 7.33392773e+05
 2.07220324e+05 -5.47136090e+05 7.33392758e+05
 2.07216921e+05 -5.47137496e+05 7.33392743e+05
 2.07213576e+05 -5.47138879e+05 7.33392728e+05
 2.07210230e+05 -5.47140261e+05 7.33392713e+05
 2.07206885e+05 -5.47141643e+05 7.33392699e+05
 2.07203540e+05 -5.47143025e+05 7.33392684e+05
 2.07200253e+05 -5.47144383e+05 7.33392669e+05
 2.07196966e+05 -5.47145742e+05 7.33392655e+05
 2.07193679e+05 -5.47147100e+05 7.33392640e+05
 2.07190391e+05 -5.47148458e+05 7.33392626e+05
 2.07187161e+05 -5.47149793e+05 7.33392611e+05
 2.07183932e+05 -5.47151127e+05 7.33392597e+05
 2.07180701e+05 -5.47152462e+05 7.33392583e+05
 2.07177530e+05 -5.47153772e+05 7.33392569e+05
 2.07174358e+05 -5.47155083e+05 7.33392555e+05
 2.07170724e+05 -5.47156584e+05 7.33392539e+05
 2.07167149e+05 -5.47158062e+05 7.33392523e+05
 2.07163572e+05 -5.47159539e+05 7.33392507e+05
 2.07159997e+05 -5.47161017e+05 7.33392491e+05
 2.07156478e+05 -5.47162470e+05 7.33392476e+05
 2.07152961e+05 -5.47163924e+05 7.33392460e+05
 2.07149443e+05 -5.47165377e+05 7.33392445e+05
 2.07145924e+05 -5.47166831e+05 7.33392429e+05
 2.07142463e+05 -5.47168261e+05 7.33392414e+05
 2.07139004e+05 -5.47169691e+05 7.33392399e+05
 2.07135543e+05 -5.47171121e+05 7.33392383e+05
 2.07132082e+05 -5.47172550e+05 7.33392368e+05
 2.07128679e+05 -5.47173957e+05 7.33392353e+05
 2.07125277e+05 -5.47175362e+05 7.33392338e+05
 2.07121874e+05 -5.47176768e+05 7.33392323e+05
 2.07118529e+05 -5.47178150e+05 7.33392308e+05
 2.07115184e+05 -5.47179533e+05 7.33392293e+05
 2.07111839e+05 -5.47180915e+05 7.33392278e+05
 2.07108493e+05 -5.47182297e+05 7.33392263e+05
 2.07105205e+05 -5.47183656e+05 7.33392249e+05
 2.07101918e+05 -5.47185014e+05 7.33392234e+05
 2.07098632e+05 -5.47186372e+05 7.33392220e+05
 2.07095344e+05 -5.47187730e+05 7.33392205e+05
 2.07092114e+05 -5.47189065e+05 7.33392191e+05
 2.07088423e+05 -5.47190590e+05 7.33392175e+05
 2.07084788e+05 -5.47192092e+05 7.33392158e+05
 2.07081156e+05 -5.47193593e+05 7.33392142e+05
 2.07077522e+05 -5.47195094e+05 7.33392126e+05
 2.07073890e+05 -5.47196595e+05 7.33392110e+05
 2.07070314e+05 -5.47198072e+05 7.33392094e+05
 2.07066738e+05 -5.47199550e+05 7.33392078e+05
 2.07063161e+05 -5.47201028e+05 7.33392062e+05
 2.07059644e+05 -5.47202481e+05 7.33392047e+05
 2.07056124e+05 -5.47203935e+05 7.33392031e+05
 2.07052608e+05 -5.47205388e+05 7.33392016e+05
 2.07049089e+05 -5.47206842e+05 7.33392000e+05
 2.07045628e+05 -5.47208272e+05 7.33391985e+05
 2.07042167e+05 -5.47209702e+05 7.33391969e+05
 2.07038707e+05 -5.47211132e+05 7.33391954e+05
 2.07035245e+05 -5.47212562e+05 7.33391939e+05
 2.07031844e+05 -5.47213968e+05 7.33391923e+05
 2.07028442e+05 -5.47215373e+05 7.33391908e+05
 2.07025039e+05 -5.47216779e+05 7.33391893e+05
 2.07021694e+05 -5.47218162e+05 7.33391878e+05
 2.07018349e+05 -5.47219544e+05 7.33391863e+05
 2.07015003e+05 -5.47220926e+05 7.33391849e+05
 2.07011659e+05 -5.47222308e+05 7.33391834e+05
 2.07008371e+05 -5.47223666e+05 7.33391819e+05
 2.07004622e+05 -5.47225215e+05 7.33391802e+05
 2.07000932e+05 -5.47226740e+05 7.33391786e+05
 2.06997240e+05 -5.47228266e+05 7.33391770e+05
 2.06993549e+05 -5.47229791e+05 7.33391753e+05
 2.06989858e+05 -5.47231316e+05 7.33391737e+05
 2.06986224e+05 -5.47232817e+05 7.33391721e+05
 2.06982591e+05 -5.47234318e+05 7.33391704e+05
 2.06978957e+05 -5.47235820e+05 7.33391688e+05
 2.06975324e+05 -5.47237321e+05 7.33391672e+05
 2.06971748e+05 -5.47238798e+05 7.33391656e+05
 2.06968173e+05 -5.47240276e+05 7.33391640e+05
 2.06964596e+05 -5.47241754e+05 7.33391624e+05
 2.06961079e+05 -5.47243207e+05 7.33391609e+05
 2.06957560e+05 -5.47244661e+05 7.33391593e+05
 2.06954043e+05 -5.47246114e+05 7.33391577e+05
 2.06950524e+05 -5.47247568e+05 7.33391562e+05
 2.06947064e+05 -5.47248998e+05 7.33391546e+05
 2.06943603e+05 -5.47250428e+05 7.33391531e+05
 2.06940143e+05 -5.47251857e+05 7.33391515e+05
 2.06936683e+05 -5.47253287e+05 7.33391500e+05
 2.06933280e+05 -5.47254693e+05 7.33391485e+05
 2.06929877e+05 -5.47256099e+05 7.33391470e+05
 2.06926474e+05 -5.47257505e+05 7.33391454e+05
 2.06923129e+05 -5.47258887e+05 7.33391439e+05
 2.06919784e+05 -5.47260269e+05 7.33391425e+05
 2.06916439e+05 -5.47261652e+05 7.33391410e+05
 2.06913094e+05 -5.47263034e+05 7.33391395e+05
 2.06909807e+05 -5.47264392e+05 7.33391380e+05
 2.06906519e+05 -5.47265750e+05 7.33391365e+05
 2.06903232e+05 -5.47267109e+05 7.33391351e+05
 2.06899944e+05 -5.47268467e+05 7.33391336e+05
 2.06896714e+05 -5.47269801e+05 7.33391322e+05
 2.06893485e+05 -5.47271136e+05 7.33391307e+05
 2.06890255e+05 -5.47272471e+05 7.33391293e+05
 2.06887083e+05 -5.47273781e+05 7.33391279e+05
 2.06883911e+05 -5.47275092e+05 7.33391264e+05
 2.06880737e+05 -5.47276403e+05 7.33391250e+05
 2.06877565e+05 -5.47277714e+05 7.33391236e+05
 2.06874452e+05 -5.47279000e+05 7.33391222e+05
 2.06871338e+05 -5.47280287e+05 7.33391208e+05
 2.06868223e+05 -5.47281574e+05 7.33391194e+05
 2.06865109e+05 -5.47282861e+05 7.33391180e+05
 2.06862051e+05 -5.47284124e+05 7.33391167e+05
 2.06858994e+05 -5.47285387e+05 7.33391153e+05
 2.06855937e+05 -5.47286650e+05 7.33391139e+05
 2.06852940e+05 -5.47287889e+05 7.33391126e+05
 2.06849941e+05 -5.47289128e+05 7.33391113e+05
 2.06846942e+05 -5.47290367e+05 7.33391099e+05
 2.06843941e+05 -5.47291607e+05 7.33391086e+05
 2.06841000e+05 -5.47292822e+05 7.33391073e+05
 2.06837597e+05 -5.47294228e+05 7.33391057e+05
 2.06834194e+05 -5.47295634e+05 7.33391042e+05
 2.06830792e+05 -5.47297040e+05 7.33391027e+05
 2.06827448e+05 -5.47298422e+05 7.33391012e+05
 2.06824102e+05 -5.47299804e+05 7.33390997e+05
 2.06820757e+05 -5.47301186e+05 7.33390982e+05
 2.06817412e+05 -5.47302568e+05 7.33390967e+05
 2.06814124e+05 -5.47303927e+05 7.33390952e+05
 2.06810837e+05 -5.47305285e+05 7.33390938e+05
 2.06807549e+05 -5.47306644e+05 7.33390923e+05
 2.06804262e+05 -5.47308002e+05 7.33390908e+05
 2.06801033e+05 -5.47309336e+05 7.33390894e+05
 2.06797803e+05 -5.47310670e+05 7.33390879e+05
 2.06794573e+05 -5.47312005e+05 7.33390865e+05
 2.06791401e+05 -5.47313316e+05 7.33390850e+05
 2.06788227e+05 -5.47314627e+05 7.33390836e+05
 2.06785057e+05 -5.47315937e+05 7.33390822e+05
 2.06781885e+05 -5.47317248e+05 7.33390808e+05
 2.06778770e+05 -5.47318535e+05 7.33390794e+05
 2.06775656e+05 -5.47319821e+05 7.33390780e+05
 2.06772542e+05 -5.47321108e+05 7.33390766e+05
 2.06769428e+05 -5.47322395e+05 7.33390752e+05
 2.06766371e+05 -5.47323658e+05 7.33390738e+05
 2.06763314e+05 -5.47324921e+05 7.33390724e+05
 2.06760257e+05 -5.47326184e+05 7.33390711e+05
 2.06757258e+05 -5.47327423e+05 7.33390697e+05
 2.06753798e+05 -5.47328853e+05 7.33390682e+05
 2.06750337e+05 -5.47330283e+05 7.33390666e+05
 2.06746877e+05 -5.47331713e+05 7.33390651e+05
 2.06743417e+05 -5.47333142e+05 7.33390635e+05
 2.06740014e+05 -5.47334548e+05 7.33390620e+05
 2.06736611e+05 -5.47335954e+05 7.33390605e+05
 2.06733208e+05 -5.47337360e+05 7.33390589e+05
 2.06729863e+05 -5.47338742e+05 7.33390574e+05
 2.06726518e+05 -5.47340125e+05 7.33390559e+05
 2.06723173e+05 -5.47341507e+05 7.33390544e+05
 2.06719826e+05 -5.47342890e+05 7.33390529e+05
 2.06716540e+05 -5.47344248e+05 7.33390514e+05
 2.06713253e+05 -5.47345606e+05 7.33390500e+05
 2.06709964e+05 -5.47346964e+05 7.33390485e+05
 2.06706676e+05 -5.47348323e+05 7.33390470e+05
 2.06703447e+05 -5.47349657e+05 7.33390456e+05
 2.06700219e+05 -5.47350991e+05 7.33390441e+05
 2.06696989e+05 -5.47352326e+05 7.33390426e+05
 2.06693816e+05 -5.47353637e+05 7.33390412e+05
 2.06690645e+05 -5.47354947e+05 7.33390398e+05
 2.06687473e+05 -5.47356258e+05 7.33390384e+05
 2.06684300e+05 -5.47357569e+05 7.33390369e+05
 2.06681185e+05 -5.47358856e+05 7.33390355e+05
 2.06678069e+05 -5.47360143e+05 7.33390341e+05
 2.06674957e+05 -5.47361429e+05 7.33390327e+05
 2.06671439e+05 -5.47362882e+05 7.33390312e+05
 2.06667921e+05 -5.47364336e+05 7.33390296e+05
 2.06664402e+05 -5.47365790e+05 7.33390280e+05
 2.06660884e+05 -5.47367244e+05 7.33390264e+05
 2.06657423e+05 -5.47368674e+05 7.33390248e+05
 2.06653963e+05 -5.47370103e+05 7.33390233e+05
 2.06650503e+05 -5.47371533e+05 7.33390217e+05
 2.06647042e+05 -5.47372963e+05 7.33390202e+05
 2.06643639e+05 -5.47374369e+05 7.33390186e+05
 2.06640238e+05 -5.47375775e+05 7.33390171e+05
 2.06636834e+05 -5.47377181e+05 7.33390156e+05
 2.06633490e+05 -5.47378563e+05 7.33390141e+05
 2.06630144e+05 -5.47379945e+05 7.33390125e+05
 2.06626798e+05 -5.47381328e+05 7.33390110e+05
 2.06623454e+05 -5.47382710e+05 7.33390095e+05
 2.06620167e+05 -5.47384068e+05 7.33390080e+05
 2.06616879e+05 -5.47385426e+05 7.33390066e+05
 2.06613589e+05 -5.47386785e+05 7.33390051e+05
 2.06610302e+05 -5.47388144e+05 7.33390036e+05
 2.06607075e+05 -5.47389477e+05 7.33390021e+05
 2.06603845e+05 -5.47390812e+05 7.33390007e+05
 2.06600615e+05 -5.47392146e+05 7.33389992e+05
 2.06597441e+05 -5.47393458e+05 7.33389978e+05
 2.06594271e+05 -5.47394767e+05 7.33389964e+05
 2.06590638e+05 -5.47396269e+05 7.33389947e+05
 2.06587062e+05 -5.47397746e+05 7.33389931e+05
 2.06583486e+05 -5.47399224e+05 7.33389915e+05
 2.06579910e+05 -5.47400701e+05 7.33389899e+05
 2.06576390e+05 -5.47402156e+05 7.33389883e+05
 2.06572874e+05 -5.47403609e+05 7.33389867e+05
 2.06569356e+05 -5.47405062e+05 7.33389851e+05
 2.06565838e+05 -5.47406516e+05 7.33389835e+05
 2.06562376e+05 -5.47407946e+05 7.33389820e+05
 2.06558917e+05 -5.47409375e+05 7.33389804e+05
 2.06555455e+05 -5.47410806e+05 7.33389788e+05
 2.06551996e+05 -5.47412235e+05 7.33389773e+05
 2.06548592e+05 -5.47413642e+05 7.33389757e+05
 2.06545189e+05 -5.47415048e+05 7.33389742e+05
 2.06541786e+05 -5.47416454e+05 7.33389726e+05
 2.06538443e+05 -5.47417835e+05 7.33389711e+05
 2.06535096e+05 -5.47419218e+05 7.33389696e+05
 2.06531753e+05 -5.47420599e+05 7.33389681e+05
 2.06528408e+05 -5.47421982e+05 7.33389666e+05
 2.06525117e+05 -5.47423341e+05 7.33389651e+05
 2.06521833e+05 -5.47424698e+05 7.33389636e+05
 2.06518544e+05 -5.47426057e+05 7.33389621e+05
 2.06515258e+05 -5.47427415e+05 7.33389606e+05
 2.06512027e+05 -5.47428750e+05 7.33389592e+05
 2.06508334e+05 -5.47430276e+05 7.33389575e+05
 2.06504704e+05 -5.47431776e+05 7.33389559e+05
 2.06501069e+05 -5.47433278e+05 7.33389542e+05
 2.06497436e+05 -5.47434779e+05 7.33389526e+05
 2.06493801e+05 -5.47436281e+05 7.33389509e+05
 2.06490224e+05 -5.47437758e+05 7.33389493e+05
 2.06486651e+05 -5.47439235e+05 7.33389477e+05
 2.06483076e+05 -5.47440712e+05 7.33389461e+05
 2.06479557e+05 -5.47442166e+05 7.33389445e+05
 2.06476038e+05 -5.47443620e+05 7.33389429e+05
 2.06472518e+05 -5.47445074e+05 7.33389413e+05
 2.06469002e+05 -5.47446527e+05 7.33389397e+05
 2.06465542e+05 -5.47447957e+05 7.33389381e+05
 2.06462082e+05 -5.47449386e+05 7.33389365e+05
 2.06458621e+05 -5.47450817e+05 7.33389350e+05
 2.06455161e+05 -5.47452246e+05 7.33389334e+05
 2.06451757e+05 -5.47453653e+05 7.33389318e+05
 2.06448355e+05 -5.47455059e+05 7.33389303e+05
 2.06444953e+05 -5.47456464e+05 7.33389288e+05
 2.06441608e+05 -5.47457846e+05 7.33389272e+05
 2.06438263e+05 -5.47459228e+05 7.33389257e+05
 2.06434915e+05 -5.47460612e+05 7.33389242e+05
 2.06431570e+05 -5.47461994e+05 7.33389227e+05
 2.06428285e+05 -5.47463351e+05 7.33389212e+05
 2.06424536e+05 -5.47464900e+05 7.33389195e+05
 2.06420845e+05 -5.47466425e+05 7.33389178e+05
 2.06417154e+05 -5.47467950e+05 7.33389161e+05
 2.06413463e+05 -5.47469476e+05 7.33389145e+05
 2.06409769e+05 -5.47471002e+05 7.33389128e+05
 2.06406137e+05 -5.47472503e+05 7.33389111e+05
 2.06402505e+05 -5.47474003e+05 7.33389095e+05
 2.06398871e+05 -5.47475505e+05 7.33389078e+05
 2.06395238e+05 -5.47477006e+05 7.33389062e+05
 2.06391662e+05 -5.47478483e+05 7.33389045e+05
 2.06388085e+05 -5.47479961e+05 7.33389029e+05
 2.06384511e+05 -5.47481438e+05 7.33389013e+05
 2.06380992e+05 -5.47482892e+05 7.33388997e+05
 2.06377473e+05 -5.47484346e+05 7.33388981e+05
 2.06373956e+05 -5.47485799e+05 7.33388965e+05
 2.06370438e+05 -5.47487253e+05 7.33388949e+05
 2.06366976e+05 -5.47488683e+05 7.33388933e+05
 2.06363516e+05 -5.47490113e+05 7.33388917e+05
 2.06360057e+05 -5.47491542e+05 7.33388902e+05
 2.06356596e+05 -5.47492972e+05 7.33388886e+05
 2.06353192e+05 -5.47494379e+05 7.33388870e+05
 2.06349789e+05 -5.47495785e+05 7.33388855e+05
 2.06346388e+05 -5.47497190e+05 7.33388839e+05
 2.06343042e+05 -5.47498573e+05 7.33388824e+05
 2.06339696e+05 -5.47499955e+05 7.33388809e+05
 2.06336353e+05 -5.47501337e+05 7.33388794e+05
 2.06333008e+05 -5.47502719e+05 7.33388778e+05
 2.06329720e+05 -5.47504077e+05 7.33388763e+05
 2.06326431e+05 -5.47505436e+05 7.33388748e+05
 2.06323144e+05 -5.47506794e+05 7.33388733e+05
 2.06319858e+05 -5.47508152e+05 7.33388718e+05
 2.06316628e+05 -5.47509487e+05 7.33388704e+05
 2.06313399e+05 -5.47510821e+05 7.33388689e+05
 2.06310167e+05 -5.47512156e+05 7.33388674e+05
 2.06306995e+05 -5.47513467e+05 7.33388660e+05
 2.06303823e+05 -5.47514778e+05 7.33388645e+05
 2.06297479e+05 -5.47517399e+05 7.33388616e+05
 2.06294365e+05 -5.47518686e+05 7.33388602e+05
 2.06291249e+05 -5.47519973e+05 7.33388588e+05
 2.06288136e+05 -5.47521259e+05 7.33388574e+05
 2.06285021e+05 -5.47522546e+05 7.33388559e+05
 2.06281963e+05 -5.47523810e+05 7.33388546e+05
 2.06278909e+05 -5.47525072e+05 7.33388532e+05
 2.06275852e+05 -5.47526335e+05 7.33388518e+05
 2.06272852e+05 -5.47527574e+05 7.33388504e+05
 2.06269852e+05 -5.47528814e+05 7.33388490e+05
 2.06266855e+05 -5.47530053e+05 7.33388477e+05
 2.06263854e+05 -5.47531293e+05 7.33388463e+05
 2.06260914e+05 -5.47532507e+05 7.33388449e+05
 2.06257511e+05 -5.47533913e+05 7.33388434e+05
 2.06254108e+05 -5.47535319e+05 7.33388418e+05
 2.06250705e+05 -5.47536725e+05 7.33388403e+05
 2.06247362e+05 -5.47538107e+05 7.33388387e+05
 2.06244016e+05 -5.47539489e+05 7.33388372e+05
 2.06240671e+05 -5.47540872e+05 7.33388357e+05
 2.06237325e+05 -5.47542254e+05 7.33388342e+05
 2.06234038e+05 -5.47543612e+05 7.33388326e+05
 2.06230750e+05 -5.47544971e+05 7.33388311e+05
 2.06227463e+05 -5.47546329e+05 7.33388296e+05
 2.06224177e+05 -5.47547687e+05 7.33388281e+05
 2.06220947e+05 -5.47549021e+05 7.33388267e+05
 2.06217716e+05 -5.47550356e+05 7.33388252e+05
 2.06214486e+05 -5.47551691e+05 7.33388237e+05
 2.06211314e+05 -5.47553001e+05 7.33388222e+05
 2.06208142e+05 -5.47554312e+05 7.33388208e+05
 2.06204971e+05 -5.47555622e+05 7.33388193e+05
 2.06201798e+05 -5.47556933e+05 7.33388179e+05
 2.06198685e+05 -5.47558220e+05 7.33388165e+05
 2.06195570e+05 -5.47559507e+05 7.33388150e+05
 2.06192454e+05 -5.47560794e+05 7.33388136e+05
 2.06189341e+05 -5.47562080e+05 7.33388122e+05
 2.06186282e+05 -5.47563344e+05 7.33388108e+05
 2.06183228e+05 -5.47564606e+05 7.33388094e+05
 2.06180170e+05 -5.47565870e+05 7.33388080e+05
 2.06177171e+05 -5.47567109e+05 7.33388066e+05
 2.06173710e+05 -5.47568539e+05 7.33388050e+05
 2.06170250e+05 -5.47569969e+05 7.33388034e+05
 2.06166791e+05 -5.47571398e+05 7.33388018e+05
 2.06163331e+05 -5.47572828e+05 7.33388003e+05
 2.06159926e+05 -5.47574234e+05 7.33387987e+05
 2.06156524e+05 -5.47575640e+05 7.33387971e+05
 2.06153122e+05 -5.47577046e+05 7.33387956e+05
 2.06149777e+05 -5.47578428e+05 7.33387940e+05
 2.06146432e+05 -5.47579810e+05 7.33387925e+05
 2.06143085e+05 -5.47581193e+05 7.33387910e+05
 2.06139742e+05 -5.47582574e+05 7.33387894e+05
 2.06136453e+05 -5.47583933e+05 7.33387879e+05
 2.06133167e+05 -5.47585291e+05 7.33387864e+05
 2.06129878e+05 -5.47586650e+05 7.33387849e+05
 2.06126591e+05 -5.47588008e+05 7.33387834e+05
 2.06123361e+05 -5.47589343e+05 7.33387819e+05
 2.06120131e+05 -5.47590677e+05 7.33387804e+05
 2.06116903e+05 -5.47592011e+05 7.33387790e+05
 2.06113730e+05 -5.47593322e+05 7.33387775e+05
 2.06110557e+05 -5.47594633e+05 7.33387760e+05
 2.06107385e+05 -5.47595944e+05 7.33387746e+05
 2.06104213e+05 -5.47597254e+05 7.33387731e+05
 2.06101099e+05 -5.47598541e+05 7.33387717e+05
 2.06097983e+05 -5.47599829e+05 7.33387703e+05
 2.06094870e+05 -5.47601115e+05 7.33387688e+05
 2.06091350e+05 -5.47602569e+05 7.33387672e+05
 2.06087835e+05 -5.47604022e+05 7.33387656e+05
 2.06084314e+05 -5.47605477e+05 7.33387640e+05
 2.06080798e+05 -5.47606929e+05 7.33387624e+05
 2.06077337e+05 -5.47608359e+05 7.33387608e+05
 2.06073877e+05 -5.47609789e+05 7.33387592e+05
 2.06070417e+05 -5.47611219e+05 7.33387576e+05
 2.06066954e+05 -5.47612649e+05 7.33387560e+05
 2.06063552e+05 -5.47614055e+05 7.33387544e+05
 2.06060149e+05 -5.47615461e+05 7.33387529e+05
 2.06056749e+05 -5.47616866e+05 7.33387513e+05
 2.06053402e+05 -5.47618249e+05 7.33387497e+05
 2.06050058e+05 -5.47619631e+05 7.33387482e+05
 2.06046713e+05 -5.47621013e+05 7.33387467e+05
 2.06043367e+05 -5.47622395e+05 7.33387451e+05
 2.06040080e+05 -5.47623754e+05 7.33387436e+05
 2.06036793e+05 -5.47625112e+05 7.33387421e+05
 2.06033506e+05 -5.47626470e+05 7.33387406e+05
 2.06030217e+05 -5.47627829e+05 7.33387391e+05
 2.06026989e+05 -5.47629163e+05 7.33387376e+05
 2.06023757e+05 -5.47630498e+05 7.33387361e+05
 2.06020529e+05 -5.47631832e+05 7.33387346e+05
 2.06017356e+05 -5.47633143e+05 7.33387331e+05
 2.06014185e+05 -5.47634453e+05 7.33387317e+05
 2.06010549e+05 -5.47635956e+05 7.33387300e+05
 2.06006973e+05 -5.47637433e+05 7.33387284e+05
 2.06003399e+05 -5.47638910e+05 7.33387267e+05
 2.05999825e+05 -5.47640387e+05 7.33387251e+05
 2.05996305e+05 -5.47641841e+05 7.33387234e+05
 2.05992787e+05 -5.47643295e+05 7.33387218e+05
 2.05989269e+05 -5.47644748e+05 7.33387202e+05
 2.05985752e+05 -5.47646201e+05 7.33387186e+05
 2.05982290e+05 -5.47647632e+05 7.33387170e+05
 2.05978830e+05 -5.47649062e+05 7.33387154e+05
 2.05975369e+05 -5.47650492e+05 7.33387138e+05
 2.05971907e+05 -5.47651922e+05 7.33387122e+05
 2.05968506e+05 -5.47653327e+05 7.33387106e+05
 2.05965105e+05 -5.47654733e+05 7.33387090e+05
 2.05961701e+05 -5.47656139e+05 7.33387075e+05
 2.05958357e+05 -5.47657521e+05 7.33387059e+05
 2.05955010e+05 -5.47658904e+05 7.33387044e+05
 2.05951667e+05 -5.47660285e+05 7.33387028e+05
 2.05948320e+05 -5.47661668e+05 7.33387013e+05
 2.05945033e+05 -5.47663026e+05 7.33386998e+05
 2.05941745e+05 -5.47664385e+05 7.33386982e+05
 2.05938459e+05 -5.47665743e+05 7.33386967e+05
 2.05935169e+05 -5.47667102e+05 7.33386952e+05
 2.05931941e+05 -5.47668436e+05 7.33386937e+05
 2.05928248e+05 -5.47669962e+05 7.33386920e+05
 2.05924616e+05 -5.47671462e+05 7.33386903e+05
 2.05920981e+05 -5.47672964e+05 7.33386886e+05
 2.05917349e+05 -5.47674465e+05 7.33386870e+05
 2.05913716e+05 -5.47675966e+05 7.33386853e+05
 2.05910140e+05 -5.47677444e+05 7.33386836e+05
 2.05906564e+05 -5.47678921e+05 7.33386820e+05
 2.05902989e+05 -5.47680398e+05 7.33386803e+05
 2.05899469e+05 -5.47681853e+05 7.33386787e+05
 2.05895952e+05 -5.47683306e+05 7.33386771e+05
 2.05892434e+05 -5.47684760e+05 7.33386754e+05
 2.05888916e+05 -5.47686213e+05 7.33386738e+05
 2.05885455e+05 -5.47687643e+05 7.33386722e+05
 2.05881994e+05 -5.47689074e+05 7.33386706e+05
 2.05878536e+05 -5.47690502e+05 7.33386690e+05
 2.05875073e+05 -5.47691933e+05 7.33386674e+05
 2.05871671e+05 -5.47693339e+05 7.33386658e+05
 2.05868268e+05 -5.47694745e+05 7.33386642e+05
 2.05864865e+05 -5.47696151e+05 7.33386627e+05
 2.05861521e+05 -5.47697533e+05 7.33386611e+05
 2.05858177e+05 -5.47698915e+05 7.33386596e+05
 2.05854830e+05 -5.47700297e+05 7.33386580e+05
 2.05851487e+05 -5.47701679e+05 7.33386564e+05
 2.05848197e+05 -5.47703038e+05 7.33386549e+05
 2.05844451e+05 -5.47704586e+05 7.33386532e+05
 2.05840759e+05 -5.47706111e+05 7.33386515e+05
 2.05837067e+05 -5.47707637e+05 7.33386498e+05
 2.05833377e+05 -5.47709162e+05 7.33386480e+05
 2.05829683e+05 -5.47710688e+05 7.33386463e+05
 2.05826053e+05 -5.47712188e+05 7.33386446e+05
 2.05822419e+05 -5.47713689e+05 7.33386430e+05
 2.05818784e+05 -5.47715191e+05 7.33386413e+05
 2.05815151e+05 -5.47716692e+05 7.33386396e+05
 2.05811576e+05 -5.47718169e+05 7.33386379e+05
 2.05807999e+05 -5.47719647e+05 7.33386363e+05
 2.05804423e+05 -5.47721125e+05 7.33386346e+05
 2.05800906e+05 -5.47722578e+05 7.33386330e+05
 2.05797389e+05 -5.47724032e+05 7.33386313e+05
 2.05793869e+05 -5.47725486e+05 7.33386297e+05
 2.05790352e+05 -5.47726939e+05 7.33386281e+05
 2.05786891e+05 -5.47728369e+05 7.33386265e+05
 2.05783431e+05 -5.47729799e+05 7.33386248e+05
 2.05779970e+05 -5.47731229e+05 7.33386232e+05
 2.05776511e+05 -5.47732658e+05 7.33386216e+05
 2.05773106e+05 -5.47734065e+05 7.33386200e+05
 2.05769705e+05 -5.47735470e+05 7.33386185e+05
 2.05766301e+05 -5.47736877e+05 7.33386169e+05
 2.05762956e+05 -5.47738259e+05 7.33386153e+05
 2.05759611e+05 -5.47739641e+05 7.33386138e+05
 2.05756266e+05 -5.47741023e+05 7.33386122e+05
 2.05752921e+05 -5.47742406e+05 7.33386107e+05
 2.05749633e+05 -5.47743764e+05 7.33386091e+05
 2.05746346e+05 -5.47745122e+05 7.33386076e+05
 2.05743058e+05 -5.47746481e+05 7.33386061e+05
 2.05739771e+05 -5.47747839e+05 7.33386045e+05
 2.05736540e+05 -5.47749174e+05 7.33386030e+05
 2.05733311e+05 -5.47750508e+05 7.33386015e+05
 2.05730080e+05 -5.47751843e+05 7.33386000e+05
 2.05726910e+05 -5.47753153e+05 7.33385985e+05
 2.05723738e+05 -5.47754463e+05 7.33385971e+05
 2.05720564e+05 -5.47755775e+05 7.33385956e+05
 2.05717394e+05 -5.47757085e+05 7.33385941e+05
 2.05714278e+05 -5.47758372e+05 7.33385927e+05
 2.05711165e+05 -5.47759659e+05 7.33385912e+05
 2.05708051e+05 -5.47760945e+05 7.33385898e+05
 2.05704936e+05 -5.47762232e+05 7.33385883e+05
 2.05701878e+05 -5.47763496e+05 7.33385869e+05
 2.05698822e+05 -5.47764758e+05 7.33385855e+05
 2.05695764e+05 -5.47766022e+05 7.33385840e+05
 2.05692765e+05 -5.47767261e+05 7.33385826e+05
 2.05689766e+05 -5.47768500e+05 7.33385812e+05
 2.05686769e+05 -5.47769739e+05 7.33385798e+05
 2.05683769e+05 -5.47770978e+05 7.33385784e+05
 2.05680829e+05 -5.47772193e+05 7.33385771e+05
 2.05677426e+05 -5.47773599e+05 7.33385755e+05
 2.05674021e+05 -5.47775006e+05 7.33385739e+05
 2.05670620e+05 -5.47776412e+05 7.33385723e+05
 2.05667276e+05 -5.47777793e+05 7.33385707e+05
 2.05663929e+05 -5.47779176e+05 7.33385692e+05
 2.05660586e+05 -5.47780558e+05 7.33385676e+05
 2.05657240e+05 -5.47781940e+05 7.33385661e+05
 2.05653953e+05 -5.47783298e+05 7.33385645e+05
 2.05650664e+05 -5.47784657e+05 7.33385630e+05
 2.05647377e+05 -5.47786015e+05 7.33385614e+05
 2.05644091e+05 -5.47787373e+05 7.33385599e+05
 2.05640860e+05 -5.47788708e+05 7.33385584e+05
 2.05637630e+05 -5.47790043e+05 7.33385569e+05
 2.05634400e+05 -5.47791377e+05 7.33385554e+05
 2.05631230e+05 -5.47792687e+05 7.33385539e+05
 2.05628056e+05 -5.47793999e+05 7.33385524e+05
 2.05624884e+05 -5.47795309e+05 7.33385509e+05
 2.05621712e+05 -5.47796620e+05 7.33385495e+05
 2.05618598e+05 -5.47797907e+05 7.33385480e+05
 2.05615482e+05 -5.47799194e+05 7.33385465e+05
 2.05612369e+05 -5.47800480e+05 7.33385451e+05
 2.05609254e+05 -5.47801767e+05 7.33385436e+05
 2.05606198e+05 -5.47803030e+05 7.33385422e+05
 2.05603140e+05 -5.47804294e+05 7.33385408e+05
 2.05600086e+05 -5.47805556e+05 7.33385393e+05
 2.05597083e+05 -5.47806796e+05 7.33385379e+05
 2.05593626e+05 -5.47808225e+05 7.33385363e+05
 2.05590165e+05 -5.47809655e+05 7.33385347e+05
 2.05586704e+05 -5.47811085e+05 7.33385331e+05
 2.05583243e+05 -5.47812515e+05 7.33385315e+05
 2.05579841e+05 -5.47813921e+05 7.33385299e+05
 2.05576438e+05 -5.47815327e+05 7.33385283e+05
 2.05573037e+05 -5.47816732e+05 7.33385267e+05
 2.05569690e+05 -5.47818115e+05 7.33385251e+05
 2.05566344e+05 -5.47819498e+05 7.33385235e+05
 2.05563000e+05 -5.47820879e+05 7.33385220e+05
 2.05559653e+05 -5.47822262e+05 7.33385204e+05
 2.05556367e+05 -5.47823620e+05 7.33385189e+05
 2.05553080e+05 -5.47824978e+05 7.33385173e+05
 2.05549793e+05 -5.47826336e+05 7.33385158e+05
 2.05546506e+05 -5.47827694e+05 7.33385142e+05
 2.05543274e+05 -5.47829030e+05 7.33385127e+05
 2.05540046e+05 -5.47830364e+05 7.33385112e+05
 2.05536815e+05 -5.47831699e+05 7.33385097e+05
 2.05533642e+05 -5.47833010e+05 7.33385082e+05
 2.05530472e+05 -5.47834320e+05 7.33385067e+05
 2.05527299e+05 -5.47835630e+05 7.33385052e+05
 2.05524128e+05 -5.47836941e+05 7.33385038e+05
 2.05521013e+05 -5.47838228e+05 7.33385023e+05
 2.05517900e+05 -5.47839514e+05 7.33385008e+05
 2.05514783e+05 -5.47840802e+05 7.33384994e+05
 2.05511266e+05 -5.47842255e+05 7.33384977e+05
 2.05507747e+05 -5.47843709e+05 7.33384961e+05
 2.05504229e+05 -5.47845163e+05 7.33384944e+05
 2.05500712e+05 -5.47846616e+05 7.33384928e+05
 2.05497253e+05 -5.47848045e+05 7.33384911e+05
 2.05493792e+05 -5.47849476e+05 7.33384895e+05
 2.05490329e+05 -5.47850906e+05 7.33384879e+05
 2.05486870e+05 -5.47852335e+05 7.33384863e+05
 2.05483468e+05 -5.47853741e+05 7.33384847e+05
 2.05480063e+05 -5.47855148e+05 7.33384831e+05
 2.05476662e+05 -5.47856554e+05 7.33384815e+05
 2.05473317e+05 -5.47857936e+05 7.33384799e+05
 2.05469972e+05 -5.47859318e+05 7.33384783e+05
 2.05466628e+05 -5.47860699e+05 7.33384767e+05
 2.05463281e+05 -5.47862082e+05 7.33384752e+05
 2.05459995e+05 -5.47863440e+05 7.33384736e+05
 2.05456707e+05 -5.47864799e+05 7.33384721e+05
 2.05453421e+05 -5.47866157e+05 7.33384705e+05
 2.05450133e+05 -5.47867515e+05 7.33384690e+05
 2.05446902e+05 -5.47868850e+05 7.33384675e+05
 2.05443671e+05 -5.47870185e+05 7.33384660e+05
 2.05440444e+05 -5.47871518e+05 7.33384644e+05
 2.05437269e+05 -5.47872830e+05 7.33384629e+05
 2.05434100e+05 -5.47874140e+05 7.33384614e+05
 2.05430465e+05 -5.47875642e+05 7.33384597e+05
 2.05426889e+05 -5.47877119e+05 7.33384581e+05
 2.05423313e+05 -5.47878597e+05 7.33384564e+05
 2.05419738e+05 -5.47880074e+05 7.33384547e+05
 2.05416219e+05 -5.47881528e+05 7.33384530e+05
 2.05412701e+05 -5.47882982e+05 7.33384514e+05
 2.05409183e+05 -5.47884435e+05 7.33384497e+05
 2.05405665e+05 -5.47885889e+05 7.33384481e+05
 2.05402205e+05 -5.47887319e+05 7.33384464e+05
 2.05398745e+05 -5.47888748e+05 7.33384448e+05
 2.05395284e+05 -5.47890178e+05 7.33384432e+05
 2.05391823e+05 -5.47891608e+05 7.33384415e+05
 2.05388420e+05 -5.47893014e+05 7.33384399e+05
 2.05385018e+05 -5.47894420e+05 7.33384383e+05
 2.05381615e+05 -5.47895826e+05 7.33384367e+05
 2.05378270e+05 -5.47897208e+05 7.33384351e+05
 2.05374925e+05 -5.47898590e+05 7.33384336e+05
 2.05371580e+05 -5.47899973e+05 7.33384320e+05
 2.05368235e+05 -5.47901355e+05 7.33384304e+05
 2.05364947e+05 -5.47902713e+05 7.33384289e+05
 2.05361661e+05 -5.47904071e+05 7.33384273e+05
 2.05358371e+05 -5.47905430e+05 7.33384258e+05
 2.05355085e+05 -5.47906788e+05 7.33384242e+05
 2.05351855e+05 -5.47908123e+05 7.33384227e+05
 2.05348164e+05 -5.47909648e+05 7.33384209e+05
 2.05344529e+05 -5.47911150e+05 7.33384192e+05
 2.05340896e+05 -5.47912651e+05 7.33384175e+05
 2.05337262e+05 -5.47914152e+05 7.33384158e+05
 2.05333629e+05 -5.47915654e+05 7.33384141e+05
 2.05330053e+05 -5.47917131e+05 7.33384124e+05
 2.05326479e+05 -5.47918608e+05 7.33384107e+05
 2.05322903e+05 -5.47920086e+05 7.33384090e+05
 2.05319385e+05 -5.47921539e+05 7.33384074e+05
 2.05315867e+05 -5.47922993e+05 7.33384057e+05
 2.05312350e+05 -5.47924446e+05 7.33384040e+05
 2.05308832e+05 -5.47925900e+05 7.33384024e+05
 2.05305369e+05 -5.47927331e+05 7.33384007e+05
 2.05301908e+05 -5.47928760e+05 7.33383991e+05
 2.05298450e+05 -5.47930189e+05 7.33383975e+05
 2.05294987e+05 -5.47931620e+05 7.33383958e+05
 2.05291586e+05 -5.47933026e+05 7.33383942e+05
 2.05288182e+05 -5.47934432e+05 7.33383926e+05
 2.05284780e+05 -5.47935838e+05 7.33383910e+05
 2.05281434e+05 -5.47937221e+05 7.33383894e+05
 2.05278092e+05 -5.47938601e+05 7.33383878e+05
 2.05274747e+05 -5.47939984e+05 7.33383862e+05
 2.05271400e+05 -5.47941366e+05 7.33383847e+05
 2.05268113e+05 -5.47942725e+05 7.33383831e+05
 2.05264364e+05 -5.47944274e+05 7.33383813e+05
 2.05260673e+05 -5.47945799e+05 7.33383796e+05
 2.05256983e+05 -5.47947323e+05 7.33383778e+05
 2.05253290e+05 -5.47948849e+05 7.33383761e+05
 2.05249598e+05 -5.47950375e+05 7.33383743e+05
 2.05245966e+05 -5.47951876e+05 7.33383726e+05
 2.05242332e+05 -5.47953377e+05 7.33383709e+05
 2.05238700e+05 -5.47954878e+05 7.33383692e+05
 2.05235065e+05 -5.47956380e+05 7.33383674e+05
 2.05231491e+05 -5.47957856e+05 7.33383658e+05
 2.05227914e+05 -5.47959335e+05 7.33383641e+05
 2.05224337e+05 -5.47960813e+05 7.33383624e+05
 2.05220821e+05 -5.47962265e+05 7.33383607e+05
 2.05217302e+05 -5.47963719e+05 7.33383590e+05
 2.05213782e+05 -5.47965174e+05 7.33383574e+05
 2.05210266e+05 -5.47966627e+05 7.33383557e+05
 2.05206807e+05 -5.47968056e+05 7.33383541e+05
 2.05203343e+05 -5.47969487e+05 7.33383524e+05
 2.05199884e+05 -5.47970916e+05 7.33383508e+05
 2.05196424e+05 -5.47972346e+05 7.33383491e+05
 2.05193021e+05 -5.47973752e+05 7.33383475e+05
 2.05189618e+05 -5.47975158e+05 7.33383459e+05
 2.05186216e+05 -5.47976564e+05 7.33383443e+05
 2.05182871e+05 -5.47977946e+05 7.33383427e+05
 2.05179525e+05 -5.47979328e+05 7.33383411e+05
 2.05176179e+05 -5.47980711e+05 7.33383395e+05
 2.05172835e+05 -5.47982093e+05 7.33383379e+05
 2.05169546e+05 -5.47983452e+05 7.33383364e+05
 2.05166261e+05 -5.47984809e+05 7.33383348e+05
 2.05162973e+05 -5.47986168e+05 7.33383332e+05
 2.05159686e+05 -5.47987526e+05 7.33383317e+05
 2.05156454e+05 -5.47988861e+05 7.33383301e+05
 2.05153225e+05 -5.47990196e+05 7.33383286e+05
 2.05149995e+05 -5.47991530e+05 7.33383271e+05
 2.05146826e+05 -5.47992840e+05 7.33383256e+05
 2.05143652e+05 -5.47994151e+05 7.33383241e+05
 2.05140478e+05 -5.47995462e+05 7.33383225e+05
 2.05137307e+05 -5.47996773e+05 7.33383210e+05
 2.05134194e+05 -5.47998059e+05 7.33383196e+05
 2.05131079e+05 -5.47999346e+05 7.33383181e+05
 2.05127965e+05 -5.48000633e+05 7.33383166e+05
 2.05124851e+05 -5.48001919e+05 7.33383151e+05
 2.05121794e+05 -5.48003183e+05 7.33383137e+05
 2.05118737e+05 -5.48004446e+05 7.33383122e+05
 2.05115680e+05 -5.48005709e+05 7.33383108e+05
 2.05112683e+05 -5.48006947e+05 7.33383093e+05
 2.05109684e+05 -5.48008187e+05 7.33383079e+05
 2.05106682e+05 -5.48009427e+05 7.33383065e+05
 2.05103684e+05 -5.48010666e+05 7.33383050e+05
 2.05100741e+05 -5.48011881e+05 7.33383036e+05
 2.05097341e+05 -5.48013286e+05 7.33383020e+05
 2.05093939e+05 -5.48014692e+05 7.33383004e+05
 2.05090536e+05 -5.48016098e+05 7.33382988e+05
 2.05087189e+05 -5.48017481e+05 7.33382972e+05
 2.05083846e+05 -5.48018863e+05 7.33382956e+05
 2.05080501e+05 -5.48020245e+05 7.33382940e+05
 2.05077156e+05 -5.48021627e+05 7.33382924e+05
 2.05073867e+05 -5.48022986e+05 7.33382908e+05
 2.05070579e+05 -5.48024344e+05 7.33382893e+05
 2.05067292e+05 -5.48025703e+05 7.33382877e+05
 2.05064003e+05 -5.48027062e+05 7.33382861e+05
 2.05060775e+05 -5.48028395e+05 7.33382846e+05
 2.05057545e+05 -5.48029730e+05 7.33382831e+05
 2.05054315e+05 -5.48031064e+05 7.33382815e+05
 2.05051143e+05 -5.48032375e+05 7.33382800e+05
 2.05047973e+05 -5.48033685e+05 7.33382785e+05
 2.05044798e+05 -5.48034997e+05 7.33382770e+05
 2.05041627e+05 -5.48036307e+05 7.33382755e+05
 2.05038511e+05 -5.48037595e+05 7.33382740e+05
 2.05035400e+05 -5.48038880e+05 7.33382725e+05
 2.05032282e+05 -5.48040168e+05 7.33382710e+05
 2.05029169e+05 -5.48041455e+05 7.33382695e+05
 2.05026113e+05 -5.48042718e+05 7.33382681e+05
 2.05023056e+05 -5.48043981e+05 7.33382666e+05
 2.05019999e+05 -5.48045244e+05 7.33382651e+05
 2.05017000e+05 -5.48046483e+05 7.33382637e+05
 2.05013541e+05 -5.48047912e+05 7.33382621e+05
 2.05010079e+05 -5.48049342e+05 7.33382604e+05
 2.05006617e+05 -5.48050773e+05 7.33382588e+05
 2.05003158e+05 -5.48052202e+05 7.33382571e+05
 2.04999756e+05 -5.48053608e+05 7.33382555e+05
 2.04996353e+05 -5.48055014e+05 7.33382538e+05
 2.04992949e+05 -5.48056421e+05 7.33382522e+05
 2.04989604e+05 -5.48057803e+05 7.33382506e+05
 2.04986259e+05 -5.48059185e+05 7.33382490e+05
 2.04982915e+05 -5.48060567e+05 7.33382474e+05
 2.04979570e+05 -5.48061949e+05 7.33382458e+05
 2.04976281e+05 -5.48063308e+05 7.33382443e+05
 2.04972994e+05 -5.48064666e+05 7.33382427e+05
 2.04969706e+05 -5.48066024e+05 7.33382411e+05
 2.04966421e+05 -5.48067382e+05 7.33382395e+05
 2.04963190e+05 -5.48068717e+05 7.33382380e+05
 2.04959959e+05 -5.48070052e+05 7.33382364e+05
 2.04956731e+05 -5.48071386e+05 7.33382349e+05
 2.04953559e+05 -5.48072696e+05 7.33382334e+05
 2.04950385e+05 -5.48074008e+05 7.33382319e+05
 2.04947216e+05 -5.48075317e+05 7.33382303e+05
 2.04944043e+05 -5.48076628e+05 7.33382288e+05
 2.04940927e+05 -5.48077916e+05 7.33382273e+05
 2.04937815e+05 -5.48079202e+05 7.33382258e+05
 2.04934701e+05 -5.48080489e+05 7.33382244e+05
 2.04931180e+05 -5.48081943e+05 7.33382227e+05
 2.04927663e+05 -5.48083396e+05 7.33382210e+05
 2.04924145e+05 -5.48084850e+05 7.33382193e+05
 2.04920627e+05 -5.48086304e+05 7.33382176e+05
 2.04917165e+05 -5.48087734e+05 7.33382160e+05
 2.04913707e+05 -5.48089163e+05 7.33382143e+05
 2.04910247e+05 -5.48090593e+05 7.33382126e+05
 2.04906787e+05 -5.48092023e+05 7.33382110e+05
 2.04903384e+05 -5.48093429e+05 7.33382094e+05
 2.04899980e+05 -5.48094835e+05 7.33382077e+05
 2.04896578e+05 -5.48096241e+05 7.33382061e+05
 2.04893233e+05 -5.48097623e+05 7.33382045e+05
 2.04889887e+05 -5.48099005e+05 7.33382029e+05
 2.04886543e+05 -5.48100387e+05 7.33382013e+05
 2.04883195e+05 -5.48101770e+05 7.33381997e+05
 2.04879911e+05 -5.48103128e+05 7.33381981e+05
 2.04876622e+05 -5.48104487e+05 7.33381965e+05
 2.04873334e+05 -5.48105845e+05 7.33381949e+05
 2.04870048e+05 -5.48107203e+05 7.33381934e+05
 2.04866819e+05 -5.48108537e+05 7.33381918e+05
 2.04863587e+05 -5.48109872e+05 7.33381903e+05
 2.04860357e+05 -5.48111207e+05 7.33381887e+05
 2.04857186e+05 -5.48112517e+05 7.33381872e+05
 2.04854014e+05 -5.48113828e+05 7.33381857e+05
 2.04850380e+05 -5.48115329e+05 7.33381839e+05
 2.04846804e+05 -5.48116807e+05 7.33381822e+05
 2.04843227e+05 -5.48118285e+05 7.33381805e+05
 2.04839653e+05 -5.48119762e+05 7.33381788e+05
 2.04836135e+05 -5.48121216e+05 7.33381771e+05
 2.04832615e+05 -5.48122670e+05 7.33381754e+05
 2.04829097e+05 -5.48124123e+05 7.33381737e+05
 2.04825579e+05 -5.48125577e+05 7.33381720e+05
 2.04822118e+05 -5.48127007e+05 7.33381703e+05
 2.04818659e+05 -5.48128436e+05 7.33381687e+05
 2.04815198e+05 -5.48129867e+05 7.33381670e+05
 2.04811738e+05 -5.48131296e+05 7.33381653e+05
 2.04808334e+05 -5.48132702e+05 7.33381637e+05
 2.04804934e+05 -5.48134108e+05 7.33381621e+05
 2.04801529e+05 -5.48135515e+05 7.33381604e+05
 2.04798186e+05 -5.48136896e+05 7.33381588e+05
 2.04794841e+05 -5.48138278e+05 7.33381572e+05
 2.04791495e+05 -5.48139660e+05 7.33381556e+05
 2.04788149e+05 -5.48141043e+05 7.33381540e+05
 2.04784864e+05 -5.48142400e+05 7.33381524e+05
 2.04781574e+05 -5.48143760e+05 7.33381508e+05
 2.04778288e+05 -5.48145118e+05 7.33381493e+05
 2.04775000e+05 -5.48146476e+05 7.33381477e+05
 2.04771770e+05 -5.48147811e+05 7.33381461e+05
 2.04768079e+05 -5.48149336e+05 7.33381443e+05
 2.04764445e+05 -5.48150838e+05 7.33381426e+05
 2.04760814e+05 -5.48152338e+05 7.33381408e+05
 2.04757178e+05 -5.48153840e+05 7.33381391e+05
 2.04753544e+05 -5.48155342e+05 7.33381373e+05
 2.04749971e+05 -5.48156818e+05 7.33381356e+05
 2.04746394e+05 -5.48158296e+05 7.33381339e+05
 2.04742817e+05 -5.48159774e+05 7.33381322e+05
 2.04739299e+05 -5.48161228e+05 7.33381305e+05
 2.04735783e+05 -5.48162680e+05 7.33381288e+05
 2.04732264e+05 -5.48164135e+05 7.33381271e+05
 2.04728747e+05 -5.48165588e+05 7.33381254e+05
 2.04725285e+05 -5.48167018e+05 7.33381237e+05
 2.04721826e+05 -5.48168447e+05 7.33381220e+05
 2.04718364e+05 -5.48169878e+05 7.33381204e+05
 2.04714904e+05 -5.48171308e+05 7.33381187e+05
 2.04711502e+05 -5.48172713e+05 7.33381171e+05
 2.04708098e+05 -5.48174120e+05 7.33381154e+05
 2.04704696e+05 -5.48175526e+05 7.33381138e+05
 2.04701352e+05 -5.48176907e+05 7.33381122e+05
 2.04698006e+05 -5.48178290e+05 7.33381105e+05
 2.04694660e+05 -5.48179672e+05 7.33381089e+05
 2.04691317e+05 -5.48181054e+05 7.33381073e+05
 2.04688026e+05 -5.48182413e+05 7.33381057e+05
 2.04684279e+05 -5.48183962e+05 7.33381039e+05
 2.04680587e+05 -5.48185487e+05 7.33381021e+05
 2.04676898e+05 -5.48187012e+05 7.33381004e+05
 2.04673207e+05 -5.48188536e+05 7.33380986e+05
 2.04669515e+05 -5.48190062e+05 7.33380968e+05
 2.04665881e+05 -5.48191564e+05 7.33380950e+05
 2.04662246e+05 -5.48193065e+05 7.33380933e+05
 2.04658613e+05 -5.48194567e+05 7.33380915e+05
 2.04654982e+05 -5.48196067e+05 7.33380898e+05
 2.04651404e+05 -5.48197546e+05 7.33380880e+05
 2.04647829e+05 -5.48199023e+05 7.33380863e+05
 2.04644253e+05 -5.48200500e+05 7.33380846e+05
 2.04640735e+05 -5.48201954e+05 7.33380829e+05
 2.04637216e+05 -5.48203408e+05 7.33380812e+05
 2.04633699e+05 -5.48204861e+05 7.33380795e+05
 2.04630182e+05 -5.48206314e+05 7.33380778e+05
 2.04626719e+05 -5.48207745e+05 7.33380761e+05
 2.04623259e+05 -5.48209175e+05 7.33380744e+05
 2.04619798e+05 -5.48210605e+05 7.33380727e+05
 2.04616338e+05 -5.48212035e+05 7.33380711e+05
 2.04612935e+05 -5.48213441e+05 7.33380694e+05
 2.04609532e+05 -5.48214847e+05 7.33380678e+05
 2.04606130e+05 -5.48216253e+05 7.33380661e+05
 2.04602784e+05 -5.48217635e+05 7.33380645e+05
 2.04599441e+05 -5.48219017e+05 7.33380629e+05
 2.04596094e+05 -5.48220399e+05 7.33380613e+05
 2.04592749e+05 -5.48221781e+05 7.33380596e+05
 2.04589463e+05 -5.48223139e+05 7.33380580e+05
 2.04586176e+05 -5.48224497e+05 7.33380565e+05
 2.04582886e+05 -5.48225857e+05 7.33380549e+05
 2.04579602e+05 -5.48227214e+05 7.33380533e+05
 2.04576371e+05 -5.48228549e+05 7.33380517e+05
 2.04573142e+05 -5.48229883e+05 7.33380501e+05
 2.04569913e+05 -5.48231217e+05 7.33380486e+05
 2.04566738e+05 -5.48232529e+05 7.33380470e+05
 2.04563567e+05 -5.48233839e+05 7.33380455e+05
 2.04560394e+05 -5.48235150e+05 7.33380440e+05
 2.04557223e+05 -5.48236461e+05 7.33380424e+05
 2.04554110e+05 -5.48237747e+05 7.33380409e+05
 2.04550996e+05 -5.48239034e+05 7.33380394e+05
 2.04547882e+05 -5.48240321e+05 7.33380379e+05
 2.04544766e+05 -5.48241608e+05 7.33380364e+05
 2.04541708e+05 -5.48242871e+05 7.33380349e+05
 2.04538651e+05 -5.48244134e+05 7.33380334e+05
 2.04535594e+05 -5.48245398e+05 7.33380319e+05
 2.04532597e+05 -5.48246636e+05 7.33380305e+05
 2.04529597e+05 -5.48247875e+05 7.33380290e+05
 2.04526600e+05 -5.48249114e+05 7.33380276e+05
 2.04523599e+05 -5.48250354e+05 7.33380261e+05
 2.04520660e+05 -5.48251569e+05 7.33380247e+05
 2.04517255e+05 -5.48252975e+05 7.33380230e+05
 2.04513851e+05 -5.48254382e+05 7.33380214e+05
 2.04510448e+05 -5.48255788e+05 7.33380197e+05
 2.04507105e+05 -5.48257169e+05 7.33380181e+05
 2.04503760e+05 -5.48258552e+05 7.33380165e+05
 2.04500416e+05 -5.48259933e+05 7.33380148e+05
 2.04497069e+05 -5.48261316e+05 7.33380132e+05
 2.04493781e+05 -5.48262675e+05 7.33380116e+05
 2.04490495e+05 -5.48264033e+05 7.33380100e+05
 2.04487208e+05 -5.48265391e+05 7.33380084e+05
 2.04483920e+05 -5.48266749e+05 7.33380068e+05
 2.04480690e+05 -5.48268084e+05 7.33380052e+05
 2.04477459e+05 -5.48269419e+05 7.33380037e+05
 2.04474229e+05 -5.48270753e+05 7.33380021e+05
 2.04471060e+05 -5.48272063e+05 7.33380006e+05
 2.04467885e+05 -5.48273375e+05 7.33379990e+05
 2.04464713e+05 -5.48274685e+05 7.33379975e+05
 2.04461540e+05 -5.48275996e+05 7.33379959e+05
 2.04458427e+05 -5.48277283e+05 7.33379944e+05
 2.04455312e+05 -5.48278570e+05 7.33379929e+05
 2.04452198e+05 -5.48279857e+05 7.33379914e+05
 2.04449083e+05 -5.48281144e+05 7.33379899e+05
 2.04446029e+05 -5.48282406e+05 7.33379884e+05
 2.04442971e+05 -5.48283669e+05 7.33379869e+05
 2.04439916e+05 -5.48284932e+05 7.33379854e+05
 2.04436914e+05 -5.48286172e+05 7.33379839e+05
 2.04433453e+05 -5.48287602e+05 7.33379822e+05
 2.04429993e+05 -5.48289032e+05 7.33379806e+05
 2.04426534e+05 -5.48290461e+05 7.33379789e+05
 2.04423072e+05 -5.48291891e+05 7.33379772e+05
 2.04419669e+05 -5.48293297e+05 7.33379755e+05
 2.04416267e+05 -5.48294703e+05 7.33379739e+05
 2.04412864e+05 -5.48296109e+05 7.33379722e+05
 2.04409520e+05 -5.48297491e+05 7.33379706e+05
 2.04406176e+05 -5.48298873e+05 7.33379690e+05
 2.04402832e+05 -5.48300255e+05 7.33379673e+05
 2.04399485e+05 -5.48301637e+05 7.33379657e+05
 2.04396199e+05 -5.48302995e+05 7.33379641e+05
 2.04392912e+05 -5.48304354e+05 7.33379625e+05
 2.04389622e+05 -5.48305713e+05 7.33379609e+05
 2.04386337e+05 -5.48307070e+05 7.33379593e+05
 2.04383107e+05 -5.48308405e+05 7.33379577e+05
 2.04379875e+05 -5.48309740e+05 7.33379561e+05
 2.04376645e+05 -5.48311075e+05 7.33379545e+05
 2.04373474e+05 -5.48312385e+05 7.33379530e+05
 2.04370302e+05 -5.48313696e+05 7.33379515e+05
 2.04367129e+05 -5.48315007e+05 7.33379499e+05
 2.04363958e+05 -5.48316317e+05 7.33379484e+05
 2.04360842e+05 -5.48317604e+05 7.33379468e+05
 2.04357729e+05 -5.48318891e+05 7.33379453e+05
 2.04354616e+05 -5.48320177e+05 7.33379438e+05
 2.04351096e+05 -5.48321632e+05 7.33379421e+05
 2.04347580e+05 -5.48323084e+05 7.33379404e+05
 2.04344059e+05 -5.48324539e+05 7.33379386e+05
 2.04340542e+05 -5.48325992e+05 7.33379369e+05
 2.04337083e+05 -5.48327422e+05 7.33379352e+05
 2.04333622e+05 -5.48328852e+05 7.33379335e+05
 2.04330162e+05 -5.48330282e+05 7.33379318e+05
 2.04326702e+05 -5.48331711e+05 7.33379302e+05
 2.04323299e+05 -5.48333117e+05 7.33379285e+05
 2.04319895e+05 -5.48334524e+05 7.33379268e+05
 2.04316491e+05 -5.48335930e+05 7.33379252e+05
 2.04313146e+05 -5.48337313e+05 7.33379235e+05
 2.04309802e+05 -5.48338694e+05 7.33379219e+05
 2.04306456e+05 -5.48340077e+05 7.33379202e+05
 2.04303112e+05 -5.48341458e+05 7.33379186e+05
 2.04299823e+05 -5.48342817e+05 7.33379170e+05
 2.04296536e+05 -5.48344176e+05 7.33379154e+05
 2.04293248e+05 -5.48345534e+05 7.33379138e+05
 2.04289964e+05 -5.48346891e+05 7.33379122e+05
 2.04286733e+05 -5.48348226e+05 7.33379106e+05
 2.04283502e+05 -5.48349561e+05 7.33379090e+05
 2.04280274e+05 -5.48350895e+05 7.33379074e+05
 2.04277100e+05 -5.48352207e+05 7.33379059e+05
 2.04273928e+05 -5.48353517e+05 7.33379043e+05
 2.04270294e+05 -5.48355019e+05 7.33379025e+05
 2.04266718e+05 -5.48356496e+05 7.33379008e+05
 2.04263145e+05 -5.48357973e+05 7.33378990e+05
 2.04259570e+05 -5.48359450e+05 7.33378973e+05
 2.04256050e+05 -5.48360904e+05 7.33378956e+05
 2.04252531e+05 -5.48362359e+05 7.33378938e+05
 2.04249014e+05 -5.48363812e+05 7.33378921e+05
 2.04245494e+05 -5.48365266e+05 7.33378904e+05
 2.04242034e+05 -5.48366696e+05 7.33378887e+05
 2.04238576e+05 -5.48368124e+05 7.33378870e+05
 2.04235113e+05 -5.48369555e+05 7.33378853e+05
 2.04231653e+05 -5.48370985e+05 7.33378836e+05
 2.04228251e+05 -5.48372391e+05 7.33378819e+05
 2.04224848e+05 -5.48373797e+05 7.33378803e+05
 2.04221445e+05 -5.48375203e+05 7.33378786e+05
 2.04218099e+05 -5.48376585e+05 7.33378770e+05
 2.04214757e+05 -5.48377967e+05 7.33378753e+05
 2.04211412e+05 -5.48379349e+05 7.33378737e+05
 2.04208064e+05 -5.48380732e+05 7.33378720e+05
 2.04204779e+05 -5.48382089e+05 7.33378704e+05
 2.04201491e+05 -5.48383448e+05 7.33378688e+05
 2.04198203e+05 -5.48384807e+05 7.33378672e+05
 2.04194914e+05 -5.48386166e+05 7.33378656e+05
 2.04191686e+05 -5.48387499e+05 7.33378640e+05
 2.04187994e+05 -5.48389025e+05 7.33378622e+05
 2.04184361e+05 -5.48390526e+05 7.33378604e+05
 2.04180728e+05 -5.48392027e+05 7.33378586e+05
 2.04177093e+05 -5.48393529e+05 7.33378568e+05
 2.04173461e+05 -5.48395030e+05 7.33378550e+05
 2.04169887e+05 -5.48396507e+05 7.33378533e+05
 2.04166308e+05 -5.48397986e+05 7.33378515e+05
 2.04162735e+05 -5.48399462e+05 7.33378498e+05
 2.04159216e+05 -5.48400916e+05 7.33378480e+05
 2.04155696e+05 -5.48402370e+05 7.33378463e+05
 2.04152179e+05 -5.48403823e+05 7.33378446e+05
 2.04148661e+05 -5.48405277e+05 7.33378428e+05
 2.04145201e+05 -5.48406707e+05 7.33378411e+05
 2.04141741e+05 -5.48408137e+05 7.33378394e+05
 2.04138280e+05 -5.48409567e+05 7.33378377e+05
 2.04134818e+05 -5.48410997e+05 7.33378360e+05
 2.04131415e+05 -5.48412403e+05 7.33378344e+05
 2.04128013e+05 -5.48413809e+05 7.33378327e+05
 2.04124611e+05 -5.48415215e+05 7.33378310e+05
 2.04121265e+05 -5.48416597e+05 7.33378294e+05
 2.04117920e+05 -5.48417979e+05 7.33378277e+05
 2.04114576e+05 -5.48419361e+05 7.33378261e+05
 2.04111231e+05 -5.48420743e+05 7.33378244e+05
 2.04107944e+05 -5.48422102e+05 7.33378228e+05
 2.04104195e+05 -5.48423651e+05 7.33378210e+05
 2.04100502e+05 -5.48425176e+05 7.33378191e+05
 2.04096811e+05 -5.48426702e+05 7.33378173e+05
 2.04093121e+05 -5.48428226e+05 7.33378155e+05
 2.04089430e+05 -5.48429751e+05 7.33378137e+05
 2.04085797e+05 -5.48431253e+05 7.33378119e+05
 2.04082165e+05 -5.48432753e+05 7.33378101e+05
 2.04078530e+05 -5.48434255e+05 7.33378083e+05
 2.04074897e+05 -5.48435757e+05 7.33378065e+05
 2.04071321e+05 -5.48437234e+05 7.33378048e+05
 2.04067746e+05 -5.48438711e+05 7.33378030e+05
 2.04064169e+05 -5.48440189e+05 7.33378012e+05
 2.04060650e+05 -5.48441643e+05 7.33377995e+05
 2.04057133e+05 -5.48443097e+05 7.33377978e+05
 2.04053615e+05 -5.48444550e+05 7.33377960e+05
 2.04050097e+05 -5.48446004e+05 7.33377943e+05
 2.04046637e+05 -5.48447433e+05 7.33377926e+05
 2.04043176e+05 -5.48448864e+05 7.33377909e+05
 2.04039715e+05 -5.48450293e+05 7.33377892e+05
 2.04036256e+05 -5.48451723e+05 7.33377875e+05
 2.04032852e+05 -5.48453129e+05 7.33377858e+05
 2.04029448e+05 -5.48454536e+05 7.33377841e+05
 2.04026045e+05 -5.48455942e+05 7.33377824e+05
 2.04022703e+05 -5.48457323e+05 7.33377808e+05
 2.04019358e+05 -5.48458705e+05 7.33377791e+05
 2.04016010e+05 -5.48460089e+05 7.33377775e+05
 2.04012666e+05 -5.48461470e+05 7.33377758e+05
 2.04009379e+05 -5.48462828e+05 7.33377742e+05
 2.04006093e+05 -5.48464186e+05 7.33377726e+05
 2.04002804e+05 -5.48465545e+05 7.33377709e+05
 2.03999517e+05 -5.48466903e+05 7.33377693e+05
 2.03996288e+05 -5.48468237e+05 7.33377677e+05
 2.03993056e+05 -5.48469573e+05 7.33377661e+05
 2.03989827e+05 -5.48470907e+05 7.33377645e+05
 2.03986654e+05 -5.48472218e+05 7.33377629e+05
 2.03983483e+05 -5.48473528e+05 7.33377614e+05
 2.03980311e+05 -5.48474839e+05 7.33377598e+05
 2.03977139e+05 -5.48476150e+05 7.33377582e+05
 2.03974026e+05 -5.48477436e+05 7.33377567e+05
 2.03970910e+05 -5.48478723e+05 7.33377552e+05
 2.03967796e+05 -5.48480010e+05 7.33377536e+05
 2.03964680e+05 -5.48481298e+05 7.33377521e+05
 2.03961625e+05 -5.48482560e+05 7.33377506e+05
 2.03958568e+05 -5.48483823e+05 7.33377490e+05
 2.03955512e+05 -5.48485086e+05 7.33377475e+05
 2.03952514e+05 -5.48486325e+05 7.33377461e+05
 2.03949513e+05 -5.48487565e+05 7.33377446e+05
 2.03946516e+05 -5.48488803e+05 7.33377431e+05
 2.03943515e+05 -5.48490043e+05 7.33377416e+05
 2.03940574e+05 -5.48491258e+05 7.33377401e+05
 2.03937170e+05 -5.48492665e+05 7.33377385e+05
 2.03933769e+05 -5.48494070e+05 7.33377368e+05
 2.03930366e+05 -5.48495476e+05 7.33377351e+05
 2.03927019e+05 -5.48496859e+05 7.33377334e+05
 2.03923676e+05 -5.48498241e+05 7.33377318e+05
 2.03920331e+05 -5.48499623e+05 7.33377301e+05
 2.03916984e+05 -5.48501006e+05 7.33377285e+05
 2.03913699e+05 -5.48502363e+05 7.33377268e+05
 2.03910412e+05 -5.48503721e+05 7.33377252e+05
 2.03907124e+05 -5.48505080e+05 7.33377236e+05
 2.03903836e+05 -5.48506438e+05 7.33377219e+05
 2.03900605e+05 -5.48507774e+05 7.33377203e+05
 2.03897375e+05 -5.48509108e+05 7.33377187e+05
 2.03894147e+05 -5.48510442e+05 7.33377171e+05
 2.03890976e+05 -5.48511752e+05 7.33377156e+05
 2.03887802e+05 -5.48513064e+05 7.33377140e+05
 2.03884629e+05 -5.48514375e+05 7.33377124e+05
 2.03881460e+05 -5.48515684e+05 7.33377108e+05
 2.03878343e+05 -5.48516972e+05 7.33377093e+05
 2.03875228e+05 -5.48518259e+05 7.33377077e+05
 2.03872116e+05 -5.48519545e+05 7.33377062e+05
 2.03869001e+05 -5.48520832e+05 7.33377046e+05
 2.03865945e+05 -5.48522095e+05 7.33377031e+05
 2.03862888e+05 -5.48523358e+05 7.33377016e+05
 2.03859832e+05 -5.48524621e+05 7.33377001e+05
 2.03856831e+05 -5.48525861e+05 7.33376986e+05
 2.03853371e+05 -5.48527291e+05 7.33376969e+05
 2.03849911e+05 -5.48528720e+05 7.33376952e+05
 2.03846452e+05 -5.48530150e+05 7.33376934e+05
 2.03842991e+05 -5.48531580e+05 7.33376917e+05
 2.03839585e+05 -5.48532987e+05 7.33376900e+05
 2.03836184e+05 -5.48534392e+05 7.33376883e+05
 2.03832783e+05 -5.48535798e+05 7.33376867e+05
 2.03829435e+05 -5.48537181e+05 7.33376850e+05
 2.03826091e+05 -5.48538563e+05 7.33376833e+05
 2.03822746e+05 -5.48539945e+05 7.33376817e+05
 2.03819403e+05 -5.48541326e+05 7.33376800e+05
 2.03816114e+05 -5.48542685e+05 7.33376784e+05
 2.03812828e+05 -5.48544043e+05 7.33376767e+05
 2.03809539e+05 -5.48545402e+05 7.33376751e+05
 2.03806252e+05 -5.48546760e+05 7.33376735e+05
 2.03803020e+05 -5.48548095e+05 7.33376719e+05
 2.03799794e+05 -5.48549429e+05 7.33376702e+05
 2.03796562e+05 -5.48550764e+05 7.33376686e+05
 2.03793390e+05 -5.48552075e+05 7.33376671e+05
 2.03790216e+05 -5.48553386e+05 7.33376655e+05
 2.03787045e+05 -5.48554697e+05 7.33376639e+05
 2.03783874e+05 -5.48556007e+05 7.33376623e+05
 2.03780761e+05 -5.48557293e+05 7.33376608e+05
 2.03777645e+05 -5.48558580e+05 7.33376592e+05
 2.03774531e+05 -5.48559867e+05 7.33376577e+05
 2.03771013e+05 -5.48561321e+05 7.33376559e+05
 2.03767495e+05 -5.48562775e+05 7.33376542e+05
 2.03763977e+05 -5.48564228e+05 7.33376524e+05
 2.03760459e+05 -5.48565682e+05 7.33376507e+05
 2.03756997e+05 -5.48567112e+05 7.33376489e+05
 2.03753536e+05 -5.48568542e+05 7.33376472e+05
 2.03750077e+05 -5.48569971e+05 7.33376455e+05
 2.03746615e+05 -5.48571402e+05 7.33376438e+05
 2.03743213e+05 -5.48572808e+05 7.33376421e+05
 2.03739810e+05 -5.48574214e+05 7.33376404e+05
 2.03736407e+05 -5.48575620e+05 7.33376387e+05
 2.03733062e+05 -5.48577002e+05 7.33376370e+05
 2.03729718e+05 -5.48578384e+05 7.33376353e+05
 2.03726373e+05 -5.48579766e+05 7.33376337e+05
 2.03723027e+05 -5.48581149e+05 7.33376320e+05
 2.03719739e+05 -5.48582507e+05 7.33376304e+05
 2.03716451e+05 -5.48583866e+05 7.33376287e+05
 2.03713166e+05 -5.48585223e+05 7.33376271e+05
 2.03709880e+05 -5.48586581e+05 7.33376254e+05
 2.03706650e+05 -5.48587916e+05 7.33376238e+05
 2.03703417e+05 -5.48589251e+05 7.33376222e+05
 2.03700188e+05 -5.48590586e+05 7.33376206e+05
 2.03697017e+05 -5.48591896e+05 7.33376190e+05
 2.03693845e+05 -5.48593207e+05 7.33376174e+05
 2.03690213e+05 -5.48594707e+05 7.33376156e+05
 2.03686636e+05 -5.48596185e+05 7.33376138e+05
 2.03683062e+05 -5.48597662e+05 7.33376121e+05
 2.03679483e+05 -5.48599141e+05 7.33376103e+05
 2.03675968e+05 -5.48600594e+05 7.33376085e+05
 2.03672449e+05 -5.48602047e+05 7.33376067e+05
 2.03668931e+05 -5.48603501e+05 7.33376050e+05
 2.03665413e+05 -5.48604955e+05 7.33376032e+05
 2.03661950e+05 -5.48606386e+05 7.33376015e+05
 2.03658491e+05 -5.48607815e+05 7.33375998e+05
 2.03655029e+05 -5.48609245e+05 7.33375980e+05
 2.03651572e+05 -5.48610674e+05 7.33375963e+05
 2.03648169e+05 -5.48612080e+05 7.33375946e+05
 2.03644765e+05 -5.48613487e+05 7.33375929e+05
 2.03641360e+05 -5.48614893e+05 7.33375912e+05
 2.03638018e+05 -5.48616274e+05 7.33375895e+05
 2.03634673e+05 -5.48617656e+05 7.33375879e+05
 2.03631328e+05 -5.48619039e+05 7.33375862e+05
 2.03627982e+05 -5.48620421e+05 7.33375845e+05
 2.03624695e+05 -5.48621779e+05 7.33375829e+05
 2.03621407e+05 -5.48623138e+05 7.33375812e+05
 2.03618119e+05 -5.48624496e+05 7.33375796e+05
 2.03614833e+05 -5.48625854e+05 7.33375779e+05
 2.03611603e+05 -5.48627189e+05 7.33375763e+05
 2.03607910e+05 -5.48628715e+05 7.33375745e+05
 2.03604278e+05 -5.48630216e+05 7.33375726e+05
 2.03600645e+05 -5.48631717e+05 7.33375708e+05
 2.03597012e+05 -5.48633218e+05 7.33375690e+05
 2.03593376e+05 -5.48634720e+05 7.33375672e+05
 2.03589802e+05 -5.48636197e+05 7.33375654e+05
 2.03586227e+05 -5.48637674e+05 7.33375636e+05
 2.03582651e+05 -5.48639152e+05 7.33375618e+05
 2.03579130e+05 -5.48640607e+05 7.33375600e+05
 2.03575612e+05 -5.48642060e+05 7.33375583e+05
 2.03572094e+05 -5.48643514e+05 7.33375565e+05
 2.03568578e+05 -5.48644967e+05 7.33375548e+05
 2.03565115e+05 -5.48646398e+05 7.33375530e+05
 2.03561658e+05 -5.48647826e+05 7.33375513e+05
 2.03558198e+05 -5.48649256e+05 7.33375495e+05
 2.03554737e+05 -5.48650686e+05 7.33375478e+05
 2.03551331e+05 -5.48652093e+05 7.33375461e+05
 2.03547930e+05 -5.48653499e+05 7.33375444e+05
 2.03544529e+05 -5.48654904e+05 7.33375427e+05
 2.03541182e+05 -5.48656287e+05 7.33375410e+05
 2.03537836e+05 -5.48657670e+05 7.33375393e+05
 2.03534491e+05 -5.48659052e+05 7.33375377e+05
 2.03531146e+05 -5.48660434e+05 7.33375360e+05
 2.03527861e+05 -5.48661791e+05 7.33375343e+05
 2.03524111e+05 -5.48663341e+05 7.33375324e+05
 2.03520418e+05 -5.48664866e+05 7.33375306e+05
 2.03516729e+05 -5.48666391e+05 7.33375287e+05
 2.03513039e+05 -5.48667916e+05 7.33375269e+05
 2.03509346e+05 -5.48669441e+05 7.33375250e+05
 2.03505714e+05 -5.48670942e+05 7.33375232e+05
 2.03502080e+05 -5.48672444e+05 7.33375214e+05
 2.03498448e+05 -5.48673945e+05 7.33375195e+05
 2.03494811e+05 -5.48675447e+05 7.33375177e+05
 2.03491235e+05 -5.48676925e+05 7.33375159e+05
 2.03487663e+05 -5.48678401e+05 7.33375141e+05
 2.03484084e+05 -5.48679880e+05 7.33375123e+05
 2.03480566e+05 -5.48681334e+05 7.33375106e+05
 2.03477049e+05 -5.48682787e+05 7.33375088e+05
 2.03473531e+05 -5.48684240e+05 7.33375070e+05
 2.03470013e+05 -5.48685694e+05 7.33375053e+05
 2.03466553e+05 -5.48687124e+05 7.33375035e+05
 2.03463093e+05 -5.48688553e+05 7.33375018e+05
 2.03459633e+05 -5.48689983e+05 7.33375000e+05
 2.03456171e+05 -5.48691413e+05 7.33374983e+05
 2.03452768e+05 -5.48692819e+05 7.33374966e+05
 2.03449366e+05 -5.48694225e+05 7.33374949e+05
 2.03445964e+05 -5.48695631e+05 7.33374931e+05
 2.03442619e+05 -5.48697013e+05 7.33374915e+05
 2.03439273e+05 -5.48698396e+05 7.33374898e+05
 2.03435928e+05 -5.48699778e+05 7.33374881e+05
 2.03432583e+05 -5.48701160e+05 7.33374864e+05
 2.03429295e+05 -5.48702519e+05 7.33374848e+05
 2.03426008e+05 -5.48703877e+05 7.33374831e+05
 2.03422720e+05 -5.48705235e+05 7.33374814e+05
 2.03419434e+05 -5.48706593e+05 7.33374798e+05
 2.03416204e+05 -5.48707928e+05 7.33374782e+05
 2.03412972e+05 -5.48709263e+05 7.33374765e+05
 2.03409742e+05 -5.48710598e+05 7.33374749e+05
 2.03406572e+05 -5.48711908e+05 7.33374733e+05
 2.03403400e+05 -5.48713218e+05 7.33374717e+05
 2.03400226e+05 -5.48714530e+05 7.33374701e+05
 2.03397057e+05 -5.48715839e+05 7.33374685e+05
 2.03393941e+05 -5.48717127e+05 7.33374669e+05
 2.03390828e+05 -5.48718413e+05 7.33374654e+05
 2.03387712e+05 -5.48719701e+05 7.33374638e+05
 2.03384599e+05 -5.48720987e+05 7.33374622e+05
 2.03381541e+05 -5.48722251e+05 7.33374607e+05
 2.03378483e+05 -5.48723514e+05 7.33374591e+05
 2.03375426e+05 -5.48724777e+05 7.33374576e+05
 2.03372430e+05 -5.48726015e+05 7.33374561e+05
 2.03369428e+05 -5.48727256e+05 7.33374546e+05
 2.03366431e+05 -5.48728494e+05 7.33374531e+05
 2.03363430e+05 -5.48729734e+05 7.33374515e+05
 2.03360491e+05 -5.48730948e+05 7.33374501e+05
 2.03357089e+05 -5.48732354e+05 7.33374483e+05
 2.03353686e+05 -5.48733760e+05 7.33374466e+05
 2.03350283e+05 -5.48735166e+05 7.33374449e+05
 2.03346938e+05 -5.48736549e+05 7.33374432e+05
 2.03343593e+05 -5.48737931e+05 7.33374415e+05
 2.03340248e+05 -5.48739313e+05 7.33374398e+05
 2.03336903e+05 -5.48740695e+05 7.33374381e+05
 2.03333616e+05 -5.48742053e+05 7.33374365e+05
 2.03330328e+05 -5.48743412e+05 7.33374348e+05
 2.03327041e+05 -5.48744770e+05 7.33374332e+05
 2.03323753e+05 -5.48746129e+05 7.33374315e+05
 2.03320524e+05 -5.48747463e+05 7.33374299e+05
 2.03317294e+05 -5.48748798e+05 7.33374282e+05
 2.03314064e+05 -5.48750132e+05 7.33374266e+05
 2.03310892e+05 -5.48751443e+05 7.33374250e+05
 2.03307719e+05 -5.48752754e+05 7.33374234e+05
 2.03304547e+05 -5.48754065e+05 7.33374218e+05
 2.03301376e+05 -5.48755375e+05 7.33374202e+05
 2.03298262e+05 -5.48756662e+05 7.33374186e+05
 2.03295146e+05 -5.48757949e+05 7.33374170e+05
 2.03292033e+05 -5.48759235e+05 7.33374155e+05
 2.03288917e+05 -5.48760523e+05 7.33374139e+05
 2.03285862e+05 -5.48761785e+05 7.33374123e+05
 2.03282805e+05 -5.48763048e+05 7.33374108e+05
 2.03279747e+05 -5.48764312e+05 7.33374092e+05
 2.03276748e+05 -5.48765551e+05 7.33374077e+05
 2.03273288e+05 -5.48766981e+05 7.33374060e+05
 2.03269827e+05 -5.48768411e+05 7.33374042e+05
 2.03266367e+05 -5.48769841e+05 7.33374025e+05
 2.03262906e+05 -5.48771271e+05 7.33374007e+05
 2.03259505e+05 -5.48772676e+05 7.33373990e+05
 2.03256101e+05 -5.48774083e+05 7.33373973e+05
 2.03252699e+05 -5.48775488e+05 7.33373955e+05
 2.03249353e+05 -5.48776871e+05 7.33373938e+05
 2.03246009e+05 -5.48778252e+05 7.33373922e+05
 2.03242661e+05 -5.48779636e+05 7.33373905e+05
 2.03239317e+05 -5.48781018e+05 7.33373888e+05
 2.03236030e+05 -5.48782376e+05 7.33373871e+05
 2.03232741e+05 -5.48783735e+05 7.33373854e+05
 2.03229457e+05 -5.48785092e+05 7.33373838e+05
 2.03226169e+05 -5.48786451e+05 7.33373821e+05
 2.03222937e+05 -5.48787786e+05 7.33373805e+05
 2.03219707e+05 -5.48789120e+05 7.33373788e+05
 2.03216480e+05 -5.48790454e+05 7.33373772e+05
 2.03213308e+05 -5.48791765e+05 7.33373756e+05
 2.03210133e+05 -5.48793076e+05 7.33373740e+05
 2.03206964e+05 -5.48794386e+05 7.33373724e+05
 2.03203790e+05 -5.48795698e+05 7.33373707e+05
 2.03200674e+05 -5.48796985e+05 7.33373692e+05
 2.03197560e+05 -5.48798272e+05 7.33373676e+05
 2.03194446e+05 -5.48799558e+05 7.33373660e+05
 2.03190931e+05 -5.48801011e+05 7.33373642e+05
 2.03187413e+05 -5.48802465e+05 7.33373624e+05
 2.03183895e+05 -5.48803918e+05 7.33373606e+05
 2.03180376e+05 -5.48805372e+05 7.33373589e+05
 2.03176916e+05 -5.48806802e+05 7.33373571e+05
 2.03173456e+05 -5.48808232e+05 7.33373553e+05
 2.03169994e+05 -5.48809662e+05 7.33373536e+05
 2.03166535e+05 -5.48811091e+05 7.33373518e+05
 2.03163131e+05 -5.48812498e+05 7.33373501e+05
 2.03159729e+05 -5.48813903e+05 7.33373484e+05
 2.03156325e+05 -5.48815310e+05 7.33373466e+05
 2.03152981e+05 -5.48816692e+05 7.33373449e+05
 2.03149635e+05 -5.48818074e+05 7.33373432e+05
 2.03146288e+05 -5.48819457e+05 7.33373415e+05
 2.03142945e+05 -5.48820839e+05 7.33373398e+05
 2.03139657e+05 -5.48822197e+05 7.33373382e+05
 2.03136371e+05 -5.48823555e+05 7.33373365e+05
 2.03133083e+05 -5.48824914e+05 7.33373348e+05
 2.03129795e+05 -5.48826272e+05 7.33373332e+05
 2.03126565e+05 -5.48827607e+05 7.33373315e+05
 2.03123336e+05 -5.48828941e+05 7.33373299e+05
 2.03120104e+05 -5.48830276e+05 7.33373282e+05
 2.03116935e+05 -5.48831586e+05 7.33373266e+05
 2.03113763e+05 -5.48832897e+05 7.33373250e+05
 2.03110127e+05 -5.48834399e+05 7.33373231e+05
 2.03106553e+05 -5.48835876e+05 7.33373213e+05
 2.03102977e+05 -5.48837354e+05 7.33373195e+05
 2.03099401e+05 -5.48838831e+05 7.33373177e+05
 2.03095883e+05 -5.48840285e+05 7.33373159e+05
 2.03092365e+05 -5.48841738e+05 7.33373141e+05
 2.03088847e+05 -5.48843192e+05 7.33373123e+05
 2.03085330e+05 -5.48844645e+05 7.33373105e+05
 2.03081867e+05 -5.48846076e+05 7.33373088e+05
 2.03078408e+05 -5.48847506e+05 7.33373070e+05
 2.03074949e+05 -5.48848935e+05 7.33373052e+05
 2.03071486e+05 -5.48850366e+05 7.33373035e+05
 2.03068083e+05 -5.48851772e+05 7.33373017e+05
 2.03064681e+05 -5.48853177e+05 7.33373000e+05
 2.03061279e+05 -5.48854583e+05 7.33372983e+05
 2.03057932e+05 -5.48855966e+05 7.33372966e+05
 2.03054589e+05 -5.48857347e+05 7.33372949e+05
 2.03051245e+05 -5.48858729e+05 7.33372931e+05
 2.03047897e+05 -5.48860113e+05 7.33372914e+05
 2.03044612e+05 -5.48861470e+05 7.33372898e+05
 2.03041322e+05 -5.48862830e+05 7.33372881e+05
 2.03038037e+05 -5.48864187e+05 7.33372864e+05
 2.03034749e+05 -5.48865546e+05 7.33372847e+05
 2.03031520e+05 -5.48866880e+05 7.33372831e+05
 2.03027826e+05 -5.48868406e+05 7.33372812e+05
 2.03024195e+05 -5.48869906e+05 7.33372793e+05
 2.03020562e+05 -5.48871408e+05 7.33372775e+05
 2.03016929e+05 -5.48872909e+05 7.33372756e+05
 2.03013295e+05 -5.48874410e+05 7.33372738e+05
 2.03009719e+05 -5.48875888e+05 7.33372720e+05
 2.03006143e+05 -5.48877366e+05 7.33372701e+05
 2.03002565e+05 -5.48878844e+05 7.33372683e+05
 2.02999049e+05 -5.48880297e+05 7.33372665e+05
 2.02995532e+05 -5.48881750e+05 7.33372647e+05
 2.02992013e+05 -5.48883204e+05 7.33372629e+05
 2.02988493e+05 -5.48884659e+05 7.33372611e+05
 2.02985035e+05 -5.48886087e+05 7.33372593e+05
 2.02981575e+05 -5.48887517e+05 7.33372576e+05
 2.02978114e+05 -5.48888947e+05 7.33372558e+05
 2.02974653e+05 -5.48890377e+05 7.33372540e+05
 2.02971250e+05 -5.48891783e+05 7.33372523e+05
 2.02967847e+05 -5.48893189e+05 7.33372506e+05
 2.02964446e+05 -5.48894595e+05 7.33372488e+05
 2.02961099e+05 -5.48895978e+05 7.33372471e+05
 2.02957756e+05 -5.48897359e+05 7.33372454e+05
 2.02954408e+05 -5.48898743e+05 7.33372437e+05
 2.02951064e+05 -5.48900124e+05 7.33372420e+05
 2.02947778e+05 -5.48901482e+05 7.33372403e+05
 2.02944028e+05 -5.48903032e+05 7.33372384e+05
 2.02940337e+05 -5.48904557e+05 7.33372365e+05
 2.02936646e+05 -5.48906082e+05 7.33372346e+05
 2.02932956e+05 -5.48907607e+05 7.33372327e+05
 2.02929263e+05 -5.48909132e+05 7.33372308e+05
 2.02925631e+05 -5.48910633e+05 7.33372290e+05
 2.02921998e+05 -5.48912134e+05 7.33372271e+05
 2.02918365e+05 -5.48913636e+05 7.33372252e+05
 2.02914730e+05 -5.48915138e+05 7.33372234e+05
 2.02911154e+05 -5.48916615e+05 7.33372215e+05
 2.02907578e+05 -5.48918093e+05 7.33372197e+05
 2.02904003e+05 -5.48919570e+05 7.33372179e+05
 2.02900485e+05 -5.48921024e+05 7.33372161e+05
 2.02896967e+05 -5.48922477e+05 7.33372143e+05
 2.02893449e+05 -5.48923931e+05 7.33372125e+05
 2.02889930e+05 -5.48925385e+05 7.33372107e+05
 2.02886470e+05 -5.48926815e+05 7.33372089e+05
 2.02883010e+05 -5.48928244e+05 7.33372071e+05
 2.02879550e+05 -5.48929674e+05 7.33372053e+05
 2.02876089e+05 -5.48931104e+05 7.33372036e+05
 2.02872684e+05 -5.48932511e+05 7.33372018e+05
 2.02869281e+05 -5.48933917e+05 7.33372001e+05
 2.02862533e+05 -5.48936705e+05 7.33371966e+05
 2.02859190e+05 -5.48938087e+05 7.33371949e+05
 2.02855846e+05 -5.48939469e+05 7.33371932e+05
 2.02852499e+05 -5.48940851e+05 7.33371915e+05
 2.02849212e+05 -5.48942210e+05 7.33371898e+05
 2.02845925e+05 -5.48943568e+05 7.33371881e+05
 2.02842639e+05 -5.48944926e+05 7.33371864e+05
 2.02839349e+05 -5.48946285e+05 7.33371847e+05
 2.02836122e+05 -5.48947619e+05 7.33371831e+05
 2.02832890e+05 -5.48948954e+05 7.33371814e+05
 2.02829661e+05 -5.48950288e+05 7.33371797e+05
 2.02826490e+05 -5.48951599e+05 7.33371781e+05
 2.02823315e+05 -5.48952910e+05 7.33371765e+05
 2.02820146e+05 -5.48954220e+05 7.33371749e+05
 2.02816974e+05 -5.48955531e+05 7.33371732e+05
 2.02813858e+05 -5.48956818e+05 7.33371716e+05
 2.02810745e+05 -5.48958104e+05 7.33371700e+05
 2.02807629e+05 -5.48959392e+05 7.33371684e+05
 2.02804516e+05 -5.48960678e+05 7.33371668e+05
 2.02801459e+05 -5.48961942e+05 7.33371653e+05
 2.02798402e+05 -5.48963205e+05 7.33371637e+05
 2.02795345e+05 -5.48964468e+05 7.33371621e+05
 2.02792346e+05 -5.48965707e+05 7.33371606e+05
 2.02789347e+05 -5.48966946e+05 7.33371590e+05
 2.02786349e+05 -5.48968185e+05 7.33371575e+05
 2.02783349e+05 -5.48969425e+05 7.33371559e+05
 2.02780409e+05 -5.48970639e+05 7.33371544e+05
 2.02777005e+05 -5.48972046e+05 7.33371527e+05
 2.02773603e+05 -5.48973451e+05 7.33371509e+05
 2.02770197e+05 -5.48974859e+05 7.33371492e+05
 2.02766855e+05 -5.48976240e+05 7.33371475e+05
 2.02763510e+05 -5.48977622e+05 7.33371457e+05
 2.02760165e+05 -5.48979004e+05 7.33371440e+05
 2.02756819e+05 -5.48980387e+05 7.33371423e+05
 2.02753533e+05 -5.48981745e+05 7.33371406e+05
 2.02750243e+05 -5.48983104e+05 7.33371389e+05
 2.02746957e+05 -5.48984462e+05 7.33371372e+05
 2.02743671e+05 -5.48985820e+05 7.33371355e+05
 2.02740439e+05 -5.48987155e+05 7.33371339e+05
 2.02737211e+05 -5.48988489e+05 7.33371322e+05
 2.02733981e+05 -5.48989824e+05 7.33371305e+05
 2.02730809e+05 -5.48991134e+05 7.33371289e+05
 2.02727634e+05 -5.48992446e+05 7.33371273e+05
 2.02721290e+05 -5.48995067e+05 7.33371240e+05
 2.02718179e+05 -5.48996353e+05 7.33371224e+05
 2.02715065e+05 -5.48997640e+05 7.33371208e+05
 2.02711950e+05 -5.48998927e+05 7.33371192e+05
 2.02708834e+05 -5.49000214e+05 7.33371176e+05
 2.02705779e+05 -5.49001477e+05 7.33371160e+05
 2.02702722e+05 -5.49002740e+05 7.33371144e+05
 2.02699665e+05 -5.49004003e+05 7.33371128e+05
 2.02696666e+05 -5.49005242e+05 7.33371113e+05
 2.02693205e+05 -5.49006672e+05 7.33371095e+05
 2.02689742e+05 -5.49008103e+05 7.33371077e+05
 2.02686284e+05 -5.49009532e+05 7.33371059e+05
 2.02682822e+05 -5.49010963e+05 7.33371041e+05
 2.02679419e+05 -5.49012369e+05 7.33371024e+05
 2.02676019e+05 -5.49013774e+05 7.33371006e+05
 2.02672615e+05 -5.49015180e+05 7.33370989e+05
 2.02669271e+05 -5.49016562e+05 7.33370972e+05
 2.02665925e+05 -5.49017945e+05 7.33370954e+05
 2.02662581e+05 -5.49019326e+05 7.33370937e+05
 2.02659236e+05 -5.49020708e+05 7.33370920e+05
 2.02655948e+05 -5.49022067e+05 7.33370903e+05
 2.02652661e+05 -5.49023425e+05 7.33370886e+05
 2.02649374e+05 -5.49024783e+05 7.33370869e+05
 2.02646086e+05 -5.49026142e+05 7.33370852e+05
 2.02642857e+05 -5.49027476e+05 7.33370835e+05
 2.02639627e+05 -5.49028811e+05 7.33370818e+05
 2.02636396e+05 -5.49030146e+05 7.33370802e+05
 2.02633225e+05 -5.49031456e+05 7.33370785e+05
 2.02630052e+05 -5.49032767e+05 7.33370769e+05
 2.02626880e+05 -5.49034078e+05 7.33370753e+05
 2.02623708e+05 -5.49035389e+05 7.33370736e+05
 2.02620595e+05 -5.49036675e+05 7.33370720e+05
 2.02617480e+05 -5.49037962e+05 7.33370704e+05
 2.02614366e+05 -5.49039249e+05 7.33370688e+05
 2.02610846e+05 -5.49040703e+05 7.33370670e+05
 2.02607330e+05 -5.49042156e+05 7.33370651e+05
 2.02603810e+05 -5.49043610e+05 7.33370633e+05
 2.02600294e+05 -5.49045064e+05 7.33370615e+05
 2.02596832e+05 -5.49046494e+05 7.33370597e+05
 2.02593373e+05 -5.49047923e+05 7.33370579e+05
 2.02589911e+05 -5.49049354e+05 7.33370561e+05
 2.02586452e+05 -5.49050783e+05 7.33370543e+05
 2.02583046e+05 -5.49052190e+05 7.33370526e+05
 2.02579646e+05 -5.49053595e+05 7.33370508e+05
 2.02576242e+05 -5.49055002e+05 7.33370491e+05
 2.02572898e+05 -5.49056384e+05 7.33370473e+05
 2.02569552e+05 -5.49057766e+05 7.33370456e+05
 2.02566206e+05 -5.49059149e+05 7.33370439e+05
 2.02562862e+05 -5.49060530e+05 7.33370421e+05
 2.02559575e+05 -5.49061889e+05 7.33370404e+05
 2.02556287e+05 -5.49063247e+05 7.33370387e+05
 2.02552999e+05 -5.49064606e+05 7.33370370e+05
 2.02549712e+05 -5.49065964e+05 7.33370353e+05
 2.02546483e+05 -5.49067298e+05 7.33370336e+05
 2.02543254e+05 -5.49068632e+05 7.33370320e+05
 2.02540024e+05 -5.49069967e+05 7.33370303e+05
 2.02536851e+05 -5.49071278e+05 7.33370286e+05
 2.02533679e+05 -5.49072589e+05 7.33370270e+05
 2.02530046e+05 -5.49074090e+05 7.33370251e+05
 2.02526471e+05 -5.49075567e+05 7.33370233e+05
 2.02522895e+05 -5.49077045e+05 7.33370214e+05
 2.02519319e+05 -5.49078523e+05 7.33370196e+05
 2.02515799e+05 -5.49079977e+05 7.33370177e+05
 2.02512283e+05 -5.49081430e+05 7.33370159e+05
 2.02508765e+05 -5.49082883e+05 7.33370141e+05
 2.02505247e+05 -5.49084337e+05 7.33370123e+05
 2.02501787e+05 -5.49085767e+05 7.33370105e+05
 2.02498325e+05 -5.49087197e+05 7.33370087e+05
 2.02494864e+05 -5.49088627e+05 7.33370069e+05
 2.02491405e+05 -5.49090057e+05 7.33370051e+05
 2.02488003e+05 -5.49091463e+05 7.33370033e+05
 2.02484598e+05 -5.49092869e+05 7.33370015e+05
 2.02481197e+05 -5.49094275e+05 7.33369998e+05
 2.02477851e+05 -5.49095657e+05 7.33369980e+05
 2.02474507e+05 -5.49097039e+05 7.33369963e+05
 2.02471161e+05 -5.49098422e+05 7.33369946e+05
 2.02467817e+05 -5.49099803e+05 7.33369928e+05
 2.02464530e+05 -5.49101162e+05 7.33369911e+05
 2.02461241e+05 -5.49102521e+05 7.33369894e+05
 2.02457955e+05 -5.49103878e+05 7.33369877e+05
 2.02454667e+05 -5.49105237e+05 7.33369860e+05
 2.02451437e+05 -5.49106572e+05 7.33369843e+05
 2.02447746e+05 -5.49108097e+05 7.33369824e+05
 2.02444111e+05 -5.49109599e+05 7.33369805e+05
 2.02440480e+05 -5.49111099e+05 7.33369786e+05
 2.02436845e+05 -5.49112601e+05 7.33369767e+05
 2.02433212e+05 -5.49114102e+05 7.33369748e+05
 2.02429637e+05 -5.49115580e+05 7.33369730e+05
 2.02426060e+05 -5.49117058e+05 7.33369711e+05
 2.02422485e+05 -5.49118535e+05 7.33369692e+05
 2.02418966e+05 -5.49119989e+05 7.33369674e+05
 2.02415446e+05 -5.49121443e+05 7.33369656e+05
 2.02411929e+05 -5.49122896e+05 7.33369637e+05
 2.02408412e+05 -5.49124350e+05 7.33369619e+05
 2.02404951e+05 -5.49125780e+05 7.33369601e+05
 2.02401492e+05 -5.49127209e+05 7.33369583e+05
 2.02398030e+05 -5.49128639e+05 7.33369565e+05
 2.02394570e+05 -5.49130069e+05 7.33369547e+05
 2.02391168e+05 -5.49131475e+05 7.33369529e+05
 2.02387765e+05 -5.49132881e+05 7.33369512e+05
 2.02384362e+05 -5.49134287e+05 7.33369494e+05
 2.02381017e+05 -5.49135669e+05 7.33369477e+05
 2.02377672e+05 -5.49137052e+05 7.33369459e+05
 2.02374327e+05 -5.49138434e+05 7.33369442e+05
 2.02370981e+05 -5.49139816e+05 7.33369424e+05
 2.02367694e+05 -5.49141175e+05 7.33369407e+05
 2.02363945e+05 -5.49142724e+05 7.33369388e+05
 2.02360254e+05 -5.49144249e+05 7.33369368e+05
 2.02356563e+05 -5.49145774e+05 7.33369349e+05
 2.02352872e+05 -5.49147299e+05 7.33369330e+05
 2.02349182e+05 -5.49148824e+05 7.33369311e+05
 2.02345548e+05 -5.49150325e+05 7.33369292e+05
 2.02341915e+05 -5.49151827e+05 7.33369273e+05
 2.02334648e+05 -5.49154829e+05 7.33369235e+05
 2.02331072e+05 -5.49156307e+05 7.33369216e+05
 2.02327497e+05 -5.49157784e+05 7.33369197e+05
 2.02323921e+05 -5.49159262e+05 7.33369179e+05
 2.02316885e+05 -5.49162169e+05 7.33369142e+05
 2.02313367e+05 -5.49163623e+05 7.33369124e+05
 2.02309848e+05 -5.49165077e+05 7.33369105e+05
 2.02306387e+05 -5.49166507e+05 7.33369087e+05
 2.02302927e+05 -5.49167936e+05 7.33369069e+05
 2.02299467e+05 -5.49169366e+05 7.33369051e+05
 2.02296005e+05 -5.49170797e+05 7.33369033e+05
 2.02292604e+05 -5.49172202e+05 7.33369015e+05
 2.02289201e+05 -5.49173608e+05 7.33368997e+05
 2.02285799e+05 -5.49175014e+05 7.33368980e+05
 2.02282454e+05 -5.49176396e+05 7.33368962e+05
 2.02279105e+05 -5.49177780e+05 7.33368945e+05
 2.02275763e+05 -5.49179161e+05 7.33368927e+05
 2.02272418e+05 -5.49180543e+05 7.33368910e+05
 2.02269131e+05 -5.49181901e+05 7.33368893e+05
 2.02265843e+05 -5.49183260e+05 7.33368875e+05
 2.02262555e+05 -5.49184619e+05 7.33368858e+05
 2.02259267e+05 -5.49185977e+05 7.33368841e+05
 2.02256039e+05 -5.49187311e+05 7.33368824e+05
 2.02252808e+05 -5.49188646e+05 7.33368807e+05
 2.02249580e+05 -5.49189980e+05 7.33368790e+05
 2.02246408e+05 -5.49191291e+05 7.33368774e+05
 2.02243235e+05 -5.49192602e+05 7.33368757e+05
 2.02240062e+05 -5.49193913e+05 7.33368740e+05
 2.02233777e+05 -5.49196510e+05 7.33368708e+05
 2.02230661e+05 -5.49197797e+05 7.33368691e+05
 2.02227547e+05 -5.49199084e+05 7.33368675e+05
 2.02224431e+05 -5.49200372e+05 7.33368659e+05
 2.02221376e+05 -5.49201634e+05 7.33368643e+05
 2.02218320e+05 -5.49202897e+05 7.33368627e+05
 2.02215262e+05 -5.49204160e+05 7.33368611e+05
 2.02212265e+05 -5.49205399e+05 7.33368595e+05
 2.02206265e+05 -5.49207878e+05 7.33368564e+05
 2.02203267e+05 -5.49209116e+05 7.33368548e+05
 2.02200326e+05 -5.49210332e+05 7.33368532e+05
 2.02196923e+05 -5.49211738e+05 7.33368515e+05
 2.02193519e+05 -5.49213145e+05 7.33368497e+05
 2.02190117e+05 -5.49214550e+05 7.33368479e+05
 2.02186773e+05 -5.49215932e+05 7.33368461e+05
 2.02183427e+05 -5.49217314e+05 7.33368444e+05
 2.02180082e+05 -5.49218697e+05 7.33368426e+05
 2.02176737e+05 -5.49220079e+05 7.33368409e+05
 2.02173449e+05 -5.49221438e+05 7.33368391e+05
 2.02170163e+05 -5.49222795e+05 7.33368374e+05
 2.02166875e+05 -5.49224154e+05 7.33368357e+05
 2.02163587e+05 -5.49225513e+05 7.33368340e+05
 2.02160358e+05 -5.49226847e+05 7.33368323e+05
 2.02157127e+05 -5.49228182e+05 7.33368306e+05
 2.02153899e+05 -5.49229516e+05 7.33368289e+05
 2.02150727e+05 -5.49230826e+05 7.33368272e+05
 2.02144383e+05 -5.49233448e+05 7.33368239e+05
 2.02141211e+05 -5.49234759e+05 7.33368222e+05
 2.02138096e+05 -5.49236045e+05 7.33368206e+05
 2.02134982e+05 -5.49237332e+05 7.33368190e+05
 2.02131868e+05 -5.49238619e+05 7.33368173e+05
 2.02128753e+05 -5.49239906e+05 7.33368157e+05
 2.02122640e+05 -5.49242432e+05 7.33368125e+05
 2.02119582e+05 -5.49243696e+05 7.33368109e+05
 2.02116584e+05 -5.49244934e+05 7.33368093e+05
 2.02113124e+05 -5.49246364e+05 7.33368075e+05
 2.02109663e+05 -5.49247794e+05 7.33368057e+05
 2.02106201e+05 -5.49249225e+05 7.33368038e+05
 2.02102742e+05 -5.49250654e+05 7.33368020e+05
 2.02099338e+05 -5.49252061e+05 7.33368002e+05
 2.02092533e+05 -5.49254872e+05 7.33367967e+05
 2.02089188e+05 -5.49256255e+05 7.33367949e+05
 2.02085843e+05 -5.49257637e+05 7.33367931e+05
 2.02082497e+05 -5.49259019e+05 7.33367914e+05
 2.02079153e+05 -5.49260401e+05 7.33367896e+05
 2.02075866e+05 -5.49261760e+05 7.33367879e+05
 2.02072579e+05 -5.49263118e+05 7.33367862e+05
 2.02069291e+05 -5.49264476e+05 7.33367844e+05
 2.02066004e+05 -5.49265834e+05 7.33367827e+05
 2.02062773e+05 -5.49267169e+05 7.33367810e+05
 2.02056314e+05 -5.49269838e+05 7.33367776e+05
 2.02053142e+05 -5.49271149e+05 7.33367759e+05
 2.02046797e+05 -5.49273771e+05 7.33367726e+05
 2.02043625e+05 -5.49275081e+05 7.33367709e+05
 2.02040513e+05 -5.49276368e+05 7.33367693e+05
 2.02037397e+05 -5.49277655e+05 7.33367676e+05
 2.02034283e+05 -5.49278942e+05 7.33367660e+05
 2.02030765e+05 -5.49280395e+05 7.33367642e+05
 2.02023728e+05 -5.49283303e+05 7.33367604e+05
 2.02020210e+05 -5.49284757e+05 7.33367586e+05
 2.02016750e+05 -5.49286186e+05 7.33367568e+05
 2.02013290e+05 -5.49287616e+05 7.33367549e+05
 2.02009829e+05 -5.49289046e+05 7.33367531e+05
 2.02006369e+05 -5.49290476e+05 7.33367513e+05
 2.02002966e+05 -5.49291882e+05 7.33367495e+05
 2.01999564e+05 -5.49293288e+05 7.33367477e+05
 2.01996160e+05 -5.49294694e+05 7.33367459e+05
 2.01992815e+05 -5.49296076e+05 7.33367441e+05
 2.01989470e+05 -5.49297459e+05 7.33367424e+05
 2.01986125e+05 -5.49298841e+05 7.33367406e+05
 2.01982780e+05 -5.49300223e+05 7.33367389e+05
 2.01976205e+05 -5.49302940e+05 7.33367354e+05
 2.01972918e+05 -5.49304298e+05 7.33367337e+05
 2.01969631e+05 -5.49305656e+05 7.33367319e+05
 2.01966402e+05 -5.49306991e+05 7.33367302e+05
 2.01963171e+05 -5.49308326e+05 7.33367285e+05
 2.01959941e+05 -5.49309660e+05 7.33367268e+05
 2.01956769e+05 -5.49310971e+05 7.33367251e+05
 2.01949965e+05 -5.49313782e+05 7.33367215e+05
 2.01946389e+05 -5.49315260e+05 7.33367196e+05
 2.01942813e+05 -5.49316737e+05 7.33367178e+05
 2.01939237e+05 -5.49318215e+05 7.33367159e+05
 2.01935719e+05 -5.49319669e+05 7.33367140e+05
 2.01932201e+05 -5.49321123e+05 7.33367121e+05
 2.01928682e+05 -5.49322577e+05 7.33367103e+05
 2.01925164e+05 -5.49324030e+05 7.33367084e+05
 2.01921705e+05 -5.49325460e+05 7.33367066e+05
 2.01918242e+05 -5.49326890e+05 7.33367048e+05
 2.01914782e+05 -5.49328320e+05 7.33367029e+05
 2.01911322e+05 -5.49329750e+05 7.33367011e+05
 2.01907921e+05 -5.49331155e+05 7.33366993e+05
 2.01904516e+05 -5.49332562e+05 7.33366975e+05
 2.01901114e+05 -5.49333968e+05 7.33366957e+05
 2.01897770e+05 -5.49335350e+05 7.33366939e+05
 2.01894425e+05 -5.49336732e+05 7.33366922e+05
 2.01891079e+05 -5.49338115e+05 7.33366904e+05
 2.01887733e+05 -5.49339497e+05 7.33366886e+05
 2.01884446e+05 -5.49340855e+05 7.33366869e+05
 2.01881159e+05 -5.49342213e+05 7.33366852e+05
 2.01871355e+05 -5.49346264e+05 7.33366800e+05
 2.01867663e+05 -5.49347790e+05 7.33366780e+05
 2.01860396e+05 -5.49350793e+05 7.33366742e+05
 2.01856764e+05 -5.49352294e+05 7.33366722e+05
 2.01853130e+05 -5.49353795e+05 7.33366703e+05
 2.01845978e+05 -5.49356750e+05 7.33366665e+05
 2.01842403e+05 -5.49358228e+05 7.33366646e+05
 2.01831849e+05 -5.49362589e+05 7.33366590e+05
 2.01828330e+05 -5.49364043e+05 7.33366572e+05
 2.01824870e+05 -5.49365472e+05 7.33366553e+05
 2.01821410e+05 -5.49366902e+05 7.33366535e+05
 2.01817948e+05 -5.49368332e+05 7.33366517e+05
 2.01814488e+05 -5.49369762e+05 7.33366498e+05
 2.01807682e+05 -5.49372574e+05 7.33366462e+05
 2.01804279e+05 -5.49373980e+05 7.33366444e+05
 2.01800936e+05 -5.49375362e+05 7.33366426e+05
 2.01797591e+05 -5.49376744e+05 7.33366409e+05
 2.01790899e+05 -5.49379509e+05 7.33366373e+05
 2.01787613e+05 -5.49380867e+05 7.33366356e+05
 2.01783865e+05 -5.49382416e+05 7.33366336e+05
 2.01780173e+05 -5.49383941e+05 7.33366316e+05
 2.01772791e+05 -5.49386992e+05 7.33366277e+05
 2.01769099e+05 -5.49388517e+05 7.33366257e+05
 2.01765466e+05 -5.49390018e+05 7.33366238e+05
 2.01761833e+05 -5.49391520e+05 7.33366219e+05
 2.01754565e+05 -5.49394523e+05 7.33366180e+05
 2.01750991e+05 -5.49396000e+05 7.33366161e+05
 2.01747415e+05 -5.49397477e+05 7.33366142e+05
 2.01743838e+05 -5.49398955e+05 7.33366123e+05
 2.01740321e+05 -5.49400409e+05 7.33366105e+05
 2.01736801e+05 -5.49401863e+05 7.33366086e+05
 2.01733285e+05 -5.49403316e+05 7.33366067e+05
 2.01729766e+05 -5.49404770e+05 7.33366048e+05
 2.01726306e+05 -5.49406199e+05 7.33366030e+05
 2.01722846e+05 -5.49407629e+05 7.33366012e+05
 2.01719384e+05 -5.49409060e+05 7.33365993e+05
 2.01715924e+05 -5.49410489e+05 7.33365975e+05
 2.01712522e+05 -5.49411895e+05 7.33365957e+05
 2.01709118e+05 -5.49413302e+05 7.33365939e+05
 2.01705716e+05 -5.49414707e+05 7.33365920e+05
 2.01702371e+05 -5.49416090e+05 7.33365903e+05
 2.01699025e+05 -5.49417472e+05 7.33365885e+05
 2.01695681e+05 -5.49418854e+05 7.33365867e+05
 2.01682474e+05 -5.49424311e+05 7.33365797e+05
 2.01679187e+05 -5.49425670e+05 7.33365779e+05
 2.01669497e+05 -5.49429673e+05 7.33365728e+05
 2.01666325e+05 -5.49430984e+05 7.33365711e+05
 2.01656809e+05 -5.49434916e+05 7.33365660e+05
 2.01653692e+05 -5.49436204e+05 7.33365643e+05
 2.01650578e+05 -5.49437491e+05 7.33365627e+05
 2.01647466e+05 -5.49438777e+05 7.33365610e+05
 2.01641295e+05 -5.49441327e+05 7.33365577e+05
 2.01632182e+05 -5.49445092e+05 7.33365529e+05
 2.01629184e+05 -5.49446331e+05 7.33365513e+05
 2.01620244e+05 -5.49450025e+05 7.33365465e+05
 2.01616841e+05 -5.49451431e+05 7.33365447e+05
 2.01610035e+05 -5.49454244e+05 7.33365411e+05
 2.01606691e+05 -5.49455625e+05 7.33365393e+05
 2.01603346e+05 -5.49457008e+05 7.33365375e+05
 2.01600001e+05 -5.49458390e+05 7.33365357e+05
 2.01596654e+05 -5.49459773e+05 7.33365339e+05
 2.01586794e+05 -5.49463847e+05 7.33365286e+05
 2.01583505e+05 -5.49465206e+05 7.33365269e+05
 2.01580276e+05 -5.49466540e+05 7.33365252e+05
 2.01577045e+05 -5.49467875e+05 7.33365234e+05
 2.01573816e+05 -5.49469210e+05 7.33365217e+05
 2.01570645e+05 -5.49470520e+05 7.33365200e+05
 2.01561129e+05 -5.49474452e+05 7.33365149e+05
 2.01554899e+05 -5.49477026e+05 7.33365116e+05
 2.01548671e+05 -5.49479600e+05 7.33365083e+05
 2.01542558e+05 -5.49482126e+05 7.33365050e+05
 2.01529581e+05 -5.49487488e+05 7.33364981e+05
 2.01526120e+05 -5.49488918e+05 7.33364962e+05
 2.01522660e+05 -5.49490348e+05 7.33364944e+05
 2.01519256e+05 -5.49491754e+05 7.33364925e+05
 2.01512452e+05 -5.49494566e+05 7.33364889e+05
 2.01509106e+05 -5.49495948e+05 7.33364871e+05
 2.01495784e+05 -5.49501453e+05 7.33364800e+05
 2.01492496e+05 -5.49502811e+05 7.33364782e+05
 2.01489210e+05 -5.49504169e+05 7.33364764e+05
 2.01485920e+05 -5.49505529e+05 7.33364747e+05
 2.01479462e+05 -5.49508197e+05 7.33364712e+05
 2.01476233e+05 -5.49509532e+05 7.33364695e+05
 2.01473060e+05 -5.49510843e+05 7.33364678e+05
 2.01469889e+05 -5.49512153e+05 7.33364661e+05
 2.01466716e+05 -5.49513464e+05 7.33364644e+05
 2.01454201e+05 -5.49518635e+05 7.33364577e+05
 2.01440129e+05 -5.49524450e+05 7.33364501e+05
 2.01436669e+05 -5.49525880e+05 7.33364483e+05
 2.01433207e+05 -5.49527310e+05 7.33364464e+05
 2.01429747e+05 -5.49528740e+05 7.33364446e+05
 2.01426288e+05 -5.49530169e+05 7.33364427e+05
 2.01422885e+05 -5.49531576e+05 7.33364409e+05
 2.01419482e+05 -5.49532981e+05 7.33364390e+05
 2.01416080e+05 -5.49534387e+05 7.33364372e+05
 2.01412735e+05 -5.49535770e+05 7.33364354e+05
 2.01409388e+05 -5.49537152e+05 7.33364336e+05
 2.01406044e+05 -5.49538534e+05 7.33364318e+05
 2.01399412e+05 -5.49541275e+05 7.33364283e+05
 2.01396125e+05 -5.49542633e+05 7.33364265e+05
 2.01392836e+05 -5.49543992e+05 7.33364247e+05
 2.01389548e+05 -5.49545350e+05 7.33364230e+05
 2.01386320e+05 -5.49546684e+05 7.33364212e+05
 2.01383089e+05 -5.49548019e+05 7.33364195e+05
 2.01379860e+05 -5.49549354e+05 7.33364178e+05
 2.01376687e+05 -5.49550665e+05 7.33364161e+05
 2.01366307e+05 -5.49554954e+05 7.33364105e+05
 2.01355637e+05 -5.49559363e+05 7.33364047e+05
 2.01348601e+05 -5.49562270e+05 7.33364010e+05
 2.01345083e+05 -5.49563724e+05 7.33363991e+05
 2.01338162e+05 -5.49566583e+05 7.33363953e+05
 2.01334702e+05 -5.49568013e+05 7.33363935e+05
 2.01331241e+05 -5.49569443e+05 7.33363916e+05
 2.01327838e+05 -5.49570850e+05 7.33363898e+05
 2.01324436e+05 -5.49572255e+05 7.33363879e+05
 2.01321032e+05 -5.49573662e+05 7.33363861e+05
 2.01317687e+05 -5.49575044e+05 7.33363843e+05
 2.01314342e+05 -5.49576426e+05 7.33363825e+05
 2.01304365e+05 -5.49580549e+05 7.33363771e+05
 2.01297790e+05 -5.49583265e+05 7.33363736e+05
 2.01287582e+05 -5.49587483e+05 7.33363681e+05
 2.01276681e+05 -5.49591988e+05 7.33363622e+05
 2.01265896e+05 -5.49596444e+05 7.33363564e+05
 2.01262322e+05 -5.49597921e+05 7.33363545e+05
 2.01258802e+05 -5.49599376e+05 7.33363526e+05
 2.01255285e+05 -5.49600829e+05 7.33363507e+05
 2.01251767e+05 -5.49602283e+05 7.33363488e+05
 2.01227602e+05 -5.49612268e+05 7.33363357e+05
 2.01220853e+05 -5.49615057e+05 7.33363321e+05
 2.01210818e+05 -5.49619203e+05 7.33363267e+05
 2.01192708e+05 -5.49626686e+05 7.33363169e+05
 2.01181751e+05 -5.49631214e+05 7.33363109e+05
 2.01167333e+05 -5.49637171e+05 7.33363031e+05
 2.01142764e+05 -5.49647324e+05 7.33362899e+05
 2.01139304e+05 -5.49648753e+05 7.33362880e+05
 2.01135843e+05 -5.49650183e+05 7.33362861e+05
 2.01125634e+05 -5.49654402e+05 7.33362806e+05
 2.01086243e+05 -5.49670679e+05 7.33362592e+05
 2.01083072e+05 -5.49671989e+05 7.33362575e+05
 2.01058157e+05 -5.49682284e+05 7.33362440e+05
 2.01052100e+05 -5.49684787e+05 7.33362407e+05
 2.01049101e+05 -5.49686026e+05 7.33362391e+05
 2.01033356e+05 -5.49692532e+05 7.33362305e+05
 2.01026608e+05 -5.49695320e+05 7.33362268e+05
 2.01006711e+05 -5.49703542e+05 7.33362160e+05
 2.00993735e+05 -5.49708904e+05 7.33362090e+05
 2.00981047e+05 -5.49714146e+05 7.33362021e+05
 2.00974817e+05 -5.49716721e+05 7.33361987e+05
 2.00949497e+05 -5.49727183e+05 7.33361849e+05
 2.00946039e+05 -5.49728612e+05 7.33361830e+05
 2.00942578e+05 -5.49730042e+05 7.33361811e+05
 2.00935774e+05 -5.49732854e+05 7.33361774e+05
 2.00932370e+05 -5.49734261e+05 7.33361756e+05
 2.00925681e+05 -5.49737024e+05 7.33361719e+05
 2.00909128e+05 -5.49743864e+05 7.33361629e+05
 2.00905840e+05 -5.49745223e+05 7.33361611e+05
 2.00896150e+05 -5.49749227e+05 7.33361558e+05
 2.00889806e+05 -5.49751848e+05 7.33361524e+05
 2.00856586e+05 -5.49765575e+05 7.33361342e+05
 2.00853128e+05 -5.49767004e+05 7.33361323e+05
 2.00849667e+05 -5.49768434e+05 7.33361304e+05
 2.00842803e+05 -5.49771270e+05 7.33361267e+05
 2.00839400e+05 -5.49772677e+05 7.33361248e+05
 2.00835997e+05 -5.49774083e+05 7.33361230e+05
 2.00832653e+05 -5.49775465e+05 7.33361211e+05
 2.00829308e+05 -5.49776847e+05 7.33361193e+05
 2.00816042e+05 -5.49782328e+05 7.33361121e+05
 2.00809467e+05 -5.49785045e+05 7.33361085e+05
 2.00751161e+05 -5.49809138e+05 7.33360766e+05
 2.00747758e+05 -5.49810544e+05 7.33360747e+05
 2.00737607e+05 -5.49814738e+05 7.33360691e+05
 2.00714422e+05 -5.49824319e+05 7.33360564e+05
 2.00644117e+05 -5.49853369e+05 7.33360178e+05
 2.00525598e+05 -5.49902343e+05 7.33359525e+05
 2.00519023e+05 -5.49905059e+05 7.33359489e+05
 2.00481132e+05 -5.49920717e+05 7.33359280e+05
