 210844.6703388  -545546.74809214  733451.28467357
 210559.07295568 -545652.084421    733451.17023728
 210474.82093961 -545683.15898376  733451.13398353
 210374.35586504 -545720.21342104  733451.08926754
 210302.22476673 -545746.81748689  733451.056166  
 210292.03417082 -545750.57607913  733451.05142229
 210285.30440427 -545753.05821575  733451.04828048
 210281.96717176 -545754.28908562  733451.04671979
 210275.29270298 -545756.75082719  733451.04359305
 210265.45664396 -545760.3786568   733451.03897224
 210232.37704446 -545772.57939435  733451.02331835
 210204.39111615 -545782.90143778  733451.00993808
 210197.59955327 -545785.40636892  733451.00667206
 210184.13352215 -545790.37304333  733451.00017452
 210128.80570039 -545810.77960335  733450.97317335
 210097.716734   -545822.24615133  733450.95778617
 210084.30925168 -545827.19123576  733450.95110253
 210080.96846977 -545828.42341742  733450.94943265
 210077.69392875 -545829.63116729  733450.94779415
 210073.94626477 -545831.01341926  733450.94591681
 210066.56981863 -545833.73407586  733450.94221514
 210062.87863495 -545835.09549642  733450.94035952
 210026.98844055 -545848.33289067  733450.92220336
 210023.47586134 -545849.62843688  733450.92041534
 210019.96268662 -545850.92420283  733450.91862502
 210013.05284236 -545853.47276405  733450.91509801
 210009.60265784 -545854.74529743  733450.91333406
 209988.87579519 -545862.38999742  733450.90269709
 209985.12961335 -545863.77170384  733450.90076723
 209981.38194966 -545865.15395693  733450.89883434
 209966.51047924 -545870.63901093  733450.89114211
 209955.50375477 -545874.69862849  733450.88542611
 209948.24351836 -545877.37642691  733450.8816451 
 209941.10125667 -545880.01071234  733450.87791732
 209930.44494194 -545883.94108924  733450.87234022
 209916.45257153 -545889.1019067   733450.86498956
 209912.99765239 -545890.37618725  733450.86316977
 209902.75176227 -545894.15518801  733450.8577617 
 209866.3349389  -545907.5868398   733450.83840386
 209859.89259259 -545909.96297689  733450.83495725
 209853.57207649 -545912.29417964  733450.83156935
 209847.24831046 -545914.62658088  733450.82817332
 209841.04192981 -545916.9156872   733450.82483408
 209834.89469308 -545919.18297924  733450.82152061
 209822.77526868 -545923.65300043  733450.81497027
 209815.86661126 -545926.20112882  733450.81122572
 209812.41228259 -545927.47519315  733450.80935058
 209798.82915996 -545932.48507281  733450.80195866
 209782.20213477 -545938.61764008  733450.79287001
 209778.92286047 -545939.82713895  733450.79107228
 209772.42432986 -545942.22400083  733450.78750461
 209750.11727263 -545950.45154372  733450.7752067 
 209743.91178116 -545952.74032409  733450.77177144
 209740.80874077 -545953.88482311  733450.77005132
 209730.73790571 -545957.59926402  733450.76445815
 209713.34916762 -545964.01277893  733450.75476249
 209709.95338685 -545965.26524984  733450.75286342
 209703.16241627 -545967.7699744   733450.74906005
 209699.76574844 -545969.02277302  733450.74715492
 209696.42674187 -545970.25430412  733450.74528035
 209689.75405149 -545972.71540325  733450.74152885
 209686.41711774 -545973.94617025  733450.73965007
 209666.9212437  -545981.13686633  733450.72863787
 209660.53863257 -545983.4909759   733450.72501944
 209657.37379251 -545984.65826937  733450.72322282
 209654.2154539  -545985.823165    733450.72142828
 209647.06935629 -545988.45887287  733450.71736204
 209643.50118359 -545989.77492841  733450.71532863
 209639.93005715 -545991.09207328  733450.71329152
 209636.41688362 -545992.38784355  733450.71128545
 209625.87855334 -545996.27471559  733450.70525607
 209622.42422523 -545997.54878194  733450.70327584
 209615.5152705  -546000.0970247   733450.69930951
 209612.11949004 -546001.34949688  733450.69735724
 209608.72400811 -546002.60185895  733450.6954033 
 209601.93244723 -546005.10680361  733450.69148951
 209598.59491821 -546006.33779094  733450.68956348
 209591.92045419 -546008.79954695  733450.6857064 
 209588.58322217 -546010.03042474  733450.6837752 
 209582.0258542  -546012.44899191  733450.67997536
 209572.30748577 -546016.03343768  733450.67433111
 209568.61482948 -546017.39540753  733450.67218254
 209564.98840564 -546018.73294906  733450.67007036
 209561.35902346 -546020.07158174  733450.66795435
 209557.72846254 -546021.41064903  733450.66583555
 209554.15703864 -546022.72790499  733450.6637492 
 209550.58561551 -546024.04516064  733450.6616608 
 209547.01478098 -546025.36219908  733450.65957072
 209539.92989226 -546027.97533391  733450.65541773
 209532.90414133 -546030.56665708  733450.65129146
 209515.6325015  -546036.93699432  733450.64111414
 209512.23672289 -546038.1894672   733450.63910755
 209508.84094351 -546039.44194037  733450.63709911
 209505.44161488 -546040.69572245  733450.63508673
 209498.77069911 -546043.15617176  733450.63113222
 209495.43346814 -546044.3870503   733450.62915124
 209492.09623643 -546045.61792933  733450.62716847
 209488.81814093 -546046.82699695  733450.6252191 
 209485.07048425 -546048.20925396  733450.62298841
 209477.69403504 -546050.92992728  733450.61859117
 209474.00433742 -546052.29080726  733450.61638841
 209470.31640716 -546053.65103556  733450.61418452
 209466.68436313 -546054.99065115  733450.6120119 
 209463.05616689 -546056.32884754  733450.60983949
 209459.42708205 -546057.66737196  733450.60766441
 209452.28394556 -546060.30199271  733450.60337705
 209445.14079909 -546062.93661696  733450.59908155
 209441.62762693 -546064.23238919  733450.59696591
 209438.11563813 -546065.52772499  733450.594849  
 209434.60217362 -546066.82360502  733450.59272923
 209431.08899917 -546068.11937801  733450.59060767
 209427.63467318 -546069.39344593  733450.58851971
 209424.18123204 -546070.66718764  733450.58643037
 209420.7269053  -546071.94125578  733450.5843386 
 209417.33112542 -546073.19373009  733450.58228042
 209413.93475696 -546074.44642168  733450.58022001
 209410.53927564 -546075.69878601  733450.57815831
 209407.14112603 -546076.9521344   733450.57609314
 209400.00035194 -546079.58588508  733450.57174743
 209396.25328493 -546080.96792588  733450.56946379
 209392.5068073  -546082.34974934  733450.56717825
 209388.75915019 -546083.73200784  733450.56488975
 209385.01178546 -546085.11415858  733450.56259917
 209381.3232661  -546086.47460512  733450.56034238
 209377.6347483  -546087.83505131  733450.5580834 
 209373.9462282  -546089.19549828  733450.55582225
 209370.25770966 -546090.55594481  733450.55355892
 209366.62773872 -546091.89479705  733450.55132938
 209359.36868404 -546094.57217467  733450.54686452
 209355.79696991 -546095.88953993  733450.54466456
 209352.22495037 -546097.20701816  733450.54246236
 209345.08210461 -546099.84153417  733450.53805259
 209341.56922974 -546101.13719787  733450.53588084
 209338.05665345 -546102.43275167  733450.5337073 
 209334.5443664  -546103.72819847  733450.53153198
 209331.03090298 -546105.02407944  733450.52935395
 209327.57627725 -546106.2982592   733450.52721045
 209324.12195006 -546107.57232887  733450.52506524
 209320.66762362 -546108.84639812  733450.52291813
 209317.27184405 -546110.09887361  733450.52080552
 209313.87636225 -546111.35123926  733450.51869127
 209310.48028494 -546112.60382463  733450.51657479
 209307.08450615 -546113.85629978  733450.51445666
 209300.41004384 -546116.31806183  733450.51028805
 209297.07281269 -546117.54894275  733450.50820109
 209293.73558081 -546118.77982425  733450.50611231
 209290.45689806 -546119.98911085  733450.50405845
 209287.17821454 -546121.19839763  733450.50200289
 209283.89953103 -546122.40768445  733450.4999456 
 209280.67939594 -546123.595377    733450.49792335
 209277.45926236 -546124.7830688   733450.49589946
 209274.23942427 -546125.97065177  733450.49387408
 209271.01928842 -546127.15834467  733450.49184686
 209264.69581568 -546129.49065056  733450.48786115
 209261.53422825 -546130.65674908  733450.48586596
 209258.37293855 -546131.82273739  733450.48386939
 209255.26960173 -546132.96735116  733450.48190783
 209252.1665619  -546134.11185521  733450.47994494
 209249.06352206 -546135.25635918  733450.47798051
 209246.01903062 -546136.37926877  733450.47605163
 209242.97453996 -546137.50217794  733450.47412129
 209239.93004931 -546138.62508736  733450.47218944
 209236.88555636 -546139.74799765  733450.47025611
 209233.89961331 -546140.84931265  733450.46835854
 209230.44528719 -546142.12338321  733450.46616149
 209226.99095872 -546143.39745425  733450.46396258
 209223.53693036 -546144.67141498  733450.46176191
 209220.14085254 -546145.92400137  733450.45959632
 209216.74507405 -546147.17647772  733450.45742906
 209213.34929555 -546148.42895401  733450.45525996
 209209.95351709 -546149.68143043  733450.453089  
 209206.6168825  -546150.91209247  733450.45095407
 209203.27905456 -546152.14319459  733450.44881661
 209199.94182449 -546153.37407651  733450.44667772
 209196.60459289 -546154.60495906  733450.44453704
 209193.32591042 -546155.81424648  733450.44243221
 209190.04752496 -546157.02342469  733450.44032582
 209186.76854398 -546158.23282242  733450.43821734
 209183.54840916 -546159.42051588  733450.43614502
 209180.32827355 -546160.60820952  733450.43407104
 209177.1081395  -546161.79590259  733450.43199541
 209173.88800393 -546162.98359639  733450.42991811
 209170.72641671 -546164.14969552  733450.42787697
 209167.56482952 -546165.31579466  733450.42583423
 209164.40324233 -546166.48189395  733450.42378989
 209161.24165593 -546167.64799302  733450.42174394
 209155.03587533 -546169.93689296  733450.41772336
 209151.93313509 -546171.08128781  733450.41571084
 209148.88804683 -546172.20441824  733450.41373425
 209145.37576965 -546173.49986407  733450.41145253
 209141.86259611 -546174.79564043  733450.40916826
 209138.34942413 -546176.09141622  733450.40688203
 209134.83654915 -546177.38708261  733450.40459399
 209131.38193093 -546178.66126189  733450.40234199
 209127.92789672 -546179.9352259   733450.40008844
 209124.47357011 -546181.20929768  733450.39783281
 209121.07779037 -546182.46177556  733450.39561353
 209117.68231069 -546183.71414274  733450.39339261
 209114.28683028 -546184.9665104   733450.39116983
 209110.89045581 -546186.21920775  733450.38894462
 209107.55293362 -546187.45019818  733450.3867562 
 209104.21629242 -546188.68086409  733450.38456654
 209100.87876487 -546189.91185676  733450.38237453
 209097.54124196 -546191.14284786  733450.38018073
 209094.26284984 -546192.35202933  733450.37802408
 209090.98476396 -546193.56109807  733450.3758659 
 209087.70548474 -546194.77060701  733450.37370521
 209084.48534943 -546195.95830174  733450.37158181
 209081.26521564 -546197.1459957   733450.36945677
 209078.04537812 -546198.33358079  733450.36733023
 209074.82494507 -546199.52138543  733450.36520166
 209071.6630673  -546200.6875928   733450.36311018
 209068.50177199 -546201.85358546  733450.36101748
 209065.34078217 -546203.01946576  733450.35892336
 209061.76847192 -546204.33705459  733450.35655485
 209058.19793669 -546205.65398885  733450.35418548
 209054.62562803 -546206.97157747  733450.35181287
 209051.05509282 -546208.28851159  733450.34943942
 209047.54133176 -546209.58450601  733450.34710169
 209044.02845706 -546210.88017332  733450.34476259
 209040.51558237 -546212.17584055  733450.34242151
 209037.00270923 -546213.47150756  733450.34007845
 209033.54838294 -546214.74558043  733450.33777251
 209030.09405664 -546216.01965336  733450.33546467
 209026.63973113 -546217.29372608  733450.33315491
 209023.24424327 -546218.54609734  733450.33088264
 209016.4523951  -546221.05116189  733450.32633198
 209013.05454523 -546222.30440473  733450.32405256
 209009.71967777 -546223.53441721  733450.32181363
 209006.38215666 -546224.76540869  733450.31957112
 209003.0449264  -546225.99629296  733450.31732702
 208999.70798543 -546227.22707043  733450.31508134
 208996.4290127  -546228.43646725  733450.31287294
 208993.15033007 -546229.64575733  733450.31066299
 208989.87223834 -546230.85482957  733450.30845172
 208986.65151395 -546232.04274258  733450.30627749
 208983.43137968 -546233.23043791  733450.304102  
 208979.74286165 -546234.59088941  733450.30160801
 208976.11318281 -546235.92963885  733450.2991517 
 208972.48292156 -546237.26860327  733450.29669288
 208968.85295193 -546238.60746014  733450.29423214
 208965.28211924 -546239.92450536  733450.29180944
 208961.71040023 -546241.24187755  733450.28938409
 208958.13868739 -546242.55924758  733450.28695669
 208954.567557   -546243.87640283  733450.28452765
 208951.05439175 -546245.17217831  733450.28213607
 208947.54240525 -546246.46751937  733450.27974328
 208944.02864296 -546247.76351525  733450.27734733
 208940.51577014 -546249.05918333  733450.27494999
 208937.06144335 -546250.33325732  733450.27259071
 208933.60711735 -546251.60733131  733450.27022949
 208930.15279214 -546252.8814051   733450.26786637
 208926.75701453 -546254.13388461  733450.26554142
 208923.36123539 -546255.38636464  733450.26321464
 208919.96545854 -546256.63884367  733450.26088603
 208916.56967939 -546257.89132357  733450.25855557
 208913.2324502  -546259.12220866  733450.25626347
 208909.8952202  -546260.35309372  733450.25396961
 208906.55799022 -546261.58397904  733450.25167395
 208903.22076104 -546262.81486413  733450.2493765 
 208899.94207789 -546264.02415523  733450.24711764
 208896.19501178 -546265.40620228  733450.24453396
 208892.50649481 -546266.76665447  733450.24198846
 208888.81797786 -546268.12710669  733450.23944078
 208885.1294609  -546269.48755896  733450.23689093
 208881.44094244 -546270.84801186  733450.23433889
 208877.8112647  -546272.1867622   733450.23182544
 208874.18100455 -546273.52572762  733450.22930947
 208870.55103521 -546274.86458543  733450.22679162
 208866.97990434 -546276.18174202  733450.22431248
 208863.40819103 -546277.49911349  733450.2218309 
 208859.83677085 -546278.8163766   733450.21934751
 208856.26534918 -546280.13364045  733450.21686206
 208852.75247431 -546281.42931027  733450.21441536
 208849.23960254 -546282.72497903  733450.21196669
 208845.72701929 -546284.02054123  733450.20951625
 208842.21385516 -546285.3163178   733450.20706343
 208838.75745668 -546286.59115716  733450.20464832
 208835.30549382 -546287.86436083  733450.20223438
 208831.85087654 -546289.13854343  733450.19981668
 208828.45302722 -546290.39178808  733450.19743685
 208825.05932268 -546291.64350418  733450.19505807
 208821.66354385 -546292.89598532  733450.19267599
 208818.26776657 -546294.1484659   733450.19029207
 208814.93053686 -546295.37935209  733450.18794745
 208811.1255136  -546296.78277686  733450.185272  
 208807.37785996 -546298.16504166  733450.18263464
 208803.63138277 -546299.54687301  733450.17999582
 208799.88372994 -546300.92913766  733450.17735395
 208796.136955   -546302.31107857  733450.17471046
 208792.44814753 -546303.67163917  733450.17210566
 208788.75962936 -546305.03209318  733450.16949888
 208785.07140436 -546306.39243904  733450.16689013
 208781.38229839 -546307.75310993  733450.16427858
 208777.75233015 -546309.09196877  733450.16170677
 208774.12235959 -546310.43082841  733450.15913286
 208770.49268991 -546311.76957729  733450.15655703
 208766.92185786 -546313.08662467  733450.15402092
 208763.34954782 -546314.40421748  733450.1514817 
 208759.77842497 -546315.72137218  733450.1489413 
 208756.20670661 -546317.03874673  733450.14639842
 208752.69472073 -546318.33408998  733450.14389606
 208749.18125836 -546319.62997754  733450.1413907 
 208745.6683846  -546320.92564832  733450.13888377
 208742.15521311 -546322.22142903  733450.13637464
 208738.7014763  -546323.49528794  733450.13390606
 208735.24656387 -546324.76958067  733450.13143471
 208731.79253549 -546326.04354724  733450.12896209
 208728.39675849 -546327.29602891  733450.12652929
 208725.00068219 -546328.5486209   733450.12409444
 208721.60490519 -546329.80110255  733450.12165796
 208718.20942598 -546331.05347453  733450.11921983
 208714.87219656 -546332.28436168  733450.11682176
 208711.53466864 -546333.51535901  733450.11442168
 208708.19743926 -546334.74624644  733450.11202003
 208704.86050689 -546335.97702435  733450.1096168 
 208701.58152889 -546337.18642658  733450.10725359
 208698.30284712 -546338.39571976  733450.10488885
 208695.02446386 -546339.60490252  733450.10252264
 208691.80433045 -546340.79260106  733450.10019676
 208688.58389774 -546341.98040982  733450.09786903
 208685.36376435 -546343.16810842  733450.09553983
 208682.14392949 -546344.35569691  733450.0932092 
 208678.98204594 -546345.52191102  733450.09091889
 208675.82045859 -546346.68801565  733450.08862721
 208672.6591721  -546347.85400952  733450.08633414
 208669.4972878  -546349.02022398  733450.08403904
 208666.39513749 -546350.16440631  733450.08178574
 208663.28914173 -546351.31000717  733450.0795281 
 208660.18817478 -546352.45375329  733450.07727257
 208657.1439827  -546353.57655873  733450.07505685
 208654.09949288 -546354.699474    733450.07283943
 208651.05470451 -546355.82249925  733450.07062032
 208648.01021548 -546356.94541434  733450.06839993
 208645.02427403 -546358.0467353   733450.06622078
 208641.57024515 -546359.320703    733450.06369827
 208638.11562387 -546360.59488979  733450.06117338
 208634.66129725 -546361.86896738  733450.05864684
 208631.26552132 -546363.12144984  733450.05616122
 208627.8700416  -546364.37382285  733450.053674  
 208624.47455574 -546365.62619841  733450.05118491
 208621.07819047 -546366.87889829  733450.04869333
 208617.74096058 -546368.10978671  733450.04624336
 208614.40373226 -546369.3406749   733450.04379158
 208611.06650239 -546370.57156341  733450.04133803
 208607.72927256 -546371.80245226  733450.03888269
 208604.45059182 -546373.01174597  733450.03646869
 208601.17191189 -546374.22103968  733450.03405296
 208597.89322962 -546375.43033385  733450.03163553
 208594.67339348 -546376.61792373  733450.02925981
 208591.45296338 -546377.80573285  733450.02688197
 208588.23283026 -546378.99343236  733450.0245027 
 208585.01269639 -546380.18113224  733450.02212177
 208581.85111087 -546381.34723743  733450.01978251
 208578.68952611 -546382.5133422   733450.01744167
 208575.52850765 -546383.67923845  733450.01509961
 208572.36692215 -546384.84534363  733450.01275557
 208569.26331718 -546385.99006368  733450.01045294
 208566.16084707 -546387.13436508  733450.00814962
 208563.05724135 -546388.27908544  733450.00584391
 208560.01275179 -546389.40200173  733450.00358061
 208556.5001633  -546390.69756939  733450.0009675 
 208552.98700701 -546391.99334677  733449.99835198
 208549.47441857 -546393.28891483  733449.99573489
 208545.96154545 -546394.58458774  733449.99311563
 208542.50693675 -546395.85877074  733449.99053789
 208539.05261276 -546397.13284875  733449.98795845
 208535.59828724 -546398.4069274   733449.98537709
 208532.20251161 -546399.65941095  733449.98283762
 208528.80673366 -546400.91189518  733449.98029631
 208525.41095803 -546402.1643786   733449.97775315
 208522.0151801  -546403.4168628   733449.97520816
 208518.67795209 -546404.64775221  733449.97270521
 208515.34100642 -546405.87853707  733449.97020073
 208512.00349372 -546407.10953116  733449.96769403
 208508.66626493 -546408.34042052  733449.96518577
 208505.38758451 -546409.54971547  733449.96271975
 208502.10890334 -546410.75901082  733449.960252  
 208498.83022213 -546411.96830577  733449.95778257
 208495.61008928 -546413.15600613  733449.95535556
 208492.38995569 -546414.34370708  733449.95292685
 208489.16982288 -546415.5314077   733449.9504965 
 208485.94969081 -546416.71910781  733449.94806451
 208482.7886734  -546417.88500476  733449.94567552
 208479.62708816 -546419.05111088  733449.94328452
 208476.46521826 -546420.21732216  733449.94089169
 208472.89351388 -546421.53469487  733449.93818681
 208469.32209424 -546422.85196311  733449.93548007
 208465.75067459 -546424.16923118  733449.93277129
 208462.17897025 -546425.48660412  733449.93006028
 208458.66666523 -546426.78206866  733449.92739234
 208455.15379393 -546428.07774211  733449.924722  
 208451.64063719 -546429.37352065  733449.92204948
 208448.12748046 -546430.66929945  733449.91937497
 208444.67343914 -546431.94327442  733449.91674354
 208441.21911544 -546433.21735341  733449.91410999
 208437.76450864 -546434.49153728  733449.91147429
 208434.36901566 -546435.74391751  733449.90888185
 208430.97295489 -546436.99650734  733449.90628712
 208427.57746196 -546438.24888784  733449.90369097
 208424.18168508 -546439.50137275  733449.90109279
 208420.84445734 -546440.7322629   733449.89853759
 208417.50694494 -546441.96325811  733449.89598038
 208414.16971568 -546443.19414893  733449.89342161
 208410.83248874 -546444.42503894  733449.89086106
 208407.55409021 -546445.63423099  733449.8883439 
 208404.27512539 -546446.84363172  733449.8858246 
 208400.99644528 -546448.05292778  733449.88330378
 208397.77631271 -546449.24062914  733449.88082632
 208394.5564633  -546450.4282262   733449.87834741
 208390.86766333 -546451.78878934  733449.87550541
 208387.2376956  -546453.12765308  733449.87270661
 208383.6077271  -546454.46651701  733449.86990572
 208379.97804486 -546455.80527544  733449.86710293
 208376.40634159 -546457.12264943  733449.86434283
 208372.83492068 -546458.43991885  733449.86158095
 208369.26350057 -546459.75718827  733449.858817  
 208365.69236593 -546461.07435257  733449.85605122
 208362.17920871 -546462.37013258  733449.85332837
 208358.66633696 -546463.66580735  733449.85060375
 208355.15346521 -546464.96148228  733449.84787716
 208351.64059347 -546466.25715702  733449.8451486 
 208348.18655321 -546467.53113272  733449.84246381
 208344.73194361 -546468.80531849  733449.83977666
 208341.27762022 -546470.07939859  733449.83708783
 208337.88184442 -546471.3318845   733449.8344427 
 208334.48606785 -546472.58437049  733449.83179574
 208331.09029128 -546473.83685662  733449.82914692
 208327.69536722 -546475.08902841  733449.82649692
 208324.35728728 -546476.32023407  733449.82388949
 208321.02005986 -546477.55112539  733449.82128094
 208317.68283089 -546478.78201725  733449.81867061
 208314.34560269 -546480.01290867  733449.81605851
 208311.06692207 -546481.2222058   733449.81349048
 208307.31985952 -546482.60425954  733449.81055348
 208303.63134297 -546483.96471918  733449.80766019
 208299.94311267 -546485.32507343  733449.80476493
 208296.25431301 -546486.68563758  733449.80186706
 208292.56579724 -546488.04609679  733449.79896725
 208288.93582986 -546489.38496188  733449.7961113 
 208285.30586401 -546490.7238262   733449.79325326
 208281.67589584 -546492.0626912   733449.79039312
 208278.10447448 -546493.37996216  733449.78757705
 208274.53334013 -546494.69712738  733449.78475916
 208270.96192035 -546496.01439804  733449.78193899
 208267.39021743 -546497.33177317  733449.77911655
 208263.87734521 -546498.62744925  733449.77633862
 208260.36447376 -546499.92312514  733449.77355872
 208256.85160155 -546501.21880119  733449.77077685
 208253.33873014 -546502.51447726  733449.76799298
 208249.88440706 -546503.78855846  733449.7652536 
 208246.4300832  -546505.06263996  733449.76251231
 208242.97575861 -546506.33672205  733449.75976908
 208239.57998233 -546507.58920906  733449.75707052
 208236.18420684 -546508.84169608  733449.75437008
 208232.78843135 -546510.09418293  733449.75166782
 208229.39265509 -546511.34666995  733449.74896373
 208226.05571186 -546512.57745772  733449.74630464
 208222.24981582 -546513.98121234  733449.74326972
 208218.50275355 -546515.36326693  733449.74027944
 208214.75569054 -546516.74532191  733449.73728691
 208211.0086283  -546518.12737658  733449.73429213
 208207.2615653  -546519.50943156  733449.73129512
 208203.57099172 -546520.87065128  733449.72834107
 208199.88453443 -546522.23035274  733449.72538816
 208196.19601901 -546523.59081339  733449.72243141
 208192.50750516 -546524.95127359  733449.71947248
 208188.87753732 -546526.29013988  733449.71655839
 208185.24757026 -546527.62900586  733449.71364219
 208181.61817104 -546528.96766252  733449.71072434
 208178.04618371 -546530.28514349  733449.70785059
 208174.47533128 -546531.60220593  733449.70497572
 208170.90306162 -546532.91979116  733449.70209765
 208167.3319261  -546534.23695842  733449.69921844
 208163.81905495 -546535.53263518  733449.69638424
 208160.30675088 -546536.82810318  733449.69354851
 208156.79388056 -546538.12377997  733449.69071034
 208153.28072401 -546539.41956234  733449.68786997
 208149.82611655 -546540.69374957  733449.68507502
 208146.37179379 -546541.96783203  733449.68227837
 208142.91747028 -546543.24191476  733449.67947982
 208139.52197898 -546544.49429784  733449.67672708
 208136.12648694 -546545.74668153  733449.67397247
 208132.73014396 -546546.99937901  733449.67121533
 208129.33493582 -546548.25165777  733449.66845729
 208125.99770745 -546549.48255178  733449.66574452
 208122.66019671 -546550.71354978  733449.66302975
 208119.32268443 -546551.94454843  733449.6603132 
 208115.98574075 -546553.1753373   733449.65759533
 208112.70734462 -546554.38453174  733449.6549234 
 208109.42838148 -546555.59393552  733449.65224928
 208106.14913364 -546556.80344406  733449.64957323
 208102.92900351 -546557.99114828  733449.64694372
 208099.70887029 -546559.17885342  733449.64431255
 208096.48873784 -546560.36655823  733449.64167974
 208093.26860617 -546561.55426274  733449.63904527
 208090.10787379 -546562.72005877  733449.63645777
 208086.94572265 -546563.88637817  733449.6338675 
 208083.78413857 -546565.05248851  733449.63127609
 208080.62227056 -546566.21870335  733449.62868288
 208077.5192348  -546567.36321881  733449.62613634
 208074.41705001 -546568.50742042  733449.62358896
 208071.31316252 -546569.65224999  733449.62103865
 208068.26895824 -546570.7750665   733449.61853586
 208065.22418537 -546571.89809255  733449.61603113
 208062.17969717 -546573.02101348  733449.61352517
 208059.135209   -546574.14393466  733449.6110177 
 208056.14926915 -546575.24526104  733449.60855701
 208052.69494589 -546576.51934457  733449.60570857
 208049.2406227  -546577.79342854  733449.60285819
 208045.78630025 -546579.06751201  733449.60000591
 208042.39080772 -546580.31989685  733449.59720035
 208038.99474817 -546581.57249092  733449.59439247
 208035.59897252 -546582.82498017  733449.591583  
 208032.20319763 -546584.07746909  733449.58877168
 208028.86625502 -546585.30825895  733449.58600723
 208025.52874303 -546586.5392586   733449.58324055
 208022.19151574 -546587.77015325  733449.58047233
 208018.85428922 -546589.0010477   733449.57770232
 208015.57560872 -546590.21034817  733449.57497917
 208012.29692977 -546591.41964831  733449.57225428
 208009.01853395 -546592.62884383  733449.56952793
 208005.79840176 -546593.81654948  733449.56684836
 208002.57827038 -546595.00425512  733449.56416711
 207999.35785433 -546596.19206582  733449.56148397
 207996.13772449 -546597.37977083  733449.55879941
 207992.97613989 -546598.54588222  733449.55616204
 207989.81455606 -546599.7119933   733449.55352308
 207986.65325694 -546600.87799958  733449.55088275
 207983.49138844 -546602.04421565  733449.54824035
 207980.38835375 -546603.18873204  733449.54564553
 207977.28531672 -546604.33324901  733449.5430492 
 207974.18228202 -546605.47776515  733449.54045133
 207971.13779331 -546606.60068743  733449.53790096
 207967.62520673 -546607.89626191  733449.53495663
 207964.11205157 -546609.19204616  733449.53200985
 207960.5991811  -546610.48772551  733449.52906132
 207957.08659376 -546611.78330015  733449.52611108
 207953.63198693 -546613.05748966  733449.52320759
 207950.1776648  -546614.33157439  733449.52030242
 207946.72334189 -546615.60565908  733449.51739537
 207943.32721263 -546616.85828006  733449.5145354 
 207939.93179197 -546618.11063967  733449.51167419
 207936.53630054 -546619.3630253   733449.50881109
 207933.14024129 -546620.61562032  733449.50594566
 207929.80301507 -546621.84651602  733449.50312804
 207926.46578884 -546623.07741145  733449.50030866
 207923.12856109 -546624.30830751  733449.49748749
 207919.79133332 -546625.5392034   733449.49466456
 207916.51265467 -546626.74850453  733449.49188939
 207913.23397523 -546627.95780574  733449.48911252
 207909.9552958  -546629.16710697  733449.48633392
 207906.73516624 -546630.35481311  733449.48360326
 207903.5150336  -546631.54252016  733449.48087094
 207900.29490172 -546632.7302269   733449.47813697
 207897.07505379 -546633.91782919  733449.47540157
 207893.91347025 -546635.08394134  733449.47271405
 207890.75160436 -546636.25015782  733449.47002468
 207887.59002083 -546637.41626993  733449.46733397
 207884.018887   -546638.73343996  733449.46429277
 207880.44718302 -546640.05082014  733449.46124905
 207876.87576526 -546641.36809474  733449.45820354
 207873.30434757 -546642.68536978  733449.45515595
 207869.79112268 -546643.98118073  733449.45215606
 207866.27832253 -546645.27683528  733449.44915454
 207862.76630334 -546646.57220184  733449.44615171
 207859.25286613 -546647.86809123  733449.44314572
 207855.79825961 -546649.14228183  733449.44018811
 207852.34393701 -546650.41636777  733449.43722884
 207848.89046692 -546651.69013927  733449.43426839
 207845.49412406 -546652.94284013  733449.43135505
 207842.09863293 -546654.1952269   733449.42844059
 207838.70257476 -546655.4478228   733449.4255238 
 207835.30644428 -546656.70044545  733449.4226051 
 207831.96957305 -546657.9312112   733449.41973551
 207828.63234633 -546659.16210782  733449.41686387
 207825.29511888 -546660.39300492  733449.41399042
 207821.9575375  -546661.62403249  733449.4111149 
 207818.67921459 -546662.83320352  733449.40828867
 207815.40053546 -546664.04250585  733449.40546043
 207812.12185555 -546665.25180826  733449.40263049
 207808.90137082 -546666.43964654  733449.39984906
 207805.68216098 -546667.62701456  733449.39706709
 207801.99272516 -546668.98781975  733449.39387673
 207798.36275939 -546670.32669012  733449.39073567
 207794.73314834 -546671.66543005  733449.38759278
 207791.10282636 -546673.00443199  733449.38444719
 207787.53140969 -546674.32170757  733449.38135057
 207783.96091477 -546675.63864308  733449.37825271
 207780.38864485 -546676.95623326  733449.37515128
 207776.8175098  -546678.27340481  733449.3720488 
 207773.30520854 -546679.56887677  733449.3689954 
 207769.79177087 -546680.86476762  733449.36593905
 207766.27890102 -546682.16044893  733449.36288124
 207762.76574573 -546683.45623568  733449.3598212 
 207759.31135341 -546684.73034841  733449.35681041
 207755.85710267 -546686.00440897  733449.35379783
 207752.40306354 -546687.27839159  733449.35078353
 207749.00693411 -546688.53101492  733449.3478179 
 207745.61123091 -546689.78348096  733449.3448508 
 207742.21574087 -546691.03586855  733449.34188203
 207738.82025084 -546692.2882563   733449.33891141
 207735.48245659 -546693.51936325  733449.33598949
 207732.14515788 -546694.75028781  733449.33306621
 207728.80828694 -546695.98105446  733449.33014152
 207725.47070665 -546697.21208302  733449.32721441
 207722.19209782 -546698.42136057  733449.32433729
 207718.4449657  -546699.8034473   733449.32104695
 207714.75645269 -546701.16391339  733449.31780585
 207711.06829285 -546702.52424933  733449.31456289
 207707.37949674 -546703.88481992  733449.31131719
 207703.6909122  -546705.24531249  733449.3080695 
 207700.06094677 -546706.58418421  733449.30487128
 207696.43098134 -546707.92305585  733449.30167098
 207692.80108672 -546709.26190154  733449.29846861
 207689.23051978 -546710.57886474  733449.29531654
 207685.65881953 -546711.89624605  733449.29216142
 207682.0867623  -546713.21375913  733449.28900394
 207678.51534369 -546714.5310369   733449.28584496
 207675.00254645 -546715.82669255  733449.28273587
 207671.4896046  -546717.12240174  733449.27962467
 207667.97680663 -546718.41805802  733449.27651161
 207664.46422101 -546719.71363571  733449.27339678
 207661.00954357 -546720.9878549   733449.27033136
 207657.55557705 -546722.26181176  733449.26726467
 207654.10125508 -546723.53589989  733449.26419574
 207650.70512672 -546724.78852406  733449.26117665
 207647.30935075 -546726.0410181   733449.25815604
 207643.91357787 -546727.29351109  733449.25513359
 207640.51787503 -546728.54597847  733449.25210933
 207637.18064815 -546729.77687747  733449.24913537
 207633.37496882 -546731.18055998  733449.24574178
 207629.62797862 -546732.56259608  733449.24239822
 207625.88084836 -546733.94468341  733449.23905233
 207622.13378587 -546735.3267462   733449.23570422
 207618.38679568 -546736.70878211  733449.23235395
 207614.69792754 -546738.06938041  733449.22905345
 207611.0100535  -546739.42961225  733449.22575165
 207607.32118616 -546740.79021038  733449.22244679
 207603.63274353 -546742.15065181  733449.21914014
 207600.00277846 -546743.48952489  733449.21588375
 207596.37281334 -546744.82839749  733449.2126253 
 207592.74284749 -546746.1672707   733449.20936472
 207589.17135994 -546747.48457488  733449.2061546 
 207585.59994315 -546748.8018529   733449.20294251
 207582.0285964  -546750.11910511  733449.19972844
 207578.45717966 -546751.4363833   733449.19651226
 207574.94423966 -546752.7320931   733449.19334675
 207571.43172436 -546754.02764617  733449.19017964
 207567.91857047 -546755.32343475  733449.18701   
 207564.40563051 -546756.61914465  733449.18383855
 207560.9513804  -546757.89320736  733449.18071817
 207557.49762579 -546759.16708746  733449.17759632
 207554.04238241 -546760.44151659  733449.17447123
 207550.64696297 -546761.69388029  733449.17139838
 207547.25118886 -546762.94637504  733449.16832335
 207543.85534473 -546764.19889538  733449.16524644
 207540.45957065 -546765.45139018  733449.16216772
 207537.12234485 -546766.68229011  733449.15914028
 207533.78511829 -546767.91319022  733449.15611107
 207530.44760938 -546769.14419465  733449.15307981
 207527.11038438 -546770.37509443  733449.15004702
 207523.83198927 -546771.58429529  733449.14706597
 207520.55338257 -546772.79357426  733449.14408301
 207517.27434966 -546774.0030106   733449.14109793
 207514.05450285 -546775.19061674  733449.13816506
 207510.83437215 -546776.37832769  733449.13523026
 207507.6139591  -546777.56614274  733449.13229355
 207504.3938292  -546778.75385351  733449.12935544
 207501.23224602 -546779.91996976  733449.12646914
 207498.07066363 -546781.0860858   733449.12358124
 207494.90908205 -546782.25220184  733449.12069172
 207491.74778359 -546783.41821326  733449.11780087
 207488.64474873 -546784.56273482  733449.11496175
 207485.54143075 -546785.70736084  733449.11212082
 207482.43875063 -546786.85175177  733449.10927893
 207479.39390938 -546787.97480926  733449.10648853
 207476.34942207 -546789.09773625  733449.10369697
 207473.305221   -546790.22055796  733449.10090417
 207470.2604498  -546791.34358968  733449.09810939
 207467.27451156 -546792.44492168  733449.09536715
 207463.82019021 -546793.71901191  733449.09219298
 207460.36586888 -546794.99310218  733449.0890169 
 207456.91183143 -546796.2670876   733449.08583918
 207453.51577449 -546797.51968779  733449.08271292
 207450.12000069 -546798.7721836   733449.07958508
 207446.72422766 -546800.02467896  733449.07645541
 207443.32845387 -546801.27717473  733449.07332388
 207439.99122838 -546802.5080758   733449.07024453
 207436.65400289 -546803.73897658  733449.06716343
 207433.31706133 -546804.96977294  733449.06408078
 207429.97955117 -546806.20077884  733449.06099584
 207426.70087321 -546807.41008514  733449.05796354
 207423.42255074 -546808.61926054  733449.05492984
 207420.14351811 -546809.8286978   733449.05189377
 207416.92338924 -546811.01640922  733449.04891055
 207413.70325805 -546812.20412131  733449.04592568
 207410.48312919 -546813.39183258  733449.04293916
 207407.2629988  -546814.57954459  733449.03995096
 207404.10141747 -546815.74566144  733449.03701547
 207400.93983539 -546816.91177866  733449.03407839
 207397.7786072  -546818.07776508  733449.03114005
 207394.61666966 -546819.2440133   733449.02819945
 207391.51363586 -546820.38853568  733449.02531205
 207388.41060208 -546821.53305797  733449.02242312
 207385.3075683  -546822.6775803   733449.01953265
 207382.26343672 -546823.80037717  733449.01669555
 207378.75021344 -546825.09619385  733449.01341942
 207375.23734489 -546826.39187976  733449.01014163
 207371.72447553 -546827.68756565  733449.00686189
 207368.211607   -546828.98325175  733449.00358015
 207364.75764142 -546830.25721183  733449.00035152
 207361.30296416 -546831.53143448  733448.99712032
 207357.8486439  -546832.80552553  733448.99388754
 207354.45287041 -546834.05802237  733448.99070769
 207351.05709848 -546835.31051873  733448.98752597
 207347.66132574 -546836.56301508  733448.98434244
 207344.26555073 -546837.81551252  733448.98115705
 207340.92832708 -546839.04641383  733448.97802479
 207337.59110037 -546840.27731649  733448.97489072
 207334.25387595 -546841.50821811  733448.97175489
 207330.91665159 -546842.7391201   733448.96861726
 207327.63825708 -546843.94832311  733448.96553322
 207324.35929629 -546845.15773491  733448.96244692
 207321.08061866 -546846.36704253  733448.95935916
 207317.86048777 -546847.5547556   733448.95632487
 207314.64007528 -546848.74257253  733448.95328867
 207311.42022986 -546849.93018061  733448.95025132
 207308.20009977 -546851.11789353  733448.94721205
 207305.03851795 -546852.28401152  733448.94422643
 207301.87693615 -546853.45012975  733448.94123919
 207298.71535512 -546854.61624756  733448.93825036
 207295.14393854 -546855.93352924  733448.93487217
 207291.57252276 -546857.25081082  733448.93149192
 207288.0011062  -546858.56809248  733448.92810965
 207284.42968889 -546859.88537453  733448.92472533
 207280.91682141 -546861.18106125  733448.92139448
 207277.40395237 -546862.47674831  733448.91806169
 207273.89080022 -546863.77253993  733448.91472663
 207270.37849981 -546865.06801746  733448.91139041
 207266.92389442 -546866.342215    733448.90810706
 207263.4695737  -546867.61630734  733448.90482208
 207260.015253   -546868.89039972  733448.90153519
 207256.61948136 -546870.14289711  733448.89830212
 207253.22434755 -546871.39515912  733448.89506784
 207249.82793577 -546872.64789255  733448.89183049
 207246.43216261 -546873.90039034  733448.88859191
 207243.09465381 -546875.13139808  733448.88540709
 207239.75806677 -546876.36206575  733448.88222137
 207236.42048798 -546877.59309941  733448.87903292
 207233.08297844 -546878.8241074   733448.87584276
 207229.80458578 -546880.03331105  733448.87270734
 207226.52654627 -546881.24238423  733448.86957056
 207223.24666406 -546882.45213718  733448.86643029
 207220.02774143 -546883.63940585  733448.86334671
 207216.80668833 -546884.82746031  733448.86025943
 207213.11817704 -546886.18793229  733448.85672206
 207209.48821246 -546887.52680962  733448.85323874
 207205.85917123 -546888.86534702  733448.84975415
 207202.22856963 -546890.20445951  733448.84626599
 207198.65715337 -546891.52174229  733448.84283261
 207195.08545323 -546892.83913     733448.83939691
 207191.51496027 -546894.15607227  733448.83596035
 207187.94262232 -546895.47369506  733448.83251997
 207184.42975361 -546896.76938336  733448.82913485
 207180.9168849  -546898.0650716   733448.82574778
 207177.40430087 -546899.36065485  733448.822359  
 207173.89143298 -546900.65634303  733448.81896796
 207170.43682865 -546901.93054117  733448.81563124
 207166.98250824 -546903.20463447  733448.8122929 
 207163.5281871  -546904.47872846  733448.80895262
 207160.13269889 -546905.73112227  733448.80566738
 207156.73664212 -546906.98372592  733448.80237975
 207153.34087001 -546908.23622448  733448.79909055
 207149.94509716 -546909.48872341  733448.7957995 
 207146.60815726 -546910.71952257  733448.79256366
 207143.27093267 -546911.95042649  733448.78932577
 207139.93434519 -546913.18109578  733448.78608671
 207136.59648202 -546914.41223522  733448.78284465
 207133.3175226  -546915.62164899  733448.77965803
 207129.57046257 -546917.00371721  733448.77601441
 207125.88195082 -546918.36419046  733448.77242552
 207122.19344062 -546919.72466328  733448.76883445
 207118.50492887 -546921.08513652  733448.76524121
 207114.81641716 -546922.44560991  733448.76164579
 207111.18645447 -546923.78448798  733448.75810532
 207107.55649106 -546925.12336677  733448.75456271
 207103.92652763 -546926.46224528  733448.75101801
 207100.35511091 -546927.77952922  733448.74752844
 207096.78369502 -546929.09681337  733448.74403679
 207093.21228066 -546930.41409685  733448.74054312
 207089.64086476 -546931.73138067  733448.73704741
 207086.12799636 -546933.02706997  733448.73360702
 207082.61576736 -546934.3225237   733448.73016526
 207079.10226038 -546935.61844844  733448.7267203 
 207075.58939433 -546936.91413712  733448.72327397
 207072.13507273 -546938.18823248  733448.71988313
 207068.6807534  -546939.46232661  733448.71649041
 207065.22671648 -546940.7363168   733448.71309605
 207061.83066076 -546941.98892102  733448.70975682
 207058.4348882  -546943.24142096  733448.70641602
 207055.03911643 -546944.49392078  733448.70307335
 207051.64362856 -546945.74631576  733448.69972913
 207048.30612037 -546946.97732557  733448.69644021
 207044.50051239 -546948.38098971  733448.69268784
 207040.75345422 -546949.7630585   733448.68899092
 207037.00639604 -546951.14512723  733448.68529176
 207033.2596195  -546952.52709205  733448.68159064
 207029.51227823 -546953.90926541  733448.67788669
 207025.82170867 -546955.27049901  733448.67423667
 207022.1349723  -546956.63031896  733448.67058825
 207018.44674558 -546957.99068846  733448.6669362 
 207014.75823344 -546959.35116327  733448.66328168
 207011.12855423 -546960.68993807  733448.65968333
 207007.49830724 -546962.02892259  733448.65608229
 207003.86834492 -546963.36780191  733448.65247944
 207000.29756792 -546964.68485139  733448.64893327
 206996.72551298 -546966.00237227  733448.64538379
 206993.15409819 -546967.31965715  733448.64183289
 206989.58268338 -546968.63694186  733448.63827997
 206986.06981534 -546969.93263248  733448.63478328
 206982.55694728 -546971.22832284  733448.63128463
 206979.04408002 -546972.5240132   733448.62778399
 206975.53121276 -546973.81970348  733448.62428138
 206972.07689299 -546975.09379914  733448.62083522
 206968.62257246 -546976.36789497  733448.61738716
 206965.16889133 -546977.64175523  733448.61393781
 206961.77248125 -546978.89449152  733448.6105438 
 206958.37670898 -546980.14699234  733448.6071486 
 206954.9809383  -546981.399493    733448.60375153
 206951.58544923 -546982.65188976  733448.6003529 
 206948.24794212 -546983.88290018  733448.59701052
 206944.91071741 -546985.11380676  733448.59366662
 206941.57321031 -546986.34481725  733448.59032068
 206938.23626953 -546987.57561912  733448.5869735 
 206934.95759308 -546988.78493067  733448.58368304
 206931.6789182  -546989.99424175  733448.58039085
 206928.40052491 -546991.20344883  733448.57709724
 206925.18011207 -546992.39127057  733448.57386018
 206921.95998391 -546993.57898711  733448.57062177
 206918.73985653 -546994.76670354  733448.56738169
 206915.51972763 -546995.9544206   733448.56413993
 206912.35786461 -546997.12064673  733448.56095524
 206909.19656709 -546998.28666428  733448.55776951
 206906.03498645 -546999.4527863   733448.5545819 
 206902.87312272 -547000.61901307  733448.55139237
 206899.77037348 -547001.76343567  733448.54826095
 206896.66734034 -547002.90796298  733448.5451277 
 206893.56430799 -547004.05249018  733448.5419929 
 206890.52038942 -547005.17521395  733448.53891631
 206887.47562219 -547006.29825059  733448.53583739
 206884.43085343 -547007.42128787  733448.53275699
 206881.38608391 -547008.54432531  733448.5296751 
 206878.40014734 -547009.64566311  733448.5266513 
 206874.94582787 -547010.91975963  733448.52315143
 206871.49150921 -547012.19385613  733448.51964963
 206868.03718978 -547013.46795293  733448.51614593
 206864.64141708 -547014.72045531  733448.51269974
 206861.24592982 -547015.97285235  733448.509252  
 206857.8507257  -547017.22514489  733448.50580272
 206854.45495535 -547018.47764664  733448.50235099
 206851.11687918 -547019.70886804  733448.49895613
 206847.77993869 -547020.93967108  733448.4955606 
 206844.44243191 -547022.1706826   733448.49216275
 206841.10520751 -547023.40159007  733448.4887634 
 206837.82681606 -547024.61079781  733448.48542222
 206834.547856   -547025.82021499  733448.48207876
 206831.26946457 -547027.02942269  733448.47873414
 206828.04933592 -547028.21714054  733448.47544731
 206824.82892414 -547029.40496286  733448.47215852
 206821.60908021 -547030.59257595  733448.46886863
 206818.38866769 -547031.78039858  733448.46557652
 206815.22708733 -547032.94652162  733448.46234293
 206812.06550697 -547034.11264457  733448.45910775
 206808.90421209 -547035.27866249  733448.45587124
 206805.74234631 -547036.44489089  733448.45263255
 206802.63931499 -547037.58941863  733448.44945258
 206799.53628214 -547038.73394701  733448.44627107
 206796.4332493  -547039.8784753   733448.44308802
 206793.38876549 -547041.00140854  733448.43996351
 206789.87589731 -547042.2971015   733448.43635647
 206786.36303143 -547043.59279345  733448.43274747
 206782.85016406 -547044.88848635  733448.42913647
 206779.33729823 -547046.1841787   733448.42552349
 206775.88297832 -547047.45827665  733448.42196882
 206772.4286592  -547048.73237439  733448.41841224
 206768.97434011 -547050.00647238  733448.41485373
 206765.57856849 -547051.25897559  733448.41135368
 206762.18279686 -547052.51147851  733448.4078518 
 206758.78702681 -547053.7639813   733448.40434805
 206755.39125521 -547055.01648441  733448.40084247
 206752.05403187 -547056.24739269  733448.39739553
 206748.71680852 -547057.47830079  733448.39394681
 206745.37958522 -547058.70920925  733448.39049629
 206742.04236111 -547059.94011768  733448.38704401
 206738.76368685 -547061.14943099  733448.38365053
 206735.48501025 -547062.35874486  733448.38025534
 206732.20661988 -547063.56795325  733448.37685873
 206728.98620761 -547064.75577669  733448.37352053
 206725.7660793  -547065.9434958   733448.37018093
 206722.5459502  -547067.13121499  733448.3668397 
 206719.32582421 -547068.31893332  733448.36349678
 206716.16424414 -547069.48505724  733448.36021305
 206713.00266408 -547070.65118119  733448.35692772
 206709.84108403 -547071.81730518  733448.35364078
 206706.26966943 -547073.13459356  733448.34992583
 206702.69825562 -547074.45188173  733448.34620884
 206699.12684027 -547075.76917044  733448.3424898 
 206695.55542648 -547077.08645871  733448.33876872
 206692.04284407 -547078.3820476   733448.33510694
 206688.52969309 -547079.67784591  733448.33144261
 206685.01682602 -547080.9735397   733448.3277766 
 206681.50396052 -547082.26923314  733448.32410859
 206678.04964169 -547083.54333182  733448.32049982
 206674.59532292 -547084.81743095  733448.3168891 
 206671.14100489 -547086.09152946  733448.3132765 
 206667.74523359 -547087.34403371  733448.30972325
 206664.3494623  -547088.59653801  733448.30616815
 206660.95369254 -547089.84904166  733448.30261122
 206657.55792049 -547091.10154617  733448.29905245
 206654.22069745 -547092.33245538  733448.29555323
 206650.88347443 -547093.56336474  733448.29205222
 206647.54625141 -547094.79427402  733448.28854943
 206644.20697028 -547096.02594262  733448.28504269
 206640.93035288 -547097.23449796  733448.28160004
 206637.65167813 -547098.44381236  733448.27815349
 206634.3727187  -547099.65323173  733448.27470493
 206631.15259067 -547100.8409517   733448.27131656
 206627.93246417 -547102.02867101  733448.26792653
 206624.24367102 -547103.3892547   733448.26404107
 206620.61399085 -547104.72803487  733448.26021575
 206616.98431376 -547106.06681387  733448.25638834
 206613.35491986 -547107.40548902  733448.25255907
 206609.78293774 -547108.72298765  733448.24878836
 206606.21124037 -547110.0403818   733448.24501588
 206602.63982687 -547111.35767091  733448.24124168
 206599.06841265 -547112.67496073  733448.23746541
 206595.55582978 -547113.97055062  733448.23374938
 206592.04267989 -547115.26634998  733448.23003076
 206588.52981392 -547116.56204471  733448.22631046
 206585.01694873 -547117.85773891  733448.22258821
 206581.56348043 -547119.13152542  733448.21892694
 206578.10831022 -547120.40593944  733448.21526198
 206574.65399174 -547121.68003925  733448.21159601
 206571.25907324 -547122.93223018  733448.2079912 
 206567.86245053 -547124.18504955  733448.20438274
 206564.46753205 -547125.43724044  733448.20077425
 206561.07091014 -547126.69005975  733448.19716209
 206557.73368741 -547127.92097009  733448.1936113 
 206554.39674704 -547129.15177608  733448.19005906
 206551.05924119 -547130.38279094  733448.1865044 
 206547.7220185  -547131.61370127  733448.18294827
 206544.44334404 -547132.82301665  733448.17945279
 206540.69628687 -547134.20509165  733448.17545585
 206537.00777639 -547135.56557207  733448.17151917
 206533.31926747 -547136.92605205  733448.1675803 
 206529.63075779 -547138.28653231  733448.16363926
 206525.94253281 -547139.64690769  733448.15969634
 206522.31228746 -547140.98589761  733448.15581328
 206518.68232603 -547142.32478289  733448.15192842
 206515.05236386 -547143.66366856  733448.14804144
 206511.48095068 -547144.9809587   733448.14421511
 206507.90953677 -547146.29824955  733448.14038671
 206504.3389746  -547147.61522619  733448.13655718
 206500.76699208 -547148.93272631  733448.13272413
 206497.25384328 -547150.22852649  733448.12895219
 206493.74097762 -547151.52422216  733448.12517858
 206490.22811197 -547152.81991778  733448.121403  
 206486.71524558 -547154.11561399  733448.11762542
 206483.26092818 -547155.38971467  733448.1139089 
 206479.80661002 -547156.66381573  733448.11019045
 206476.35229265 -547157.93791659  733448.1064701 
 206472.95652119 -547159.19042299  733448.10281096
 206469.56075207 -547160.4429289   733448.09914994
 206466.16498064 -547161.69543549  733448.09548709
 206462.76921077 -547162.94794172  733448.09182239
 206459.43198834 -547164.1788529   733448.08821909
 206455.62638324 -547165.58252394  733448.08410788
 206451.87932716 -547166.96459974  733448.08005764
 206448.13255422 -547168.34657106  733448.07600547
 206444.3852127  -547169.72875203  733448.07195045
 206440.63815666 -547171.11082797  733448.06789347
 206436.94964653 -547172.47130957  733448.06389769
 206433.26113949 -547173.83179013  733448.05989973
 206429.57262939 -547175.19227181  733448.0558996 
 206425.88412085 -547176.55275305  733448.05189728
 206422.25415977 -547177.89163954  733448.04795636
 206418.62419794 -547179.23052643  733448.04401333
 206414.99480392 -547180.56920369  733448.04006882
 206411.42218466 -547181.88694     733448.03618395
 206407.85140968 -547183.20399621  733448.03229905
 206404.27999691 -547184.52128808  733448.02841137
 206400.70858332 -547185.83857974  733448.0245217 
 206397.19571797 -547187.13427629  733448.0206938 
 206393.68285343 -547188.42997294  733448.0168639 
 206390.16998735 -547189.72567014  733448.01303203
 206386.65712051 -547191.0213675   733448.00919818
 206383.20280345 -547192.29546938  733448.00542631
 206379.74848639 -547193.56957119  733448.00165253
 206376.2938839  -547194.84377853  733447.99787651
 206372.89868213 -547196.09607616  733447.99416357
 206369.50291255 -547197.34858309  733447.99044818
 206366.10657439 -547198.60129997  733447.9867303 
 206362.71108874 -547199.8537024   733447.98301151
 206359.37386589 -547201.08461519  733447.97935473
 206356.03664378 -547202.31552758  733447.97569617
 206352.69942327 -547203.5464397   733447.97203581
 206349.36191573 -547204.77745723  733447.96837339
 206346.08352503 -547205.98667013  733447.96477409
 206342.80456653 -547207.19609275  733447.96117242
 206339.52589194 -547208.40541051  733447.95756936
 206336.30661806 -547209.59281877  733447.9540299 
 206333.08563999 -547210.78085569  733447.95048691
 206329.86579678 -547211.96847397  733447.94694351
 206326.64566966 -547213.15619686  733447.94339814
 206323.48409077 -547214.32232472  733447.93991562
 206320.32251268 -547215.48845259  733447.93643148
 206317.16064989 -547216.65468521  733447.93294545
 206313.9990718  -547217.82081293  733447.92945812
 206310.89603963 -547218.96534637  733447.92603381
 206307.79329369 -547220.10977453  733447.92260827
 206304.69026231 -547221.25430779  733447.91918088
 206301.64634694 -547222.37703636  733447.9158173 
 206298.60101208 -547223.50028887  733447.91245064
 206295.55681284 -547224.62312237  733447.90908377
 206292.51204503 -547225.74616573  733447.90571477
 206289.52639478 -547226.84740379  733447.90240976
 206286.0714379  -547228.12174291  733447.89858345
 206282.61775897 -547229.39561026  733447.89475667
 206279.16315682 -547230.66981877  733447.89092691
 206275.76738755 -547231.92232691  733447.88716054
 206272.37161751 -547233.17483524  733447.88339232
 206268.97584904 -547234.42734331  733447.87962225
 206265.580079   -547235.67985161  733447.87585035
 206262.24285722 -547236.91076498  733447.87214167
 206258.90563467 -547238.14167875  733447.86843121
 206255.56841368 -547239.37259216  733447.86471894
 206252.23119192 -547240.60350553  733447.86100492
 206248.95251762 -547241.81282434  733447.8573543 
 206245.67412799 -547243.02203805  733447.85370229
 206242.39602153 -547244.23114747  733447.85004887
 206239.17504218 -547245.41918563  733447.84645746
 206235.9549169  -547246.60690917  733447.84286531
 206232.73479007 -547247.79463312  733447.83927152
 206229.51466481 -547248.9823566   733447.83567606
 206226.353087   -547250.14848532  733447.83214436
 206223.19150764 -547251.31461455  733447.82861106
 206220.03021219 -547252.48063893  733447.82507649
 206216.86834974 -547253.64687286  733447.82153965
 206213.76531937 -547254.79140646  733447.81806711
 206210.66314001 -547255.9356267   733447.81459394
 206207.55925795 -547257.08047481  733447.81111733
 206204.51477509 -547258.2034141   733447.80770575
 206201.00191039 -547259.49911284  733447.80376749
 206197.48904574 -547260.79481193  733447.79982724
 206193.97618032 -547262.09051121  733447.79588501
 206190.46331567 -547263.38621017  733447.79194083
 206187.00899848 -547264.66031456  733447.78806042
 206183.55496521 -547265.93431409  733447.78417844
 206180.1003657  -547267.20852283  733447.78029389
 206176.70459518 -547268.46103224  733447.77647368
 206173.30882625 -547269.71354159  733447.77265158
 206169.91305656 -547270.96605123  733447.76882764
 206166.51728763 -547272.21856045  733447.76500187
 206163.18006538 -547273.44947524  733447.76124025
 206159.84312859 -547274.68028466  733447.75747718
 206156.50562326 -547275.91130415  733447.75371166
 206153.16840104 -547277.14221894  733447.7499447 
 206149.88972701 -547278.35153836  733447.7462421 
 206146.61105304 -547279.56085823  733447.74253776
 206143.33294765 -547280.76996833  733447.73883234
 206140.11225408 -547281.95790255  733447.73519014
 206136.89212833 -547283.14562734  733447.73154692
 206133.67200182 -547284.3333523   733447.72790205
 206130.45187609 -547285.52107716  733447.7242555 
 206127.29029778 -547286.6872068   733447.72067368
 206124.1287203  -547287.85333684  733447.7170902 
 206120.96714203 -547289.01946674  733447.71350515
 206117.39572943 -547290.33676182  733447.70945344
 206113.82431528 -547291.65405723  733447.70539971
 206110.25290426 -547292.97135188  733447.70134392
 206106.68149247 -547294.28864683  733447.69728609
 206103.1686258  -547295.58434751  733447.6932928 
 206099.65576302 -547296.8800472   733447.68929751
 206096.14289795 -547298.17574777  733447.68530024
 206092.63003364 -547299.47144804  733447.68130101
 206089.17600068 -547300.74544851  733447.67736683
 206085.7213999  -547302.01965836  733447.67343011
 206082.26708307 -547303.2937639   733447.66949178
 206078.87131367 -547304.54627453  733447.66561834
 206075.47554503 -547305.79878462  733447.66174307
 206072.07942095 -547307.05142599  733447.65786554
 206068.68400706 -547308.3038057   733447.65398696
 206065.3470698  -547309.53461649  733447.65017339
 206062.00921083 -547310.76576731  733447.64635698
 206058.67234361 -547311.9965523   733447.64253992
 206055.33512247 -547313.22746788  733447.63872068
 206048.77742041 -547315.64624021  733447.6312106 
 206045.49910222 -547316.85542999  733447.62745358
 206042.27897598 -547318.04315601  733447.62376158
 206039.05849507 -547319.23101271  733447.62006752
 206035.37034337 -547320.59136751  733447.61583496
 206031.74038286 -547321.93025855  733447.61166708
 206028.11006845 -547323.26928037  733447.60749667
 206024.48010875 -547324.60817147  733447.60332455
 206020.90869727 -547325.92546738  733447.59921766
 206017.33763972 -547327.2426328   733447.59510914
 206013.76622669 -547328.55992909  733447.59099819
 206010.19481523 -547329.87722513  733447.58688518
 206006.68159729 -547331.1730569   733447.58283719
 206003.16908722 -547332.46862761  733447.57878804
 205999.65622243 -547333.76432885  733447.57473653
 205996.1433577  -547335.06003055  733447.57068301
 205992.68904114 -547336.33413674  733447.56669515
 205989.23472462 -547337.6082433   733447.56270536
 205985.78097667 -547338.88213998  733447.55871433
 205982.38428661 -547340.1349913   733447.55478736
 205978.9885891  -547341.38747664  733447.55085969
 205975.59282004 -547342.63998838  733447.54693009
 205972.1969802  -547343.89252615  733447.54299857
 205968.86039795 -547345.12320707  733447.53913386
 205965.52346025 -547346.35401916  733447.53526695
 205962.18531768 -547347.58527572  733447.53139687
 205958.84845078 -547348.81606178  733447.52752648
 205955.56949503 -547350.02548772  733447.52372151
 205951.82329015 -547351.40725608  733447.51937225
 205948.13393233 -547352.76805671  733447.51508678
 205944.44542394 -547354.12854408  733447.51080012
 205940.75776807 -547355.48871722  733447.50651227
 205937.06833874 -547356.84954444  733447.50222018
 205933.43837936 -547358.18843646  733447.49799515
 205929.80841998 -547359.52732854  733447.49376801
 205926.17846063 -547360.86622076  733447.48953875
 205922.6071195  -547362.18349193  733447.48537573
 205919.03570758 -547363.50078925  733447.48121059
 205915.46458034 -547364.81798148  733447.47704375
 205911.89281455 -547366.13540964  733447.4728741 
 205908.3800201  -547367.43108613  733447.46877132
 205904.86708563 -547368.7268145   733447.4646664 
 205901.35422121 -547370.02251714  733447.46055957
 205897.84142835 -547371.31819347  733447.45645085
 205894.38704289 -547372.59232657  733447.45240852
 205890.93272667 -547373.8664339   733447.44836437
 205887.47847972 -547375.14051584  733447.4443184 
 205884.08264094 -547376.39305422  733447.44033897
 205880.68722687 -547377.64543609  733447.43635819
 205877.29117499 -547378.89805333  733447.43237481
 205873.89476766 -547380.15080163  733447.42838917
 205870.5581865  -547381.38148343  733447.42447193
 205866.75251354 -547382.78518746  733447.42000179
 205863.00552958 -547384.16724431  733447.41559833
 205859.25840329 -547385.54935368  733447.41119246
 205855.51198795 -547386.93120102  733447.40678516
 205851.76436466 -547388.31349383  733447.40237421
 205848.07578815 -547389.6740078   733447.39803054
 205844.3876348  -547391.03436535  733447.39368522
 205840.69877364 -547392.39498444  733447.38933685
 205837.0103372  -547393.75544671  733447.38498682
 205833.38037894 -547395.09433976  733447.38070362
 205829.75041912 -547396.43323303  733447.37641835
 205826.12045938 -547397.77212685  733447.37213091
 205822.54869385 -547399.0895556   733447.36791019
 205818.97756619 -547400.40674938  733447.36368817
 205815.40622619 -547401.72402152  733447.35946385
 205811.83481542 -547403.04131971  733447.35523741
 205808.32188052 -547404.3370495   733447.35107817
 205804.80908797 -547405.63272687  733447.34691712
 205801.29622387 -547406.92843041  733447.34275403
 205797.78300586 -547408.22426465  733447.33858853
 205794.32904469 -547409.49824256  733447.33449135
 205790.87465878 -547410.77237684  733447.33039178
 205787.42034293 -547412.0464855   733447.32629037
 205784.0246445  -547413.29897335  733447.3222567 
 205780.62887685 -547414.55148693  733447.31822109
 205777.23303687 -547415.80402695  733447.31418357
 205773.83727001 -547417.05654038  733447.31014426
 205770.50004979 -547418.28745886  733447.30617283
 205767.16318507 -547419.51824655  733447.30220001
 205763.82560865 -547420.7492967   733447.29822456
 205760.48838846 -547421.9802154   733447.29424776
 205757.20971646 -547423.18953877  733447.29033901
 205753.9313992  -547424.3987317   733447.28642892
 205750.65244179 -547425.60816062  733447.28251637
 205747.43231801 -547426.79588905  733447.27867235
 205744.21212116 -547427.98364445  733447.27482657
 205740.99206818 -547429.17134673  733447.27097932
 205737.7718721  -547430.35910185  733447.26713023
 205734.61036733 -547431.52520904  733447.26334968
 205731.44935731 -547432.69113395  733447.2595681 
 205728.28685617 -547433.85760854  733447.25578317
 205725.12556454 -547435.02363715  733447.25199807
 205722.02253568 -547436.1681759   733447.24828117
 205718.91922214 -547437.31281982  733447.24456238
 205715.81711657 -547438.45701813  733447.2408435 
 205712.77199497 -547439.58019793  733447.23719146
 205709.72723041 -547440.70324631  733447.23353835
 205706.68274898 -547441.8261902   733447.22988409
 205703.63826681 -547442.94913458  733447.22622834
 205700.65325608 -547444.0501429   733447.22264257
 205697.19801803 -547445.32459301  733447.21849014
 205693.74370324 -547446.59870224  733447.21433693
 205690.2903102  -547447.87247163  733447.21018291
 205686.89454208 -547449.12498637  733447.20609634
 205683.49820693 -547450.37771037  733447.20200724
 205680.10243962 -547451.63022504  733447.19791697
 205676.70631683 -547452.88287068  733447.19382444
 205673.36973478 -547454.11355518  733447.18980184
 205670.03187627 -547455.3447102   733447.18577595
 205666.69465718 -547456.57562985  733447.18174902
 205663.357435   -547457.80655042  733447.17772032
 205660.079048   -547459.01576987  733447.17376091
 205656.80009164 -547460.22519942  733447.16979908
 205653.52142    -547461.43452419  733447.16583587
 205650.30129499 -547462.6222542   733447.16194176
 205647.08145545 -547463.80987897  733447.15804633
 205643.86196827 -547464.99737351  733447.15414969
 205640.64092233 -547466.18544338  733447.15024948
 205637.47934552 -547467.35157814  733447.14641967
 205634.31776951 -547468.51771279  733447.14258825
 205631.15619273 -547469.68384761  733447.13875525
 205627.99461441 -547470.84998307  733447.13492063
 205624.8915866  -547471.99452253  733447.13115547
 205621.78855803 -547473.13906227  733447.12738877
 205618.68552871 -547474.2836025   733447.12362052
 205615.64104753 -547475.40654706  733447.11992189
 205612.1281841  -547476.70225292  733447.11565239
 205608.61532144 -547477.99795869  733447.11138088
 205605.10245799 -547479.29366433  733447.10710745
 205601.58959536 -547480.58937006  733447.102832  
 205598.13528092 -547481.86348066  733447.09862588
 205594.68096568 -547483.13759123  733447.09441788
 205591.22665046 -547484.41170184  733447.09020797
 205587.83123737 -547485.66408697  733447.08606796
 205584.4351149  -547486.91673371  733447.08192524
 205581.0393479  -547488.16924934  733447.07778111
 205577.64358015 -547489.42176537  733447.07363514
 205574.30636057 -547490.65268593  733447.06955886
 205570.96942414 -547491.8835022   733447.06548113
 205567.63192144 -547493.11452737  733447.06140094
 205564.29470191 -547494.34544835  733447.05731928
 205561.01603131 -547495.55477362  733447.05330752
 205557.73735765 -547496.76410012  733447.04929403
 205554.45868631 -547497.9734257   733447.04527882
 205551.23856315 -547499.16115613  733447.04133363
 205548.01843769 -547500.34888743  733447.03738678
 205544.79831299 -547501.53661842  733447.03343828
 205541.57818988 -547502.72434905  733447.0294881 
 205538.41661337 -547503.89048481  733447.02560815
 205535.25503688 -547505.05662059  733447.02172659
 205532.09346043 -547506.22275661  733447.01784342
 205528.52204985 -547507.54005815  733447.01345498
 205524.9506393  -547508.85735995  733447.00906447
 205521.37922954 -547510.17466163  733447.00467192
 205517.80781823 -547511.49196364  733447.00027734
 205514.29495665 -547512.7876699   733446.99595281
 205510.78209433 -547514.08337665  733446.99162629
 205507.26923126 -547515.37908379  733446.98729778
 205503.75636815 -547516.67479055  733446.98296734
 205500.30205404 -547517.94890223  733446.97870711
 205496.84773915 -547519.22301407  733446.97444498
 205493.3937805  -547520.49699447  733446.97018138
 205489.99765834 -547521.74964223  733446.96598731
 205486.60189087 -547523.00215903  733446.96179184
 205483.20583952 -547524.25478075  733446.95759417
 205479.80829863 -547525.50795198  733446.9533928 
 205476.4731375  -547526.73811451  733446.94926678
 205473.13591827 -547527.96903634  733446.94513642
 205469.79869748 -547529.19995861  733446.9410043 
 205466.46147903 -547530.43088027  733446.93687037
 205463.1828072  -547531.64020706  733446.93280725
 205459.90477477 -547532.84929826  733446.92874318
 205456.62546436 -547534.05886068  733446.92467582
 205453.40533997 -547535.24659271  733446.92068019
 205450.18521635 -547536.43432441  733446.9166829 
 205446.49642663 -547537.79492225  733446.91210178
 205442.86739301 -547539.13347909  733446.90759276
 205439.23651054 -547540.4727178   733446.90307934
 205435.60655367 -547541.81161532  733446.89856495
 205432.03606749 -547543.12857742  733446.89412246
 205428.46430182 -547544.44601144  733446.88967633
 205424.8923238  -547545.76352372  733446.88522791
 205421.32091361 -547547.08082668  733446.88077814
 205417.80897488 -547548.37619387  733446.87640048
 205414.29518958 -547549.67224198  733446.87201856
 205410.7823276  -547550.96794984  733446.86763579
 205407.27038814 -547552.2633175   733446.86325219
 205403.81337681 -547553.53842491  733446.85893525
 205400.36111963 -547554.8117791   733446.85462231
 205396.90652115 -547556.08599651  733446.85030456
 205393.51075478 -547557.33851427  733446.84605846
 205390.11527232 -547558.59092718  733446.84181088
 205386.71922129 -547559.84354993  733446.83756073
 205383.32373885 -547561.09596303  733446.83330945
 205379.98623522 -547562.32699068  733446.82912898
 205376.64901706 -547563.5579133   733446.82494706
 205373.31179813 -547564.78883599  733446.82076338
 205369.97549942 -547566.01941951  733446.81657905
 205366.69683022 -547567.22874655  733446.81246527
 205362.94885478 -547568.61117571  733446.80776054
 205359.26035003 -547569.97166944  733446.80312826
 205355.57184451 -547571.33216346  733446.79849381
 205351.88333825 -547572.69265777  733446.79385717
 205348.19483432 -547574.05315138  733446.78921836
 205344.56579874 -547575.3917103   733446.78465221
 205340.9349197  -547576.73094915  733446.78008163
 205337.30496165 -547578.06984829  733446.77551011
 205333.73355253 -547579.387152    733446.77101025
 205330.16214267 -547580.704456    733446.76650835
 205326.59073358 -547582.02175978  733446.76200441
 205323.02024546 -547583.33872375  733446.7574996 
 205319.5064605  -547584.63477303  733446.75306434
 205315.99359884 -547585.93048195  733446.74862825
 205312.48073797 -547587.22619077  733446.74419018
 205308.96787555 -547588.5218997   733446.73975017
 205305.51356129 -547589.79601354  733446.73538222
 205302.05924708 -547591.07012773  733446.73101233
 205298.60521673 -547592.34413666  733446.72664093
 205295.20916524 -547593.59676065  733446.72234103
 205291.81340076 -547594.849279    733446.71803963
 205288.41763318 -547596.1017984   733446.71373639
 205285.02186716 -547597.35431723  733446.7094313 
 205281.68464854 -547598.58524098  733446.70519865
 205277.87904854 -547599.988926    733446.70036976
 205274.13227985 -547601.37091129  733446.69561326
 205270.38494336 -547602.75310619  733446.69085378
 205266.63760687 -547604.13530092  733446.68609206
 205262.89083822 -547605.51728634  733446.68132882
 205259.20233306 -547606.87778148  733446.67663745
 205255.51354478 -547608.23838121  733446.67194352
 205251.82532354 -547609.59877166  733446.66724816
 205248.13681998 -547610.95926653  733446.66255024
 205244.50686224 -547612.29816664  733446.65792479
 205240.87690531 -547613.63706675  733446.65329721
 205237.24694836 -547614.9759667   733446.64866753
 205233.67553808 -547616.29327224  733446.64411044
 205230.10412855 -547617.61057737  733446.63955133
 205226.53271979 -547618.92788208  733446.63499018
 205222.96131108 -547620.24518704  733446.63042698
 205219.44844898 -547621.54089729  733446.62593659
 205215.93587156 -547622.83650254  733446.62144459
 205212.42336571 -547624.13208126  733446.61695072
 205208.90986427 -547625.42802743  733446.61245358
 205205.45526644 -547626.70224706  733446.60802993
 205202.00123724 -547627.97625731  733446.60360506
 205198.54692257 -547629.25037247  733446.59917795
 205195.15115687 -547630.50289236  733446.594824  
 205191.75510725 -547631.75551698  733446.59046783
 205188.3596247  -547633.0079324   733446.58611055
 205184.96385825 -547634.26045266  733446.58175106
 205181.62664071 -547635.49137712  733446.57746494
 205178.28942164 -547636.72230223  733446.57317704
 205174.95191944 -547637.9533317   733446.568887  
 205171.61498588 -547639.1841519   733446.56459588
 205168.33603032 -547640.39358678  733446.56037759
 205165.05736022 -547641.60291651  733446.55615795
 205161.77868937 -547642.81224653  733446.55193658
 205158.55885057 -547643.99987643  733446.5477893 
 205155.33872711 -547645.18761139  733446.54363998
 205152.11832053 -547646.37545092  733446.53948864
 205148.89911961 -547647.56284579  733446.53533718
 205145.73662182 -547648.72932585  733446.53125724
 205142.57504731 -547649.89546533  733446.52717689
 205139.41432379 -547651.06129114  733446.52309603
 205136.25189681 -547652.22774506  733446.51901138
 205133.14709549 -547653.37294411  733446.51499959
 205130.04584263 -547654.51683408  733446.51099087
 205126.94281556 -547655.6613788   733446.50697829
 205123.89861822 -547656.78422413  733446.5030403 
 205120.85385462 -547657.90727835  733446.4991001 
 205117.80937574 -547659.03022787  733446.49515875
 205114.7648953  -547660.15317772  733446.49121595
 205111.77924768 -547661.25442719  733446.48734789
 205108.3246502  -547662.52864797  733446.4828705 
 205104.87062134 -547663.80265939  733446.47839191
 205101.41602463 -547665.0768798   733446.47391071
 205098.02025692 -547666.32940148  733446.46950394
 205094.62449231 -547667.58192199  733446.46509534
 205091.22872617 -547668.83444326  733446.46068487
 205087.83352708 -547670.08675534  733446.45627331
 205084.49659377 -547671.31757616  733446.45193566
 205081.15880877 -547672.54871136  733446.4475951 
 205077.82130534 -547673.77974235  733446.44325316
 205074.48408818 -547675.01066827  733446.43890976
 205071.20541838 -547676.21999887  733446.43464085
 205067.92674707 -547677.42933021  733446.43037021
 205064.64807651 -547678.63866102  733446.42609787
 205061.42795411 -547679.82639669  733446.42190013
 205058.20783252 -547681.01413226  733446.41770072
 205054.98770859 -547682.20186849  733446.41349967
 205051.76758702 -547683.38960423  733446.40929693
 205048.60629671 -547684.55563986  733446.40516939
 205045.44443706 -547685.72188547  733446.4010395 
 205042.2831468  -547686.88792159  733446.39690873
 205039.12128716 -547688.05416727  733446.39277565
 205036.01826036 -547689.19871278  733446.38871789
 205032.91523281 -547690.34325865  733446.3846586 
 205029.81220601 -547691.48780401  733446.38059778
 205026.76772585 -547692.61075491  733446.37661206
 205023.25486519 -547693.90646699  733446.37201132
 205019.74200454 -547695.20217899  733446.36740861
 205016.22914392 -547696.49789125  733446.36280391
 205012.71628329 -547697.79360344  733446.35819724
 205009.26196928 -547699.06772088  733446.35366542
 205005.80765761 -547700.34183771  733446.34913168
 205002.35334282 -547701.61595526  733446.34459605
 204998.95757854 -547702.86847702  733446.34013542
 204995.56181348 -547704.12099886  733446.33567295
 204992.16604767 -547705.37352118  733446.33120862
 204988.77028187 -547706.62604344  733446.32674246
 204985.43306421 -547707.85697033  733446.3223515 
 204982.09584579 -547709.08789762  733446.31795875
 204978.75862892 -547710.31882423  733446.31356423
 204975.42141054 -547711.54975157  733446.30916792
 204972.14274107 -547712.75908342  733446.30484698
 204968.86407083 -547713.96841534  733446.30052435
 204965.58539983 -547715.17774754  733446.2962    
 204962.3652793  -547716.36548383  733446.29195117
 204959.14515645 -547717.55322058  733446.28770071
 204955.9250344  -547718.74095753  733446.28344855
 204952.7049116  -547719.92869466  733446.27919475
 204949.54333692 -547721.09483631  733446.27501668
 204946.38176225 -547722.260978    733446.27083702
 204943.22018761 -547723.42711993  733446.26665574
 204939.64672174 -547724.74518727  733446.26192779
 204936.07737062 -547726.0617368   733446.25720326
 204932.50596368 -547727.37904469  733446.25247396
 204928.93455598 -547728.69635287  733446.24774262
 204925.42169412 -547729.99206663  733446.24308685
 204921.90677646 -547731.28853887  733446.23842636
 204918.3959735  -547732.58349297  733446.23376939
 204914.88311323 -547733.87920635  733446.22910768
 204911.42880033 -547735.15332461  733446.22452175
 204907.97448821 -547736.42744266  733446.2199339 
 204904.52017378 -547737.70156148  733446.21534415
 204901.12440826 -547738.95408458  733446.21083033
 204897.72864354 -547740.20660767  733446.20631465
 204894.33287804 -547741.45913084  733446.20179714
 204890.93711335 -547742.71165401  733446.19727778
 204887.59989601 -547743.94258183  733446.19283455
 204884.26239478 -547745.17361469  733446.18838913
 204880.92546138 -547746.404438    733446.1839427 
 204877.58824409 -547747.63536625  733446.1794941 
 204874.30929102 -547748.84480358  733446.17512145
 204871.03147281 -547750.05382236  733446.17074859
 204867.75223511 -547751.263365    733446.1663721 
 204864.53211333 -547752.45110268  733446.16207283
 204861.31170688 -547753.63894521  733446.15777155
 204857.62348864 -547754.99933976  733446.15284338
 204853.99353232 -547756.33824478  733446.14799091
 204850.36357674 -547757.67714907  733446.14313637
 204846.73333653 -547759.01615864  733446.13827932
 204843.16192837 -547760.33346813  733446.13349893
 204839.5910888  -547761.65056787  733446.12871726
 204836.01996534 -547762.96777252  733446.12393316
 204832.44798866 -547764.28529206  733446.11914586
 204828.93484474 -547765.58111077  733446.11443546
 204825.42226945 -547766.87672022  733446.10972381
 204821.90969263 -547768.1723301   733446.10501019
 204818.39711584 -547769.46794013  733446.10029459
 204814.94195229 -547770.74237323  733446.09565415
 204811.48763973 -547772.01649258  733446.09101294
 204808.03332872 -547773.29061137  733446.08636982
 204804.63784665 -547774.54303096  733446.08180393
 204801.24179833 -547775.79565978  733446.07723541
 204797.84688336 -547777.04787054  733446.07266657
 204794.45055115 -547778.30060389  733446.06809399
 204791.11305101 -547779.53163749  733446.0635988 
 204787.77611792 -547780.7624619   733446.05910259
 204784.43861625 -547781.99349583  733446.05460385
 204781.10140003 -547783.22442464  733446.0501037 
 204777.82272964 -547784.43375889  733446.04568077
 204774.07624748 -547785.81564518  733446.04062464
 204770.38717629 -547787.1763556   733446.03564379
 204766.69867368 -547788.53685626  733446.03066153
 204763.01017033 -547789.89735718  733446.0256771 
 204759.32195089 -547791.25775349  733446.02069087
 204755.69171175 -547792.59676376  733446.01578091
 204752.06175655 -547793.93566928  733446.01086923
 204748.43180137 -547795.27457494  733446.00595543
 204744.86039434 -547796.59188552  733446.0011188 
 204741.28898729 -547797.90919572  733445.99628016
 204737.71757873 -547799.22650666  733445.99143947
 204734.14617095 -547800.54381739  733445.98659674
 204730.63331209 -547801.83953257  733445.98183139
 204727.12045092 -547803.13524854  733445.97706407
 204723.60759128 -547804.43096374  733445.9722948 
 204720.0947309  -547805.72667953  733445.96752352
 204716.64041942 -547807.00079946  733445.96282987
 204713.18610721 -547808.27492009  733445.95813426
 204709.73179575 -547809.5490401   733445.95343678
 204706.33603167 -547810.80156525  733445.94881703
 204702.94026529 -547812.05409118  733445.94419545
 204699.544502   -547813.30661594  733445.93957202
 204696.14873717 -547814.55914135  733445.93494675
 204692.81152048 -547815.79007133  733445.93039942
 204689.00592346 -547817.19376331  733445.92521168
 204685.25887147 -547818.57586065  733445.92010152
 204681.51182262 -547819.95795736  733445.91498908
 204677.76477068 -547821.34005489  733445.9098744 
 204674.01800572 -547822.72204659  733445.90475788
 204670.32921881 -547824.0826535   733445.89971831
 204666.64071658 -547825.44315531  733445.89467696
 204662.95221435 -547826.80365718  733445.88963343
 204659.26370981 -547828.16415982  733445.88458773
 204655.63375497 -547829.50306665  733445.87961999
 204652.00380091 -547830.84197317  733445.87465014
 204648.37384531 -547832.18088024  733445.86967818
 204644.80243862 -547833.49819163  733445.86478436
 204641.23131585 -547834.81539849  733445.85988887
 204637.65962452 -547836.1328152   733445.85499056
 204634.08821709 -547837.45012707  733445.8500906 
 204630.57535701 -547838.74584354  733445.845269  
 204627.0624985  -547840.04155989  733445.84044539
 204623.54963769 -547841.337277    733445.83561982
 204620.03677844 -547842.63299355  733445.83079227
 204616.58246729 -547843.90711457  733445.82604326
 204613.12815541 -547845.1812362   733445.82129233
 204609.67384355 -547846.45535775  733445.81653949
 204606.27807978 -547847.70788377  733445.81186535
 204602.88259997 -547848.96030535  733445.80718974
 204599.48655156 -547850.21293647  733445.80251152
 204596.09078628 -547851.46546299  733445.79783186
 204592.75328681 -547852.69649877  733445.79323065
 204589.41635436 -547853.92732507  733445.78862847
 204586.07970583 -547855.15804671  733445.7840249 
 204582.7422056  -547856.38908264  733445.77941836
 204579.46325351 -547857.59852334  733445.77489088
 204576.18458377 -547858.80785968  733445.77036208
 204572.90563245 -547860.01729989  733445.76583118
 204569.68636258 -547861.20472667  733445.76138107
 204566.46567316 -547862.392677    733445.75692734
 204563.24555236 -547863.58041785  733445.75247273
 204560.02514688 -547864.76826355  733445.74801607
 204556.86385814 -547865.93430442  733445.74363959
 204553.70200079 -547867.10055471  733445.73926074
 204550.5407113  -547868.26659588  733445.73488106
 204547.37970568 -547869.43253199  733445.73050019
 204544.2758279  -547870.57739682  733445.72619693
 204541.17308652 -547871.7218425   733445.7218937 
 204538.06977656 -547872.86649771  733445.71758816
 204535.02558413 -547873.98934803  733445.71336309
 204531.98082075 -547875.11240842  733445.70913579
 204528.93719455 -547876.23504931  733445.7049086 
 204525.89186495 -547877.35831893  733445.70067752
 204522.90593364 -547878.45967935  733445.69652754
 204519.45162282 -547879.73380143  733445.69172481
 204515.99731129 -547881.00792422  733445.68692014
 204512.54356755 -547882.28183726  733445.68211438
 204509.14723709 -547883.53457365  733445.67738663
 204505.75147214 -547884.78710145  733445.67265782
 204502.35656047 -547886.03931454  733445.66792835
 204498.95994459 -547887.2921562   733445.66319467
 204495.62273008 -547888.52308767  733445.65854198
 204492.28579643 -547889.75391569  733445.65388789
 204488.9482965  -547890.9849525   733445.64923123
 204485.61108128 -547892.21588452  733445.64457318
 204482.33241184 -547893.42522174  733445.63999512
 204479.05459416 -547894.63424504  733445.63541652
 204475.77507534 -547895.84389572  733445.63083382
 204472.55523872 -547897.03153261  733445.62633285
 204469.33483354 -547898.21937935  733445.62182942
 204466.11471305 -547899.40712108  733445.61732473
 204462.8945918  -547900.5948632   733445.61281838
 204459.73301944 -547901.76100961  733445.60839234
 204456.57144707 -547902.92715594  733445.60396471
 204453.40987397 -547904.09330276  733445.59953546
 204450.24830086 -547905.25944941  733445.59510463
 204447.14527509 -547906.40400084  733445.5907543 
 204444.04225013 -547907.54855236  733445.5864024 
 204440.93922438 -547908.69310384  733445.58204899
 204437.89474752 -547909.81605983  733445.5777762 
 204434.38188814 -547911.11177869  733445.57284423
 204430.86902878 -547912.4074977   733445.56791027
 204427.35617018 -547913.70321629  733445.56297435
 204423.84331161 -547914.99893513  733445.55803644
 204420.38900038 -547916.27305865  733445.55317891
 204416.93468917 -547917.5471822   733445.54831947
 204413.48094579 -547918.82109653  733445.54345891
 204410.08461412 -547920.07383447  733445.53867729
 204406.68679368 -547921.32712167  733445.53389172
 204403.29308719 -547922.57889118  733445.52911012
 204399.89732413 -547923.83141941  733445.52432376
 204396.56010922 -547925.06235248  733445.51961812
 204393.22289197 -547926.29328612  733445.5149107 
 204389.88596096 -547927.52411438  733445.5102019 
 204386.54846138 -547928.75515238  733445.50549051
 204383.26979305 -547929.96449036  733445.50086045
 204379.99112551 -547931.17382835  733445.49622864
 204376.7124572  -547932.38316661  733445.49159512
 204373.49233545 -547933.57090968  733445.48704268
 204370.27221604 -547934.75865215  733445.48248857
 204367.05209663 -547935.94639464  733445.4779328 
 204363.83197491 -547937.13413781  733445.47337538
 204360.67040135 -547938.30028601  733445.46889917
 204357.50670038 -547939.46721863  733445.46441837
 204354.34725649 -547940.63258095  733445.45994201
 204350.77613474 -547941.94979087  733445.45488046
 204347.20444599 -547943.26721037  733445.44981602
 204343.63303882 -547944.58452577  733445.44474997
 204340.06163243 -547945.90184084  733445.43968188
 204336.54934198 -547947.19735108  733445.43469568
 204333.03591513 -547948.49328054  733445.42970589
 204329.52305767 -547949.78900018  733445.42471492
 204326.00984399 -547951.08485113  733445.41972148
 204322.55588702 -547952.35884528  733445.41481033
 204319.10122221 -547953.63310034  733445.40989629
 204315.64726604 -547954.90709432  733445.40498132
 204312.25121939 -547956.15972837  733445.40014689
 204308.85574053 -547957.4121527   733445.39531146
 204305.46026094 -547958.66457772  733445.39047414
 204302.06208462 -547959.91799732  733445.38563115
 204298.7269974  -547961.14814663  733445.38087626
 204295.39034982 -547962.37887114  733445.3761174 
 204292.05221273 -547963.61014556  733445.37135458
 204288.71535208 -547964.84094902  733445.36659183
 204285.43668483 -547966.05028777  733445.3619104 
 204282.15801532 -547967.25962772  733445.35722722
 204278.87906418 -547968.46907122  733445.35254195
 204275.6592282  -547969.65671011  733445.34793947
 204272.4391091  -547970.84445357  733445.34333491
 204268.75060679 -547972.20496062  733445.33805856
 204265.1185952  -547973.54463091  733445.3328609 
 204261.49034446 -547974.88291422  733445.32766649
 204257.86074652 -547976.22169459  733445.32246805
 204254.28898576 -547977.53914153  733445.31735039
 204250.71850219 -547978.85611726  733445.31223254
 204247.14624441 -547980.17374763  733445.30711009
 204243.57483992 -547981.49106342  733445.30198681
 204240.0619112  -547982.7868102   733445.29694544
 204236.54940645 -547984.08240092  733445.29190267
 204233.03619386 -547985.37825267  733445.28685693
 204229.52369066 -547986.67384267  733445.28181024
 204226.06902464 -547987.94809945  733445.27684472
 204222.6147864  -547989.22219842  733445.2718779 
 204219.16040357 -547990.49635104  733445.26690895
 204215.7649966  -547991.74875021  733445.26202298
 204212.36895026 -547993.00138514  733445.25713426
 204208.97403804 -547994.25360198  733445.25224531
 204205.57735315 -547995.50647265  733445.24735196
 204202.24013808 -547996.7374077   733445.24254249
 204198.90292304 -547997.96834311  733445.23773123
 204195.56570724 -547999.19927868  733445.23291818
 204192.2284922  -548000.43021395  733445.22810336
 204188.94982605 -548001.63955346  733445.22337128
 204185.20277594 -548003.02165682  733445.21796108
 204181.51434627 -548004.38213818  733445.21263331
 204177.82584506 -548005.74264594  733445.20730326
 204174.13734464 -548007.10315361  733445.20197102
 204170.44877345 -548008.46368731  733445.19663651
 204166.81882114 -548009.80259951  733445.19138465
 204163.1888673  -548011.14151225  733445.18613067
 204159.55983598 -548012.48008455  733445.18087594
 204155.98757855 -548013.79771606  733445.17570133
 204152.41617282 -548015.11503316  733445.17052594
 204148.84469713 -548016.43237656  733445.16534837
 204145.27329298 -548017.74969335  733445.16016888
 204141.76050463 -548019.0453896   733445.15507242
 204138.24757628 -548020.34113761  733445.14997377
 204134.73471796 -548021.63685991  733445.14487324
 204131.22250056 -548022.93234582  733445.13977167
 204127.76755019 -548024.2067086   733445.13475136
 204124.31331076 -548025.48080913  733445.12973018
 204120.8592845  -548026.75483155  733445.12470736
 204117.46316694 -548028.00749406  733445.11976691
 204114.06740561 -548029.2600249   733445.11482515
 204110.67171356 -548030.51253047  733445.10988164
 204107.27595073 -548031.7650623   733445.10493616
 204103.93873677 -548032.99599825  733445.10007416
 204100.13306967 -548034.3997239   733445.09452749
 204096.38609298 -548035.78180136  733445.0890641 
 204092.63897244 -548037.16393193  733445.08359826
 204088.89199737 -548038.54600941  733445.07813034
 204085.14494839 -548039.92811361  733445.07266011
 204081.45637676 -548041.28864871  733445.06727304
 204077.76787669 -548042.64915738  733445.06188389
 204074.07937586 -548044.00966635  733445.05649257
 204070.39094659 -548045.3701489   733445.05109918
 204066.76099311 -548046.70906274  733445.04578915
 204063.13160746 -548048.04776715  733445.04047786
 204059.50108927 -548049.38688945  733445.03516278
 204055.92961235 -548050.70423419  733445.0299321 
 204052.35856168 -548052.02142162  733445.0247    
 204048.78680088 -548053.33887112  733445.01946482
 204045.21575179 -548054.65605835  733445.01422862
 204041.7031777  -548055.9516769   733445.00907619
 204038.18968189 -548057.24763558  733445.00392041
 204034.67654002 -548058.54346378  733444.99876317
 204031.16396749 -548059.83908173  733444.99360482
 204027.70972763 -548061.11318367  733444.9885302 
 204024.25570169 -548062.38720693  733444.98345397
 204020.80103635 -548063.66146574  733444.97837492
 204017.40534618 -548064.91397192  733444.97338068
 204014.00958367 -548066.16650475  733444.96838449
 204010.61375116 -548067.41906337  733444.96338635
 204007.21862803 -548068.67136024  733444.95838743
 204003.88141289 -548069.90229805  733444.95347194
 204000.54355911 -548071.13347094  733444.94855377
 203997.20634474 -548072.36440837  733444.94363472
 203993.8691304  -548073.59534582  733444.9387139 
 203990.59046257 -548074.80468812  733444.93387768
 203987.31179707 -548076.01402972  733444.92903974
 203984.03320239 -548077.22334545  733444.92420016
 203980.81272799 -548078.41122315  733444.91944472
 203977.59260831 -548079.59897021  733444.91468814
 203974.37248785 -548080.78671733  733444.90992991
 203971.15265363 -548081.97435918  733444.90517043
 203967.99079893 -548083.14061528  733444.90049502
 203964.82922736 -548084.30676688  733444.89581844
 203961.66857753 -548085.4725784   733444.89114164
 203958.50608502 -548086.63906981  733444.8864605 
 203955.40341394 -548087.78349587  733444.88186635
 203952.30095907 -548088.92784239  733444.87727098
 203949.19701235 -548090.07273906  733444.87267186
 203946.15253699 -548091.19569965  733444.86815936
 203943.10806088 -548092.31866064  733444.86364537
 203940.0638679  -548093.44151711  733444.85913032
 203937.01910868 -548094.56458268  733444.85461294
 203934.0331799  -548095.6659484   733444.85018141
 203930.57887035 -548096.94007715  733444.84505297
 203927.12456006 -548098.21420641  733444.8399226 
 203923.67025133 -548099.48833509  733444.83479033
 203920.27448836 -548100.74086906  733444.82974318
 203916.87908241 -548101.99327144  733444.82469472
 203913.48296556 -548103.24593613  733444.81964334
 203910.08720418 -548104.49846972  733444.81459065
 203906.74999012 -548105.7294082   733444.80962327
 203903.41277528 -548106.96034664  733444.80465412
 203900.07556123 -548108.19128499  733444.79968319
 203896.73834874 -548109.42222287  733444.79471046
 203893.45996438 -548110.63146184  733444.78982367
 203890.18101453 -548111.84090948  733444.78493431
 203886.90234784 -548113.0502527   733444.78004365
 203883.68222846 -548114.23800071  733444.77523864
 203880.46211061 -548115.42574816  733444.77043197
 203877.24199126 -548116.61349624  733444.76562364
 203874.0218719  -548117.80124413  733444.76081367
 203870.86030065 -548118.96739688  733444.7560895 
 203867.69872937 -548120.13354935  733444.75136376
 203864.53715889 -548121.29970148  733444.74663643
 203861.37558765 -548122.46585411  733444.74190748
 203858.2725645  -548123.61041127  733444.73726455
 203855.16954136 -548124.75496835  733444.73262007
 203852.06651666 -548125.89952585  733444.72797407
 203849.02204161 -548127.02248748  733444.72341421
 203845.50918431 -548128.31821299  733444.71815099
 203841.99632856 -548129.61393793  733444.71288581
 203838.48347051 -548130.90966375  733444.70761864
 203834.97061555 -548132.20538842  733444.70234951
 203831.51630636 -548133.47951847  733444.69716626
 203828.06199565 -548134.75364903  733444.6919811 
 203824.60768647 -548136.02777895  733444.68679405
 203821.2119254  -548137.28031359  733444.68169302
 203817.81616355 -548138.53284842  733444.67659016
 203814.4204025  -548139.78538292  733444.67148546
 203811.02464146 -548141.03791768  733444.6663789 
 203807.68742771 -548142.2688569   733444.6613586 
 203804.35021401 -548143.49979644  733444.6563365 
 203801.01300028 -548144.73073573  733444.65131263
 203797.67578659 -548145.96167525  733444.64628697
 203794.39775878 -548147.17078387  733444.64134871
 203791.11845458 -548148.38036341  733444.6364068 
 203787.8397882  -548149.58970756  733444.63146414
 203784.61966915 -548150.77745668  733444.62660804
 203781.39955088 -548151.96520548  733444.62175029
 203778.17943183 -548153.15295435  733444.6168909 
 203774.95931433 -548154.34070287  733444.61202984
 203771.79774337 -548155.50685629  733444.60725555
 203768.63645558 -548156.67290551  733444.60248007
 203765.47524011 -548157.83892795  733444.59770311
 203761.90319796 -548159.15648488  733444.59230342
 203758.33179368 -548160.47380663  733444.58690266
 203754.76038786 -548161.7911289   733444.58149985
 203751.18926826 -548163.10834558  733444.57609544
 203747.67612894 -548164.40417636  733444.57077676
 203744.16355591 -548165.6997983   733444.56545696
 203740.65041585 -548166.99562939  733444.56013433
 203737.13755967 -548168.29135554  733444.55481018
 203733.68388944 -548169.56525117  733444.54957378
 203730.22894279 -548170.83961765  733444.54433353
 203726.77463396 -548172.11374872  733444.53909236
 203723.37887243 -548173.36628446  733444.53393816
 203719.9837503  -548174.6185845   733444.52878307
 203716.587351   -548175.87135595  733444.52362418
 203713.19158874 -548177.12389204  733444.51846445
 203709.85501472 -548178.35459677  733444.51339281
 203706.51780054 -548179.58553729  733444.50831846
 203703.17788965 -548180.81747283  733444.50323819
 203699.84273363 -548182.04765423  733444.49816341
 203696.56378521 -548183.25710371  733444.49317237
 203693.28540383 -548184.4663439   733444.4881805 
 203690.00737637 -548185.6754535   733444.48318746
 203686.78661826 -548186.86343933  733444.47827995
 203683.56713968 -548188.05095341  733444.47337273
 203679.87771781 -548189.41180722  733444.46774717
 203676.24776573 -548190.75072521  733444.4622102 
 203672.61781603 -548192.08964303  733444.45667106
 203668.9887865  -548193.42822096  733444.45113126
 203665.41646003 -548194.7458841   733444.44567595
 203661.84505687 -548196.06320668  733444.44021999
 203658.27365371 -548197.38052931  733444.434762  
 203654.70224824 -548198.6978525   733444.42930199
 203651.18967707 -548199.99347487  733444.42392991
 203647.67710437 -548201.28909768  733444.41855586
 203644.16368073 -548202.58503452  733444.41317852
 203640.6508257  -548203.8807618   733444.40780007
 203637.19651643 -548205.1548942   733444.40250934
 203633.74249108 -548206.42892197  733444.39721713
 203630.28790023 -548207.70315839  733444.39192215
 203626.89242295 -548208.95559047  733444.38671592
 203623.49637785 -548210.20823196  733444.38150697
 203620.10061747 -548211.46076875  733444.3762966 
 203616.7048571  -548212.71330559  733444.37108437
 203613.36764325 -548213.94424709  733444.36596024
 203610.03043019 -548215.17518858  733444.36083431
 203606.69321791 -548216.40612987  733444.35570659
 203603.35600332 -548217.63707182  733444.3505771 
 203600.0773391  -548218.84641742  733444.34553586
 203596.32823387 -548220.2292869   733444.33976915
 203592.64179298 -548221.58904228  733444.33409666
 203588.9532955  -548222.9495564   733444.32841881
 203585.26479493 -548224.31007145  733444.3227388 
 203581.57629748 -548225.67058566  733444.31705659
 203577.94663048 -548227.00940016  733444.31146289
 203574.31639565 -548228.34842395  733444.30586621
 203570.68644399 -548229.68734348  733444.30026785
 203567.11504116 -548231.00466712  733444.29475773
 203563.54363833 -548232.3219906   733444.28924558
 203559.97223399 -548233.63931483  733444.28373138
 203556.4008312  -548234.95663859  733444.27821512
 203552.8859168  -548236.25312642  733444.27278414
 203549.37575884 -548237.54786005  733444.26735851
 203545.86226399 -548238.84382434  733444.26192576
 203542.34940774 -548240.13955288  733444.25649205
 203538.89509959 -548241.41368622  733444.25114694
 203535.4407922  -548242.68781903  733444.24579993
 203531.98648409 -548243.96195254  733444.240451  
 203528.590724   -548245.21449011  733444.23519088
 203525.19560253 -548246.46679214  733444.22992991
 203521.79920235 -548247.71956606  733444.22466509
 203518.4040109  -548248.97189423  733444.2194003 
 203515.06622956 -548250.20304623  733444.21422276
 203511.25857889 -548251.60751133  733444.20831417
 203507.51415811 -548252.98865422  733444.2025014 
 203503.76626038 -548254.37107919  733444.19668103
 203500.02013616 -548255.75285037  733444.19086114
 203496.27273628 -548257.13509191  733444.18503704
 203492.58395216 -548258.49571283  733444.17930184
 203488.89573975 -548259.85612318  733444.17356533
 203485.20724035 -548261.21663924  733444.16782621
 203481.51874326 -548262.57715451  733444.16208492
 203477.88914741 -548263.91594405  733444.15643317
 203474.25919609 -548265.25486456  733444.15077877
 203470.62860619 -548266.59402069  733444.14512127
 203467.0578431  -548267.91110975  733444.13955491
 203463.48580127 -548269.22867028  733444.13398454
 203459.91496664 -548270.54578557  733444.12841401
 203456.34299485 -548271.86332032  733444.12283967
 203452.83013895 -548273.15905017  733444.11735557
 203449.31785243 -548274.4545703   733444.11187037
 203445.80442872 -548275.75050938  733444.10638146
 203442.29221222 -548277.04600352  733444.10089244
 203438.8379044  -548278.32013763  733444.09549201
 203435.38295801 -548279.59450757  733444.09008865
 203431.92836631 -548280.86874664  733444.08468394
 203428.53317439 -548282.12107592  733444.0793703 
 203425.13713078 -548283.37371948  733444.07405348
 203421.74193811 -548284.62604897  733444.06873615
 203418.34624921 -548285.87856182  733444.06341619
 203415.00903602 -548287.10950541  733444.05818606
 203411.67090114 -548288.34078945  733444.05295266
 203408.33397265 -548289.57162819  733444.04771941
 203404.99739889 -548290.80233637  733444.04248491
 203401.71873303 -548292.01168475  733444.03733954
 203398.43942935 -548293.22126861  733444.03219143
 203395.16048192 -548294.430721    733444.02704217
 203391.94036415 -548295.61847411  733444.02198361
 203388.72024714 -548296.80622668  733444.0169234 
 203385.50013092 -548297.99397916  733444.01186153
 203382.28029709 -548299.18162757  733444.00679843
 203379.11844271 -548300.34788983  733444.00182492
 203375.95687458 -548301.51404691  733443.99685022
 203372.7953049  -548302.6802043   733443.99187394
 203369.63373447 -548303.84636208  733443.98689605
 203366.53071285 -548304.99092383  733443.9820088 
 203363.42797439 -548306.13538129  733443.97712044
 203360.3246681  -548307.28004804  733443.97222966
 203357.28019458 -548308.4030145   733443.96743008
 203354.23657202 -548309.52566698  733443.96263036
 203351.19124522 -548310.64894793  733443.95782648
 203348.14677093 -548311.77191452  733443.95302246
 203345.16084393 -548312.87328578  733443.94830938
 203341.70682115 -548314.14731622  733443.94285565
 203338.25222902 -548315.42155656  733443.93739913
 203334.79792157 -548316.69569192  733443.93194114
 203331.40216295 -548317.94823144  733443.9265738 
 203328.00640203 -548319.20077187  733443.9212046 
 203324.61064342 -548320.45331136  733443.91583357
 203321.2148833  -548321.7058515   733443.91046069
 203317.87766967 -548322.93679646  733443.90517865
 203314.5404584  -548324.16774093  733443.89989481
 203311.20416884 -548325.3983451   733443.89461067
 203307.8660343  -548326.62963003  733443.88932181
 203304.58737032 -548327.83897913  733443.88412542
 203301.30898946 -548329.04822353  733443.87892779
 203298.03004236 -548330.25767703  733443.87372753
 203294.80786677 -548331.4461902   733443.86861562
 203291.58980745 -548332.63318492  733443.8635086 
 203288.36969002 -548333.82093898  733443.85839664
 203285.14957336 -548335.0086927   733443.85328302
 203281.98800474 -548336.17485076  733443.84826077
 203278.82643538 -548337.34100919  733443.84323691
 203275.66486679 -548338.50716741  733443.83821145
 203272.50329744 -548339.6733258   733443.8331844 
 203269.4002746  -548340.81788932  733443.82824886
 203266.29725407 -548341.96245181  733443.82331181
 203263.19423124 -548343.10701518  733443.81837321
 203260.15004114 -548344.22987781  733443.81352675
 203256.63718671 -548345.52560959  733443.80793229
 203253.12198948 -548346.82220552  733443.80233213
 203249.61119474 -548348.11717747  733443.79673702
 203246.09833803 -548349.4129101   733443.79113665
 203242.6445995  -548350.68683684  733443.78562859
 203239.18972535 -548351.96118256  733443.7801168 
 203235.73541827 -548353.23531908  733443.77460402
 203232.33965766 -548354.48786032  733443.76918282
 203228.94184127 -548355.74116014  733443.76375648
 203225.54813885 -548356.99294245  733443.75833486
 203222.1523806  -548358.24548305  733443.75290812
 203218.81516732 -548359.47642916  733443.74757314
 203215.47852418 -548360.70716509  733443.74223728
 203212.14074465 -548361.93832013  733443.73689782
 203208.80381608 -548363.16916131  733443.73155794
 203205.52543556 -548364.3784069   733443.72631002
 203202.2462041  -548365.5879662   733443.72105902
 203198.96548233 -548366.7980756   733443.71580389
 203195.74742333 -548367.98507129  733443.71064748
 203192.52730773 -548369.17282561  733443.70548611
 203189.30747454 -548370.36047598  733443.70032353
 203186.08679118 -548371.54844004  733443.69515791
 203182.92607228 -548372.71428558  733443.69008689
 203179.764504   -548373.88044485  733443.68501287
 203176.60265181 -548375.04670842  733443.67993683
 203173.0312489  -548376.3640373   733443.67420133
 203169.45927892 -548377.68157493  733443.66846291
 203165.88816146 -548378.99879841  733443.66272379
 203162.31732716 -548380.3159175   733443.65698309
 203158.80447229 -548381.61165039  733443.65133362
 203155.29076729 -548382.90769729  733443.64568078
 203151.77876341 -548384.20311635  733443.64002874
 203148.2650584  -548385.49916313  733443.63437196
 203144.81160334 -548386.77298629  733443.62881027
 203141.35729583 -548388.04712429  733443.62324527
 203137.90298985 -548389.32126153  733443.61767838
 203134.50723036 -548390.57380356  733443.61220398
 203131.11061919 -548391.82666008  733443.60672634
 203127.71486127 -548393.07920169  733443.60124826
 203124.31967041 -548394.33153422  733443.59576923
 203120.98189118 -548395.56269023  733443.59038105
 203117.64496217 -548396.79353271  733443.58499247
 203114.30775155 -548398.02447897  733443.57960165
 203110.97110799 -548399.25521625  733443.57420995
 203107.6915914  -548400.46488191  733443.56890884
 203104.41292885 -548401.67423262  733443.56360738
 203101.13426478 -548402.88358408  733443.5583042 
 203097.91414797 -548404.07134006  733443.55309403
 203094.69488365 -548405.25878135  733443.54788361
 203091.00553401 -548406.61961626  733443.54191028
 203087.37558645 -548407.95854056  733443.536031  
 203083.74648907 -548409.29715104  733443.53015101
 203080.11568751 -548410.63639041  733443.52426612
 203076.54456959 -548411.95361494  733443.51847593
 203072.97288465 -548413.27104883  733443.51268277
 203069.40148289 -548414.58837852  733443.50688801
 203065.83008189 -548415.90570781  733443.50109122
 203062.31722736 -548417.20144166  733443.49538749
 203058.80437365 -548418.49717562  733443.48968176
 203055.29151917 -548419.79290987  733443.48397405
 203051.77866624 -548421.08864345  733443.47826438
 203048.32435904 -548422.36278227  733443.47264794
 203044.87033575 -548423.63681622  733443.46703006
 203041.41368809 -548424.91181871  733443.46140596
 203038.01793048 -548426.16436127  733443.4558791 
 203034.62422948 -548427.41614516  733443.45035375
 203031.22846959 -548428.66868875  733443.44482319
 203027.83271125 -548429.92123179  733443.43929078
 203024.4955002  -548431.15217954  733443.43385195
 203021.15828912 -548432.38312702  733443.42841136
 203017.82107808 -548433.61407474  733443.42296897
 203014.48181044 -548434.84578098  733443.41752144
 203011.20520326 -548436.05437466  733443.4121744 
 203007.45815996 -548437.4364913   733443.40605756
 203003.76994705 -548438.79690803  733443.40003455
 203000.07910742 -548440.15829349  733443.39400509
 202996.39267109 -548441.51805516  733443.38798063
 202992.70417354 -548442.87857695  733443.38195063
 202989.07422401 -548444.2175028   733443.37601424
 202985.4442753  -548445.55642896  733443.3700757 
 202981.81432659 -548446.89535486  733443.36413507
 202978.24086855 -548448.21344407  733443.35828482
 202974.67152525 -548449.53001544  733443.35243927
 202971.10069087 -548450.84713692  733443.34658924
 202967.5287224  -548452.16467646  733443.34073533
 202964.01586902 -548453.46041147  733443.33497628
 202960.50301412 -548454.75614701  733443.32921526
 202956.99072933 -548456.05167217  733443.3234532 
 202953.47730741 -548457.3476169   733443.3176873 
 202950.02300133 -548458.62175654  733443.31201648
 202946.56869681 -548459.89589571  733443.30634375
 202943.11233183 -548461.17079465  733443.30066575
 202939.71657382 -548462.42333872  733443.29508542
 202936.32344098 -548463.67491442  733443.28950757
 202932.92768297 -548464.92745846  733443.28392356
 202929.53135563 -548466.18021249  733443.27833677
 202926.19471348 -548467.41095147  733443.27284635
 202922.38883856 -548468.81476947  733443.26658165
 202918.64207873 -548470.19678261  733443.26041198
 202914.89503424 -548471.57890083  733443.2542396 
 202911.14799207 -548472.96101825  733443.24806497
 202907.40037826 -548474.34334663  733443.24188715
 202903.71245194 -548475.70365888  733443.23580553
 202900.02338692 -548477.06439111  733443.22971987
 202896.3354591  -548478.42470405  733443.22363389
 202892.64696272 -548479.78522696  733443.21754478
 202889.01644652 -548481.12436316  733443.21154929
 202885.38706678 -548482.46308076  733443.20555353
 202881.75711842 -548483.80200759  733443.19955476
 202878.18571734 -548485.11933922  733443.19365066
 202874.6143155  -548486.43667126  733443.18774452
 202871.0423474  -548487.7542121   733443.18183541
 202867.47151416 -548489.07133428  733443.17592613
 202863.95780942 -548490.36738444  733443.1701094 
 202860.44495563 -548491.66312074  733443.1642921 
 202856.93238655 -548492.95875214  733443.1584733 
 202853.4201014  -548494.25427901  733443.15265297
 202849.96494473 -548495.52873363  733443.1469254 
 202846.51149072 -548496.80256002  733443.14119876
 202843.05633255 -548498.07701542  733443.13546735
 202839.66057409 -548499.3295606   733443.12983263
 202836.26566813 -548500.58179143  733443.12419748
 202832.86990972 -548501.83433688  733443.11855906
 202829.47330033 -548503.08719597  733443.1129174 
 202826.13608995 -548504.31814581  733443.10737257
 202822.79887957 -548505.54909536  733443.10182599
 202819.46166922 -548506.78004537  733443.09627758
 202816.12530979 -548508.010681    733443.09072885
 202812.84579651 -548509.22034908  733443.08527289
 202809.5671342  -548510.42970318  733443.07981664
 202806.28847035 -548511.63905792  733443.07435866
 202803.06835527 -548512.82681633  733443.06899649
 202799.84823945 -548514.01457533  733443.06363264
 202796.62812442 -548515.20233422  733443.05826712
 202793.40886109 -548516.38977858  733443.0529014 
 202790.24644081 -548517.55625627  733443.04762878
 202787.08487305 -548518.72241969  733443.04235597
 202783.92330528 -548519.88858294  733443.03708158
 202780.75961015 -548521.05553104  733443.03180203
 202777.65871779 -548522.19931383  733443.02662573
 202774.55569807 -548523.34388148  733443.02144434
 202771.45061945 -548524.48920869  733443.01625796
 202768.40614699 -548525.61218094  733443.01117131
 202765.36373264 -548526.73439381  733443.00608664
 202762.3192602  -548527.8573661   733443.00099703
 202759.27265963 -548528.9811236   733442.99590236
 202756.28886333 -548530.08171488  733442.99091131
 202752.83484109 -548531.35575222  733442.9851319 
 202749.38025259 -548532.62999847  733442.97934963
 202745.92594647 -548533.90414057  733442.97356592
 202742.53047381 -548535.15658171  733442.96787885
 202739.13443181 -548536.40923274  733442.962189  
 202735.73867448 -548537.66177879  733442.95649778
 202732.34291719 -548538.91432507  733442.95080469
 202729.00570713 -548540.14527561  733442.94520799
 202725.66906414 -548541.37601739  733442.93961042
 202722.33064691 -548542.6074133   733442.93400812
 202718.99194735 -548543.83891374  733442.92840353
 202715.71541272 -548545.04748389  733442.92290159
 202712.43703463 -548546.25673421  733442.91739483
 202709.15837187 -548547.4660896   733442.91188586
 202705.93825636 -548548.65384956  733442.90647359
 202702.71842631 -548549.84150415  733442.90106015
 202699.49774377 -548551.02947329  733442.89564361
 202696.27762906 -548552.21723298  733442.89022636
 202693.11606159 -548553.38339713  733442.884906  
 202689.95449492 -548554.54956128  733442.87958401
 202686.7934945  -548555.71551628  733442.87426141
 202683.63136004 -548556.88188996  733442.86893527
 202680.52833984 -548558.02645865  733442.86370717
 202677.4253204  -548559.17102703  733442.85847753
 202674.32286651 -548560.31538714  733442.85324728
 202671.27782808 -548561.43856917  733442.84811233
 202667.764975   -548562.7343076   733442.84218666
 202664.25212193 -548564.03004617  733442.83625899
 202660.73927042 -548565.32578407  733442.83032937
 202657.22698443 -548566.62131348  733442.82439872
 202653.77211236 -548567.89566555  733442.81856308
 202650.31780812 -548569.16980809  733442.81272649
 202646.86350158 -548570.44395161  733442.80688799
 202643.46774459 -548571.69649864  733442.8011466 
 202640.07198761 -548572.94904591  733442.79540334
 202636.67622986 -548574.20159315  733442.78965826
 202633.28103996 -548575.45393127  733442.78391228
 202629.94354712 -548576.6849876   733442.77826213
 202626.60605272 -548577.91604415  733442.77261023
 202623.26884381 -548579.14699587  733442.76695699
 202619.92950445 -548580.37873331  733442.76129838
 202616.65353949 -548581.58709443  733442.75574543
 202613.3740269  -548582.79676466  733442.75018472
 202610.09564763 -548584.00601663  733442.74462423
 202606.87347507 -548585.19453622  733442.7391574 
 202603.65598585 -548586.38132855  733442.73369686
 202600.43501974 -548587.56940347  733442.72822874
 202597.21575708 -548588.75685001  733442.72276186
 202594.05419071 -548589.9230149   733442.71739135
 202590.89205423 -548591.08939025  733442.71201825
 202587.73105568 -548592.25534573  733442.70664551
 202584.15965569 -548593.57268067  733442.70057327
 202580.58825568 -548594.89001545  733442.69449901
 202577.01628947 -548596.20755965  733442.6884217 
 202573.44545578 -548597.52468573  733442.6823443 
 202569.93168133 -548598.82076535  733442.67636202
 202562.90604901 -548601.41221751  733442.66439479
 202559.39312479 -548602.70798369  733442.65840802
 202555.93974336 -548603.98178679  733442.65252083
 202552.48451619 -548605.2562709   733442.64662856
 202549.03028311 -548606.53038863  733442.64073605
 202545.6345257  -548607.78293715  733442.63494145
 202542.2387683  -548609.03548561  733442.62914501
 202538.84294088 -548610.28805986  733442.62334661
 202535.44718349 -548611.54060828  733442.61754648
 202532.1108974  -548612.77122059  733442.61184612
 202528.77276553 -548614.00251371  733442.60614082
 202525.4355554  -548615.23346673  733442.60043532
 202522.09628794 -548616.46517885  733442.59472451
 202518.81762582 -548617.6745361   733442.58911563
 202515.54102187 -548618.88313438  733442.58350853
 202512.26243133 -548620.09246534  733442.57789632
 202509.04231648 -548621.28022729  733442.57238253
 202505.82007426 -548622.46877397  733442.56686343
 202502.13363671 -548623.82854224  733442.56054722
 202498.50369059 -548625.1674735   733442.55432567
 202494.87438152 -548626.50616962  733442.5481031 
 202491.24379682 -548627.84533645  733442.54187624
 202487.67033906 -548629.16343166  733442.53574529
 202484.10099678 -548630.48000878  733442.52961937
 202480.52966872 -548631.79731831  733442.523488  
 202476.95883693 -548633.11444509  733442.51735543
 202473.44534596 -548634.41042124  733442.51131935
 202469.93256594 -548635.70613534  733442.5052825 
 202466.41964282 -548637.00190209  733442.49924345
 202462.90679201 -548638.29764218  733442.49320255
 202459.4524877  -548639.57178734  733442.48726037
 202455.99825339 -548640.84590627  733442.48131644
 202452.54387829 -548642.1200772   733442.47537035
 202449.14812122 -548643.37262675  733442.46952329
 202445.75243572 -548644.62515     733442.46367449
 202442.35667865 -548645.8776994   733442.45782375
 202438.96085161 -548647.13027493  733442.45197101
 202435.62364257 -548648.36122876  733442.44621752
 202432.2843754  -548649.59294161  733442.4404587 
 202428.94986313 -548650.82290084  733442.43470629
 202425.61201474 -548652.05409038  733442.42894635
 202422.33399156 -548653.26321326  733442.4232879 
 202418.58695132 -548654.64533658  733442.41681774
 202414.89845597 -548656.00586506  733442.41044648
 202411.20939513 -548657.3666021   733442.40407207
 202407.5214684  -548658.72692106  733442.39769743
 202403.83297465 -548660.08744918  733442.39131963
 202400.20302735 -548661.42638206  733442.38504094
 202396.5730816  -548662.76531438  733442.37876015
 202392.94249573 -548664.10448282  733442.37247613
 202389.37116722 -548665.42179362  733442.36629265
 202385.79976876 -548666.73913075  733442.36010696
 202382.22893656 -548668.05625884  733442.35392022
 202378.65689949 -548669.37383131  733442.34772935
 202375.14411902 -548670.6695465   733442.34163921
 202371.63126703 -548671.96528818  733442.33554696
 202368.11628691 -548673.26181507  733442.32944903
 202364.60613243 -548674.55656182  733442.32335751
 202361.15182846 -548675.83070784  733442.31736098
 202357.69482776 -548677.10584858  733442.31135786
 202354.24322132 -548678.37899976  733442.30536218
 202350.84476784 -548679.63254483  733442.299457  
 202347.45170864 -548680.88410054  733442.29355931
 202344.05595192 -548682.1366509   733442.28765513
 202340.66019601 -548683.38920137  733442.28174907
 202337.32298655 -548684.62015647  733442.27594305
 202333.51739709 -548686.02387707  733442.26931997
 202329.77035641 -548687.40600159  733442.26279652
 202326.02331419 -548688.78812664  733442.25627083
 202322.27570573 -548690.17046081  733442.24974189
 202318.52923213 -548691.55237634  733442.24321268
 202314.84009858 -548692.91314145  733442.23678123
 202311.15132203 -548694.27377507  733442.2303482 
 202307.46318258 -548695.63417387  733442.22391409
 202303.77468998 -548696.9947029   733442.2174772 
 202300.14438682 -548698.3337682   733442.21113973
 202296.51444143 -548699.67270146  733442.2048008 
 202292.88541861 -548701.01129491  733442.19846133
 202289.3140197  -548702.32863305  733442.19222049
 202285.74262003 -548703.64597159  733442.18597759
 202282.1703002  -548704.96364967  733442.17973105
 202278.59890057 -548706.28098829  733442.17348407
 202275.08604969 -548707.57673079  733442.16733751
 202271.57319884 -548708.87247345  733442.16118897
 202268.05828985 -548710.16897512  733442.15503486
 202264.54749638 -548711.4639589   733442.14888598
 202261.09319277 -548712.738106    733442.1428341 
 202257.63683102 -548714.01301214  733442.13677672
 202254.18458482 -548715.28640058  733442.13072462
 202250.78882996 -548716.53895144  733442.12476972
 202247.39101624 -548717.79226199  733442.11880934
 202243.99525912 -548719.04481387  733442.11285073
 202240.60156246 -548720.29660596  733442.10689388
 202237.26435488 -548721.52756152  733442.10103439
 202233.92508686 -548722.75927704  733442.09516951
 202230.58993668 -548723.98947393  733442.08931006
 202227.25272836 -548725.22042983  733442.08344523
 202223.97200911 -548726.43054921  733442.07767794
 202220.69334802 -548727.63990973  733442.07191252
 202217.41468696 -548728.84927027  733442.06614539
 202214.19457462 -548730.0370345   733442.06047958
 202210.97446153 -548731.22479911  733442.0548121 
 202207.75640661 -548732.41180475  733442.04914658
 202204.536292   -548733.59956981  733442.04347579
 202201.37472614 -548734.76573884  733442.03790649
 202198.21110295 -548735.93266707  733442.03233194
 202195.05159602 -548737.09807672  733442.02676306
 202191.8900302  -548738.26424585  733442.02118896
 202188.78701159 -548739.40881945  733442.01571652
 202185.68399377 -548740.55339304  733442.01024252
 202182.58097518 -548741.69796669  733442.004767  
 202179.53650457 -548742.82094435  733441.9993933 
 202176.48997584 -548743.94468146  733441.99401446
 202173.44550603 -548745.06765904  733441.98863778
 202170.40103469 -548746.19063734  733441.9832596 
 202167.41511209 -548747.29201941  733441.97798342
 202163.96350479 -548748.56517294  733441.97188261
 202160.50856293 -548749.83955661  733441.96577397
 202157.05426047 -548751.11370471  733441.95966454
 202153.65644554 -548752.36701675  733441.95365317
 202150.26068951 -548753.61956929  733441.9476436 
 202146.8669924  -548754.8713624   733441.94163583
 202143.47123719 -548756.12391496  733441.93562255
 202140.13197182 -548757.35563084  733441.9297075 
 202136.79745899 -548758.5855933   733441.92379913
 202133.45961242 -548759.81678598  733441.91788302
 202130.12034707 -548761.04850175  733441.91196264
 202126.84168708 -548762.25786289  733441.90614796
 202123.56572228 -548763.46622976  733441.90033635
 202120.28706232 -548764.67559118  733441.89451821
 202117.06631095 -548765.86359231  733441.88880118
 202113.84619742 -548767.05135814  733441.88308363
 202110.62672251 -548768.23888843  733441.87736555
 202107.40661052 -548769.42665373  733441.87164467
 202104.24504501 -548770.59282394  733441.86602618
 202101.08078275 -548771.75998863  733441.86040132
 202097.92191475 -548772.92516389  733441.85478443
 202094.76034925 -548774.09133387  733441.84916116
 202091.65733095 -548775.23590841  733441.84364046
 202088.55161672 -548776.38147762  733441.83811341
 202085.45129518 -548777.52505754  733441.83259442
 202082.40618628 -548778.64827172  733441.82717223
 202078.89397395 -548779.94378116  733441.82091645
 202075.38112382 -548781.23952596  733441.81465755
 202071.86827369 -548782.53527071  733441.80839668
 202068.35542435 -548783.83101514  733441.80213385
 202064.90112068 -548785.10516473  733441.79597345
 202061.44681778 -548786.3793139   733441.78981115
 202057.98981815 -548787.65445778  733441.78364214
 202054.59675921 -548788.90601675  733441.77758536
 202051.1983076  -548790.15956497  733441.77151709
 202047.80524867 -548791.41112393  733441.76545663
 202044.4065124  -548792.66477736  733441.75938415
 202041.07136365 -548793.89497576  733441.75342351
 202037.73507847 -548795.12559329  733441.74745905
 202034.39694756 -548796.35689183  733441.74148951
 202031.05974072 -548797.58784975  733441.73551982
 202027.78200277 -548798.79687157  733441.72965481
 202024.50334236 -548800.00623412  733441.7237864 
 202021.22468119 -548801.21559694  733441.71791626
 202018.0045703  -548802.40336299  733441.71214929
 202014.78353461 -548803.5914702   733441.70637899
 202011.56434469 -548804.77889644  733441.70061036
 202008.34330902 -548805.96700371  733441.69483674
 202005.18266631 -548807.13283432  733441.68916978
 202002.01812203 -548808.3001044   733441.6834942 
 201998.85953595 -548809.46517659  733441.67782771
 201995.28721564 -548810.78285838  733441.67141707
 201991.71581785 -548812.10019996  733441.66500603
 201988.14442162 -548813.41754109  733441.65859295
 201984.57394634 -548814.73454228  733441.65217951
 201981.06017405 -548816.03062829  733441.6458659 
 201977.54526537 -548817.32713363  733441.63954827
 201974.03447297 -548818.6221206   733441.63323607
 201970.51956509 -548819.91862566  733441.62691449
 201967.06732068 -548821.19201685  733441.62070369
 201963.61301736 -548822.46616734  733441.61448728
 201960.15871483 -548823.7403176   733441.60826896
 201956.7609029  -548824.99363079  733441.60215048
 201953.36720572 -548826.24542643  733441.59603754
 201949.96939229 -548827.4987405   733441.58991534
 201946.57363854 -548828.75129481  733441.583795  
 201943.23643122 -548829.98225369  733441.5777784 
 201939.90128049 -548831.212454    733441.57176372
 201936.56407322 -548832.44341315  733441.56574354
 201933.22686668 -548833.67437179  733441.55972159
 201929.94820737 -548834.88373505  733441.55380354
 201926.66748837 -548836.09385773  733441.54788007
 201923.38882987 -548837.30322091  733441.54195856
 201920.16871698 -548838.49098859  733441.53614115
 201916.94860412 -548839.67875642  733441.53032207
 201913.26011224 -548841.03929011  733441.52365455
 201909.63016681 -548842.37822857  733441.51709071
 201906.00022216 -548843.71716683  733441.51052477
 201902.37027752 -548845.05610503  733441.50395672
 201898.800939   -548846.37268831  733441.49749627
 201895.22748419 -548847.69078982  733441.49102633
 201891.65608678 -548849.00813252  733441.48455808
 201888.08468939 -548850.32547525  733441.47808778
 201884.57389732 -548851.62046322  733441.47172529
 201881.06161648 -548852.91600035  733441.46535812
 201877.54819847 -548854.21195685  733441.45898693
 201874.03591612 -548855.50749454  733441.45261582
 201870.57898796 -548856.78261446  733441.44634319
 201867.12468657 -548858.05676579  733441.44007338
 201863.67038438 -548859.330917    733441.4338017 
 201860.27732612 -548860.58247794  733441.42763935
 201856.87887519 -548861.83602823  733441.42146535
 201853.48312178 -548863.08858353  733441.41529439
 201850.08999125 -548864.34017139  733441.40912637
 201846.75278502 -548865.57113093  733441.40305821
 201843.41295133 -548866.80305987  733441.39698348
 201840.07574591 -548868.03401923  733441.39091176
 201836.74059709 -548869.26422002  733441.38484199
 201833.4625036  -548870.47337555  733441.37887432
 201829.71283816 -548871.85647475  733441.37204607
 201826.02640555 -548873.21625021  733441.36533076
 201822.3384803  -548874.57657608  733441.35861056
 201818.6499888  -548875.93711097  733441.35188714
 201814.96149734 -548877.29764599  733441.34516154
 201811.32892633 -548878.63755425  733441.33853578
 201807.70160798 -548879.97552475  733441.33191751
 201804.0716645  -548881.31446392  733441.32529232
 201800.50026743 -548882.63180764  733441.31877194
 201796.92830255 -548883.94936077  733441.31224848
 201793.3575441  -548885.26646888  733441.30572519
 201789.78550849 -548886.58404851  733441.29919749
 201786.27322721 -548887.87958683  733441.29277703
 201782.76044894 -548889.17530864  733441.28635367
 201779.24752758 -548890.47108332  733441.27992807
 201775.73467932 -548891.76683108  733441.27350063
 201772.28037746 -548893.04098338  733441.2671784 
 201768.82614642 -548894.31510971  733441.26085437
 201765.36886474 -548895.59036141  733441.25452284
 201761.97609073 -548896.8418186   733441.24830761
 201758.57998143 -548898.09450631  733441.2420844 
 201755.18458229 -548899.34693211  733441.23586065
 201751.78584626 -548900.60058848  733441.22962896
 201748.45155104 -548901.83047587  733441.22351358
 201744.64511221 -548903.23451755  733441.21653011
 201740.8980723  -548904.61664947  733441.20965335
 201737.14897581 -548905.99954014  733441.20277056
 201733.40399486 -548907.38091302  733441.19589306
 201729.65695576 -548908.76304483  733441.18900955
 201725.96931633 -548910.12326654  733441.18223297
 201722.27997272 -548911.48411693  733441.17545107
 201718.58942348 -548912.84541218  733441.16866477
 201714.90298975 -548914.20518942  733441.16188387
 201711.27304583 -548915.54412957  733441.15520476
 201707.64310117 -548916.88307044  733441.14852352
 201704.0131573  -548918.222011    733441.14184018
 201700.43970324 -548919.5401148   733441.13525878
 201696.86830732 -548920.85745921  733441.12867914
 201693.29690988 -548922.17480439  733441.12209745
 201689.72551323 -548923.49214934  733441.11551372
 201686.21472344 -548924.78713899  733441.10903971
 201682.70187398 -548926.08288827  733441.10255995
 201679.18959234 -548927.37842812  733441.09607925
 201675.67411696 -548928.67514614  733441.08959068
 201672.22187516 -548929.94853993  733441.08321689
 201668.76757447 -548931.22269321  733441.07683739
 201665.31327223 -548932.49684681  733441.070456  
 201661.91546061 -548933.7501637   733441.06417707
 201658.52176447 -548935.00196237  733441.05790392
 201655.12395287 -548936.25527922  733441.05162131
 201651.72819786 -548937.50783741  733441.04534066
 201648.39099158 -548938.73879948  733441.0391665 
 201645.05378607 -548939.96976122  733441.03299055
 201641.7165798  -548941.20072316  733441.02681283
 201638.37937355 -548942.43168532  733441.02063332
 201635.10071371 -548943.64105211  733441.01456047
 201631.82468137 -548944.84944966  733441.00849078
 201628.54339714 -548946.05978437  733441.00240965
 201625.32328527 -548947.24755524  733440.99644019
 201622.1031742  -548948.435326    733440.99046907
 201618.88568828 -548949.62212805  733440.98450118
 201615.66501018 -548950.81010788  733440.9785257 
 201612.50401332 -548951.97607363  733440.97265934
 201609.33982348 -548953.1432171   733440.96678545
 201606.18088635 -548954.30842354  733440.96091968
 201603.01669576 -548955.47556731  733440.9550426 
 201599.91367986 -548956.62014649  733440.94927756
 201596.81066395 -548957.7647256   733440.94351098
 201593.71027246 -548958.90833667  733440.93774774
 201590.66317856 -548960.03228837  733440.93208208
 201587.61870985 -548961.15527179  733440.92641982
 201584.57686709 -548962.27728667  733440.92076096
 201581.53183061 -548963.40047971  733440.91509466
 201578.54385093 -548964.50262652  733440.90953311
 201575.08954903 -548965.77678132  733440.9031018 
 201571.63787542 -548967.04996683  733440.89667346
 201568.18094838 -548968.32509001  733440.89023344
 201564.78519445 -548969.57764877  733440.88390552
 201561.39206726 -548970.82923896  733440.87758063
 201557.99631335 -548972.08179779  733440.87124903
 201554.59999243 -548973.33456599  733440.8649145 
 201551.26335354 -548974.56531995  733440.85868948
 201547.92614837 -548975.79628261  733440.85246165
 201544.58837387 -548977.02745548  733440.84623095
 201541.251735   -548978.25820933  733440.84000061
 201537.97045109 -548979.46854519  733440.83387186
 201534.69441908 -548980.67694374  733440.82775122
 201531.4157596  -548981.88631148  733440.82162395
 201528.19564962 -548983.07408294  733440.81560441
 201524.97553808 -548984.26185472  733440.80958322
 201521.75457559 -548985.44994022  733440.8035588 
 201518.53531581 -548986.63739801  733440.79753587
 201515.37318597 -548987.80378282  733440.79161822
 201512.21218947 -548988.96974967  733440.78570108
 201509.05062515 -548990.1359258   733440.7797813 
 201505.88820989 -548991.30241599  733440.77385831
 201502.78604679 -548992.44668161  733440.76804661
 201499.6804045  -548993.59223068  733440.76222684
 201496.58001563 -548994.73584173  733440.7564154 
 201493.53554645 -548995.85882629  733440.75070727
 201490.02184755 -548997.15489156  733440.74411751
 201486.50693991 -548998.45140244  733440.73752353
 201482.99409196 -548999.74715357  733440.73093143
 201479.48415311 -549001.04183183  733440.72434281
 201476.02985233 -549002.31598723  733440.71785672
 201472.5726433  -549003.59121594  733440.71136322
 201469.12039991 -549004.86461246  733440.70487718
 201465.72493101 -549006.11706735  733440.69849593
 201462.3268362  -549007.37049104  733440.69210788
 201458.93108189 -549008.62305138  733440.68572239
 201455.53532833 -549009.8756112   733440.67933508
 201452.20018166 -549011.10581598  733440.67305994
 201448.86297687 -549012.33677987  733440.66677915
 201445.52371238 -549013.5685033   733440.66049272
 201442.18884886 -549014.79860364  733440.65421277
 201438.90784844 -549016.00883597  733440.64803252
 201435.63124897 -549017.2174451   733440.64185884
 201432.35053168 -549018.42757285  733440.63567569
 201429.13042125 -549019.61534535  733440.62960509
 201425.91030928 -549020.80311826  733440.62353283
 201422.6902012  -549021.99089029  733440.61745888
 201419.47009003 -549023.17866324  733440.61138328
 201416.30852601 -549024.3448403   733440.60541655
 201413.14696279 -549025.51101714  733440.59944821
 201409.98540036 -549026.67719398  733440.59347826
 201406.41400478 -549027.9945421   733440.58673251
 201402.84260921 -549029.31189027  733440.57998472
 201399.27327101 -549030.62847941  733440.57323879
 201395.6998181  -549031.94658652  733440.56648302
 201392.1869705  -549033.24233884  733440.55983984
 201388.67618105 -549034.537332    733440.55319857
 201385.16127609 -549035.83384306  733440.54654756
 201381.64842776 -549037.12959575  733440.53989844
 201378.1941266  -549038.40375277  733440.53335821
 201374.73982775 -549039.67790887  733440.52681609
 201371.28552581 -549040.9520659   733440.52027206
 201367.89183151 -549042.20386751  733440.51384097
 201364.49607909 -549043.45642835  733440.50740413
 201361.09826852 -549044.70974824  733440.50096156
 201357.70251458 -549045.96230966  733440.49452103
 201354.3653101  -549047.19327434  733440.48818976
 201351.02810487 -549048.42423951  733440.48185669
 201347.69089809 -549049.65520501  733440.47552186
 201344.35575104 -549050.88541135  733440.46918911
 201341.07766233 -549052.09457063  733440.46296301
 201337.79871962 -549053.30404516  733440.45673354
 201334.51772032 -549054.51427821  733440.45049846
 201331.29966837 -549055.70129269  733440.44438131
 201328.08012611 -549056.88885694  733440.43825966
 201324.38900903 -549058.25036639  733440.43123936
 201320.75906739 -549059.58931095  733440.42433325
 201317.13175019 -549060.92728757  733440.41743003
 201313.49918263 -549062.26720079  733440.41051472
 201309.92984631 -549063.58379056  733440.40371771
 201306.35639222 -549064.90189924  733440.39691082
 201302.7849978  -549066.21924829  733440.3901058 
 201299.21360262 -549067.53659761  733440.38329875
 201295.70075539 -549068.832351    733440.37660129
 201292.19053254 -549070.12713604  733440.36990689
 201288.6776861  -549071.42288926  733440.36320547
 201285.16483813 -549072.71864301  733440.35650209
 201281.71053807 -549073.99280051  733440.34990852
 201278.25623881 -549075.26695801  733440.34331301
 201274.80193802 -549076.54111604  733440.33671561
 201271.40355998 -549077.79464645  733440.33022314
 201268.01043307 -549079.04623979  733440.32373887
 201264.61468024 -549080.29880195  733440.31724772
 201261.21892816 -549081.55136358  733440.31075475
 201257.87874263 -549082.7834292   733440.3043662 
 201254.54451837 -549084.0132958   733440.29798729
 201251.20731349 -549085.24426201  733440.29160088
 201247.86748269 -549086.47619694  733440.28520766
 201244.58854108 -549087.68567217  733440.27892925
 201240.84143389 -549089.06783537  733440.27175234
 201237.15592377 -549090.4272781   733440.26469119
 201233.46445394 -549091.78891931  733440.25761644
 201229.77809289 -549093.14867593  733440.25054931
 201226.08754634 -549094.5099764   733440.24347199
 201222.45760431 -549095.84892233  733440.23650875
 201218.83000356 -549097.18700477  733440.22954789
 201215.19771954 -549098.52681487  733440.22257592
 201211.62625392 -549099.84419128  733440.21571864
 201208.05485985 -549101.16154117  733440.20885948
 201204.48559395 -549102.47810624  733440.20200234
 201200.91206946 -549103.79624222  733440.19513498
 201197.39929415 -549105.09197033  733440.18838236
 201193.88935713 -549106.38665138  733440.18163323
 201190.37360042 -549107.68347908  733440.17487095
 201186.86281095 -549108.9784747   733440.16811623
 201183.40638236 -549110.25341879  733440.16146417
 201179.95215345 -549111.52755128  733440.15481444
 201176.49778301 -549112.80173623  733440.14816253
 201173.10203128 -549114.05429912  733440.14162162
 201169.70840848 -549115.30607672  733440.13508297
 201166.31052707 -549116.55942492  733440.12853429
 201162.91484461 -549117.8119623   733440.12198798
 201159.57969896 -549119.04216991  733440.11555659
 201155.77205764 -549120.44666316  733440.10821187
 201152.02502164 -549121.82880181  733440.10098176
 201148.2779125  -549123.21096684  733440.09374932
 201144.53087651 -549124.59310548  733440.08651472
 201140.78596714 -549125.97445947  733440.07928201
 201137.09542173 -549127.33576094  733440.07215208
 201133.40693214 -549128.69630398  733440.06502395
 201129.71844335 -549130.05684681  733440.05789364
 201126.02995378 -549131.41738985  733440.05076116
 201122.40001214 -549132.75633701  733440.04373976
 201118.77006975 -549134.09528436  733440.03671625
 201115.14012812 -549135.43423139  733440.02969065
 201111.56873368 -549136.75158303  733440.02277627
 201107.99733922 -549138.06893427  733440.01585988
 201104.42587478 -549139.38631164  733440.0089413 
 201100.85448115 -549140.70366314  733440.00202079
 201097.3416331  -549141.99941899  733439.99521177
 201093.8314841  -549143.29417936  733439.98840601
 201090.31806905 -549144.59014483  733439.98159191
 201086.80316445 -549145.88665951  733439.97477297
 201083.34879512 -549147.16084511  733439.96806953
 201079.89449428 -549148.43500561  733439.96136431
 201076.44026654 -549149.70913917  733439.95465732
 201073.04444284 -549150.96172951  733439.94806189
 201069.64876227 -549152.21426738  733439.94146487
 201066.25301169 -549153.46683106  733439.93486587
 201062.85718955 -549154.71942101  733439.9282649 
 201059.52005616 -549155.95036311  733439.92177619
 201056.18277966 -549157.18135807  733439.91528543
 201052.84827295 -549158.41133101  733439.9087983 
 201049.50837208 -549159.64329411  733439.90229885
 201046.22978662 -549160.85264023  733439.895917  
 201042.95375401 -549162.06104466  733439.8895384 
 201039.67509855 -549163.2704165   733439.88315298
 201036.45498948 -549164.45819315  733439.87687989
 201033.23218289 -549165.64696446  733439.87059991
 201030.01476902 -549166.83374689  733439.86432876
 201026.79203481 -549168.02249197  733439.85804556
 201023.63309963 -549169.18770384  733439.85188515
 201020.46884021 -549170.3548795   733439.84571277
 201017.30727831 -549171.52106026  733439.83954405
 201014.14543332 -549172.68734579  733439.83337314
 201011.04539921 -549173.83083136  733439.82732134
 201007.94238524 -549174.97541608  733439.82126219
 201004.83937053 -549176.12000118  733439.81520148
 201001.79220623 -549177.2439852   733439.80924836
 200998.75043769 -549178.36597905  733439.80330429
 200995.70298949 -549179.49006793  733439.79734764
 200992.66093476 -549180.61216726  733439.79140006
 200989.6728862  -549181.7143459   733439.78555661
 200986.22128551 -549182.98751141  733439.77880487
 200982.76428986 -549184.26266724  733439.77204064
 200979.30999091 -549185.53682801  733439.76527981
 200975.91395599 -549186.78949766  733439.75863113
 200972.52033312 -549188.04127761  733439.75198533
 200969.12543386 -549189.2935284   733439.74533518
 200965.72876036 -549190.54643364  733439.73867972
 200962.39247824 -549191.77706275  733439.7321408 
 200959.05264846 -549193.00900059  733439.72559312
 200955.71508917 -549194.24010082  733439.71904813
 200952.37994272 -549195.47031118  733439.71250608
 200949.09922868 -549196.68044351  733439.70606906
 200945.82057277 -549197.88981667  733439.69963437
 200942.54191613 -549199.0991903   733439.69319793
 200939.32180816 -549200.28696759  733439.68687476
 200936.1016971  -549201.47474568  733439.68054995
 200932.88457056 -549202.66142331  733439.67422932
 200929.66147966 -549203.8503008   733439.66789532
 200926.49991886 -549205.01648231  733439.66168061
 200923.33835728 -549206.18266399  733439.65546431
 200920.17679572 -549207.34884572  733439.64924642
 200917.01523418 -549208.51502767  733439.6430269 
 200913.91222054 -549209.6596134   733439.63692102
 200910.80920614 -549210.80419952  733439.63081358
 200907.70619249 -549211.94878511  733439.62470463
 200904.66172602 -549213.07177522  733439.61870942
 200901.14887949 -549214.36753319  733439.61179003
 200897.63603373 -549215.66329086  733439.60486867
 200894.12318876 -549216.9590482   733439.59794534
 200890.6103415  -549218.25480653  733439.59102002
 200887.15604368 -549219.52896815  733439.5842082 
 200883.70174434 -549220.8031305   733439.57739446
 200880.24744576 -549222.07729233  733439.57057884
 200876.85169588 -549223.32985812  733439.56387684
 200873.45594447 -549224.58242443  733439.55717301
 200870.06019381 -549225.83499022  733439.55046735
 200866.66444163 -549227.08755664  733439.54375983
 200863.32723892 -549228.31852665  733439.53716615
 200859.99003468 -549229.54949729  733439.53057068
 200856.65283122 -549230.78046762  733439.52397344
 200853.31562853 -549232.01143764  733439.51737441
 200850.03697143 -549233.22081237  733439.51088943
 200846.75831588 -549234.43018653  733439.50440273
 200843.47966035 -549235.63956095  733439.49791428
 200840.25955194 -549236.82733926  733439.49154005
 200837.03944199 -549238.01511821  733439.48516415
 200833.81933438 -549239.20289645  733439.47878659
 200830.59922525 -549240.39067532  733439.47240736
 200827.44036151 -549241.55586313  733439.46614785
 200824.27610355 -549242.72304058  733439.45987605
 200821.1145423  -549243.88922306  733439.45360802
 200817.54584647 -549245.20558284  733439.44653086
 200813.97175645 -549246.52393258  733439.43944094
 200810.40036235 -549247.84128739  733439.43235437
 200806.82896906 -549249.15864221  733439.42526574
 200803.31612522 -549250.45440052  733439.41829131
 200799.80327828 -549251.75015964  733439.41131493
 200796.29043293 -549253.04591851  733439.40433656
 200792.7775868  -549254.34167767  733439.39735621
 200789.3259853  -549255.61484579  733439.39049564
 200785.86899113 -549256.8900034   733439.38362243
 200782.41469371 -549258.16416615  733439.37675268
 200779.01894262 -549259.41673336  733439.3699975 
 200775.62319311 -549260.66930011  733439.36324048
 200772.2301388  -549261.92087281  733439.35648696
 200768.83168947 -549263.1744352   733439.34972089
 200765.49718305 -549264.40441159  733439.34308032
 200762.15700006 -549265.63648212  733439.33642664
 200758.81979694 -549266.86745337  733439.32977712
 200755.48287773 -549268.09831996  733439.32312639
 200752.20393863 -549269.30779999  733439.31658946
 200748.92826252 -549270.51607628  733439.31005734
 200745.64960655 -549271.72545173  733439.30351755
 200742.4294985  -549272.91323135  733439.29709285
 200739.2093912  -549274.10101044  733439.29066652
 200735.51763864 -549275.46276211  733439.28329689
 200731.8879809  -549276.80160963  733439.27604906
 200728.25832548 -549278.14045612  733439.26879914
 200724.62838541 -549279.4794079   733439.26154653
 200721.05968916 -549280.79576878  733439.25441425
 200717.48531557 -549282.11422397  733439.24726857
 200713.91598076 -549283.43082061  733439.24013093
 200710.34252971 -549284.74893572  733439.232983  
 200706.82968544 -549286.04469513  733439.22595432
 200703.31889781 -549287.33969626  733439.21892776
 200699.80399466 -549288.63621509  733439.211891  
 200696.29114968 -549289.93197506  733439.20485638
 200692.83685104 -549291.20613937  733439.19793708
 200689.38255317 -549292.48030326  733439.19101588
 200685.92825534 -549293.75446752  733439.18409275
 200682.53456429 -549295.00627603  733439.17728923
 200679.13675545 -549296.2596034   733439.17047562
 200675.74100474 -549297.51217171  733439.16366429
 200672.34525484 -549298.76473991  733439.1568511 
 200669.00805205 -549299.99571208  733439.15015359
 200665.6729074  -549301.2259253   733439.14345842
 200662.33364574 -549302.45765711  733439.1367532 
 200658.99644374 -549303.68862904  733439.13005035
 200655.71778808 -549304.89800531  733439.12346336
 200651.97075409 -549306.28014981  733439.11593323
 200648.28226488 -549307.64069894  733439.10851858
 200644.59377877 -549309.00124713  733439.10110175
 200640.90529112 -549310.36179564  733439.09368276
 200637.21680428 -549311.72234426  733439.08626156
 200633.58892191 -549313.06053799  733439.07896019
 200629.95898374 -549314.39949025  733439.07165255
 200626.32698435 -549315.73920243  733439.06433869
 200622.75559254 -549317.05655905  733439.05714479
 200619.18420076 -549318.37391594  733439.04994883
 200615.61280665 -549319.69127328  733439.04275086
 200612.04141564 -549321.00862967  733439.03555084
 200608.52857099 -549322.3043906   733439.02846686
 200605.01572556 -549323.6001515   733439.02138091
 200601.50288094 -549324.89591252  733439.01429297
 200597.99003633 -549326.19167357  733439.00720305
 200594.53573806 -549327.46583893  733439.00022938
 200591.08144135 -549328.74000385  733438.9932538 
 200587.62714464 -549330.0141687   733438.98627631
 200584.23139352 -549331.26673832  733438.97941521
 200580.83564391 -549332.51930718  733438.97255228
 200577.43989281 -549333.77187687  733438.96568749
 200574.04684075 -549335.02345086  733438.95882633
 200570.70694158 -549336.25541897  733438.95207082
 200566.90135851 -549337.65916096  733438.94437122
 200563.15432407 -549339.04130633  733438.93678783
 200559.40729122 -549340.42345157  733438.92920217
 200555.66025683 -549341.80559723  733438.92161427
 200551.91322244 -549343.18774273  733438.91402414
 200548.2247344  -549344.54829277  733438.90655039
 200544.5362487  -549345.90884221  733438.89907446
 200540.84776068 -549347.26939222  733438.89159636
 200537.159275   -549348.62994164  733438.88411608
 200533.52933413 -549349.96889597  733438.8767524 
 200529.89939481 -549351.30784986  733438.86938662
 200526.27215377 -549352.64580839  733438.8620242 
 200522.69806407 -549353.96416142  733438.8547676 
 200519.12610483 -549355.28172836  733438.84751331
 200515.55528127 -549356.59887702  733438.84025924
 200511.98658506 -549357.9152407   733438.83300747
 200508.47374077 -549359.21100241  733438.82586723
 200504.96089652 -549360.50676447  733438.81872498
 200501.44805228 -549361.80252658  733438.81158076
 200497.93250977 -549363.09928391  733438.80442908
 200494.47821262 -549364.3734499   733438.79740008
 200491.02391628 -549365.64761579  733438.79036916
 200487.56933529 -549366.92188696  733438.78333573
 200484.17358607 -549368.17445704  733438.77642023
 200480.78081748 -549369.42592759  733438.76950896
 200477.38506675 -549370.67849834  733438.76258977
 200473.98605377 -549371.93227224  733438.7556621 
 200470.65211549 -549373.16204289  733438.74886522
 200467.31491341 -549374.39301706  733438.74205994
 200463.9747315  -549375.62509071  733438.73524678
 200460.64050853 -549376.85496598  733438.72844402
 200457.36185437 -549378.06434433  733438.72175287
 200454.08021959 -549379.2748221   733438.71505392
 200450.80156467 -549380.48420067  733438.70835933
 200447.58145762 -549381.67198294  733438.70178263
 200444.3613506  -549382.85976544  733438.69520425
 200441.14124203 -549384.04754837  733438.68862422
 200437.92113579 -549385.23533049  733438.68204253
 200434.75957589 -549386.4015172   733438.67557889
 200431.59801678 -549387.5677036   733438.66911364
 200428.4364561  -549388.7338903   733438.66264681
 200425.27489624 -549389.90007712  733438.65617835
 200422.17188424 -549391.0446674   733438.64982815
 200419.06887149 -549392.18925838  733438.64347638
 200415.96585952 -549393.33384905  733438.63712308
 200412.92139462 -549394.45684343  733438.63088818
 200409.87692977 -549395.57983836  733438.62465175
 200406.83246414 -549396.70283327  733438.61841386
 200403.78799929 -549397.82582794  733438.61217449
 200400.80208233 -549398.92722672  733438.60605364
 200397.34778555 -549400.20139376  733438.59897092
 200393.89348956 -549401.47556059  733438.59188628
 200390.43919206 -549402.74972827  733438.58479971
 200387.04344243 -549404.00229973  733438.57783139
 200383.64769358 -549405.25487087  733438.57086123
 200380.25194472 -549406.50744197  733438.56388923
 200376.85619435 -549407.76001368  733438.55691538
 200373.51899263 -549408.99098893  733438.55005997
 200370.18179091 -549410.22196434  733438.54320277
 200366.84458997 -549411.45293942  733438.5363438 
 200363.5073875  -549412.68391491  733438.52948305
 200360.22873294 -549413.89329472  733438.52274089
 200356.95007912 -549415.1026739   733438.51599704
 200353.67412204 -549416.31105844  733438.50925702
 200350.45131784 -549417.49983681  733438.50262467
 200347.23121038 -549418.68762044  733438.49599622
 200344.01110448 -549419.8754037   733438.48936609
 200340.7909978  -549421.06318704  733438.48273433
 200337.62943746 -549422.22937485  733438.47622151
 200334.46787789 -549423.39556235  733438.4697071 
 200331.30631758 -549424.56175023  733438.46319109
 200328.14475883 -549425.72793786  733438.45667345
 200325.04174791 -549426.87252884  733438.45027499
 200321.9387347  -549428.0171207   733438.44387498
 200318.8357246  -549429.1617118   733438.43747342
 200315.7912585  -549430.28470791  733438.43119114
 200312.28104015 -549431.57950365  733438.42394594
 200308.76557145 -549432.87623599  733438.41668794
 200305.25215936 -549434.17220986  733438.40943219
 200301.73988447 -549435.46776454  733438.4021768 
 200298.28558731 -549436.74193311  733438.39503927
 200294.83129092 -549438.01610126  733438.38789983
 200291.37699457 -549439.29026985  733438.38075846
 200287.98124529 -549440.54284215  733438.37373629
 200284.58549678 -549441.79541415  733438.36671228
 200281.18974832 -549443.04798649  733438.35968641
 200277.79399987 -549444.30055887  733438.35265868
 200274.45623067 -549445.53174452  733438.34574917
 200271.11959637 -549446.76251183  733438.33884021
 200267.78239581 -549447.99348804  733438.33192829
 200264.44519291 -549449.22446482  733438.3250146 
 200261.16654022 -549450.43384494  733438.31822045
 200257.88788676 -549451.64322514  733438.31142459
 200254.60923177 -549452.85260585  733438.30462702
 200251.38855761 -549454.04059976  733438.29794796
 200248.1684505  -549455.22838449  733438.29126842
 200244.94891199 -549456.41595952  733438.2845884 
 200241.72880565 -549457.60374386  733438.27790555
 200238.56845206 -549458.7694876   733438.2713451 
 200235.4056872  -549459.93612098  733438.26477803
 200232.24384408 -549461.10241417  733438.25821128
 200228.67536366 -549462.41870192  733438.25079806
 200225.10106275 -549463.73713649  733438.24337071
 200221.52967096 -549465.05449818  733438.23594736
 200217.95828072 -549466.37185931  733438.22852197
 200214.44572068 -549467.66751982  733438.22121693
 200210.93259441 -549468.96338954  733438.21390871
 200207.41974974 -549470.25915536  733438.20659909
 200203.9069074  -549471.55492038  733438.19928752
 200200.45466951 -549472.82833054  733438.19210016
 200196.99831459 -549474.10325929  733438.18490232
 200193.54401859 -549475.37742875  733438.17770685
 200190.14827046 -549476.63000205  733438.17063147
 200186.75252154 -549477.88257532  733438.16355426
 200183.3567742  -549479.13514824  733438.15647521
 200179.96102455 -549480.38772204  733438.1493943 
 200176.62382433 -549481.61869942  733438.14243365
 200173.28662333 -549482.84967675  733438.13547124
 200169.94942234 -549484.08065413  733438.12850705
 200166.61222135 -549485.31163143  733438.12154109
 200163.33356746 -549486.52101305  733438.11469558
 200160.05491359 -549487.73039469  733438.10784834
 200156.77626049 -549488.93977592  733438.10099941
 200153.55615447 -549490.12756114  733438.0942711 
 200150.33604847 -549491.31534649  733438.08754112
 200146.64756128 -549492.67590159  733438.07983019
 200143.01762423 -549494.0148593   733438.07223955
 200139.38768724 -549495.35381745  733438.06464677
 200135.7577487  -549496.69277604  733438.05705189
 200132.18635802 -549498.01013838  733438.04957745
 200128.61496812 -549499.32750051  733438.04210097
 200125.04357745 -549500.64486272  733438.03462246
 200121.4721868  -549501.96222518  733438.0271419 
 200117.95934403 -549503.25799148  733438.01978197
 200114.44650049 -549504.55375797  733438.01242007
 200110.93365849 -549505.84952389  733438.00505621
 200107.42081498 -549507.14529057  733437.99769035
 200103.96652089 -549508.41946069  733437.99044531
 200100.51222367 -549509.69363142  733437.9831984 
 200097.05792803 -549510.9678017   733437.97594958
 200093.66218025 -549512.22037603  733437.96882173
 200090.26643247 -549513.47295017  733437.96169206
 200086.87068473 -549514.72552457  733437.95456052
 200083.47493544 -549515.9780995   733437.94742714
 200080.13773477 -549517.20907771  733437.94041497
 200076.79989553 -549518.44029173  733437.93339965
 200073.46333348 -549519.67103442  733437.92638526
 200070.12613286 -549520.90201305  733437.91936771
 200066.84747931 -549522.11139543  733437.91247156
 200063.10307209 -549523.49257842  733437.90459366
 200059.4119624  -549524.85410213  733437.89682567
 200055.72347709 -549526.21465736  733437.88906106
 200052.03499182 -549527.57521296  733437.88129425
 200048.34650733 -549528.93576825  733437.87352526
 200044.7165707  -549530.27472738  733437.86587746
 200041.08663253 -549531.61368693  733437.85822756
 200037.45669516 -549532.95264638  733437.85057555
 200033.88530483 -549534.27000961  733437.84304491
 200030.31391455 -549535.58737308  733437.83551222
 200026.74252428 -549536.90473658  733437.82797748
 200023.17113557 -549538.22209975  733437.82044069
 200019.65829084 -549539.51786766  733437.81302548
 200016.14545    -549540.81363459  733437.80560828
 200012.63260606 -549542.10940234  733437.79818913
 200009.11976447 -549543.40516959  733437.79076797
 200005.66546919 -549544.67934105  733437.78346858
 200002.2111739  -549545.95351235  733437.7761673 
 199998.75808428 -549547.22723929  733437.76886663
 199995.36113044 -549548.48025929  733437.76168281
 199991.96538304 -549549.73283469  733437.75449967
 199988.56963488 -549550.98541038  733437.74731468
 199985.17360359 -549552.23809043  733437.74012726
 199981.83640408 -549553.46906972  733437.73306253
 199978.03373405 -549554.87174498  733437.72501027
 199974.28379217 -549556.2549707   733437.71706739
 199970.53676016 -549557.6371231   733437.70912843
 199966.78972894 -549559.01927541  733437.70118721
 199963.04297932 -549560.4013237   733437.69324435
 199959.35421128 -549561.76198469  733437.68542221
 199955.6657256  -549563.12254144  733437.67759849
 199951.97724228 -549564.48309769  733437.66977258
 199948.29166728 -549565.842581    733437.66195068
 199944.66173029 -549567.18154172  733437.65424471
 199941.03179327 -549568.52050195  733437.64653668
 199937.39894723 -549569.86053576  733437.63882031
 199933.82755653 -549571.17790034  733437.63123246
 199930.25616663 -549572.49526493  733437.62364254
 199926.68477753 -549573.8126293   733437.61605058
 199923.11338842 -549575.12999351  733437.6084566 
 199919.60054562 -549576.42576224  733437.60098509
 199916.08770284 -549577.7215309   733437.59351162
 199912.57486085 -549579.01729945  733437.58603616
 199909.06201887 -549580.31306793  733437.57855874
 199905.60921427 -549581.58669074  733437.57120718
 199902.15342983 -549582.8614127   733437.56384737
 199898.69913417 -549584.13558557  733437.55648881
 199895.30338634 -549585.38816203  733437.54925313
 199891.90763931 -549586.64073839  733437.54201559
 199888.51189153 -549587.89331513  733437.5347762 
 199885.11614531 -549589.14589141  733437.52753496
 199881.77894459 -549590.37687203  733437.52041678
 199878.44174465 -549591.60785233  733437.51329683
 199875.10454475 -549592.83883298  733437.50617507
 199871.76734407 -549594.0698137   733437.49905154
 199868.488692   -549595.27919787  733437.49205126
 199865.21003996 -549596.48858228  733437.48504923
 199861.93138791 -549597.69796652  733437.4780455 
 199858.71128141 -549598.8857555   733437.47116514
 199855.49117644 -549600.07354381  733437.46428314
 199852.27107071 -549601.26133229  733437.45739949
 199849.05096656 -549602.44912052  733437.45051415
 199845.88940867 -549603.61531283  733437.4437524 
 199842.72785082 -549604.78150527  733437.43698905
 199839.56629297 -549605.94769775  733437.43022409
 199836.40473589 -549607.11388991  733437.42345754
 199833.30172511 -549608.25848635  733437.41681473
 199830.19871434 -549609.40308281  733437.41017039
 199827.09570437 -549610.54767917  733437.40352449
 199824.05124144 -549611.67067934  733437.3970025 
 199821.00677853 -549612.79367965  733437.39047902
 199817.96231485 -549613.91668014  733437.38395407
 199814.91785196 -549615.0396804   733437.37742762
 199811.93193689 -549616.14108435  733437.37102525
 199808.47764235 -549617.41525804  733437.36361679
 199805.02334706 -549618.68943192  733437.35620642
 199801.56905332 -549619.96360543  733437.34879414
 199798.17330584 -549621.21618282  733437.34150565
 199794.77755917 -549622.46876009  733437.3342153 
 199791.38181253 -549623.72133761  733437.3269231 
 199787.9860651  -549624.97391531  733437.31962905
 199784.65149069 -549626.20392837  733437.31246461
 199781.31166595 -549627.43587821  733437.3052871 
 199777.97446718 -549628.66685962  733437.29811343
 199774.63726685 -549629.89784125  733437.29093801
 199771.35861513 -549631.1072264   733437.28388673
 199768.07960719 -549632.3167431   733437.27683295
 199764.80130942 -549633.52599778  733437.26977899
 199761.58383075 -549634.71281855  733437.26285421
 199758.36110096 -549635.90157616  733437.25591647
 199755.14099481 -549637.08936619  733437.24898271
 199751.92089098 -549638.27715519  733437.24204731
 199748.76195938 -549639.44237987  733437.23524205
 199745.60040186 -549640.60857338  733437.22842952
 199742.43593449 -549641.77583997  733437.22160913
 199739.27402229 -549642.94216412  733437.21479265
 199736.17165045 -549644.08652611  733437.20810294
 199733.07126595 -549645.23015473  733437.20141601
 199729.96563036 -549646.37572071  733437.19471619
 199726.92052915 -549647.4989573   733437.18814548
 199723.41095322 -549648.7935236   733437.18057065
 199719.89548447 -549650.09026324  733437.17298116
 199716.38236008 -549651.38613816  733437.16539475
 199712.86951731 -549652.68190929  733437.15780697
 199709.41813378 -549653.95501054  733437.15034999
 199705.96093054 -549655.23025824  733437.14287855
 199702.50628094 -549656.50456401  733437.13541071
 199699.11081853 -549657.75703762  733437.12806896
 199695.71514224 -549659.00959018  733437.1207249 
 199692.31967909 -549660.26206432  733437.11337944
 199688.92357813 -549661.5147736   733437.10603077
 199685.58644969 -549662.74572991  733437.0988079 
 199682.24917969 -549663.97673846  733437.09158295
 199678.91205128 -549665.20769493  733437.08435651
 199675.57477977 -549666.43870405  733437.077128  
 199672.29619997 -549667.64806397  733437.07002485
 199669.01754863 -549668.85745028  733437.06291983
 199665.73882574 -549670.06686298  733437.05581294
 199662.51879148 -549671.25462735  733437.04883159
 199659.29861644 -549672.44244395  733437.04184826
 199656.07851217 -549673.63023415  733437.03486345
 199652.85847949 -549674.81799824  733437.02787711
 199649.69692229 -549675.98419248  733437.02101604
 199646.53529354 -549677.15041311  733437.01415322
 199643.37373638 -549678.31660751  733437.00728894
 199639.80234762 -549679.63397533  733436.99953292
 199636.23095887 -549680.95134307  733436.99177487
 199632.65957014 -549682.26871097  733436.98401477
 199629.08761516 -549683.58628777  733436.9762514 
 199625.57541288 -549684.88182398  733436.96861589
 199622.06257124 -549686.17759597  733436.96097702
 199618.54965958 -549687.47339363  733436.95333603
 199615.03681719 -549688.76916583  733436.94569323
 199611.58259495 -549690.04331517  733436.93817602
 199608.12830115 -549691.31749071  733436.93065676
 199604.67393738 -549692.59169245  733436.92313541
 199601.27826222 -549693.84424577  733436.91574   
 199597.88244394 -549695.09685173  733436.90834244
 199594.48669725 -549696.34943137  733436.90094319
 199591.0910229  -549697.60198465  733436.89354223
 199587.75375247 -549698.83299433  733436.88626679
 199584.4166252  -549700.06395175  733436.87898984
 199581.07935405 -549701.29496204  733436.87171081
 199577.74222677 -549702.52591912  733436.86443033
 199574.4635042  -549703.73533264  733436.85727553
 199571.18492322 -549704.94469398  733436.85011931
 199567.90627225 -549706.15408142  733436.8429612 
 199564.68609677 -549707.34189911  733436.8359291 
 199561.4660644  -549708.52966402  733436.82889564
 199557.77758191 -549709.89022492  733436.82083692
 199554.14764644 -549711.22918974  733436.81290399
 199550.51771022 -549712.56815484  733436.80496895
 199546.88777479 -549713.90711963  733436.79703181
 199543.31638641 -549715.22448851  733436.78922062
 199539.74492728 -549716.54188376  733436.78140721
 199536.17353894 -549717.85925273  733436.77359194
 199532.6021506  -549719.17662162  733436.76577463
 199529.08931085 -549720.47239402  733436.75808347
 199525.57654113 -549721.76814059  733436.75039049
 199522.06306128 -549723.06414913  733436.74269398
 199518.55078783 -549724.35971266  733436.73499814
 199515.0964944  -549725.63388941  733436.72742741
 199511.64227179 -549726.90804017  733436.71985492
 199508.18797838 -549728.18221689  733436.71228037
 199504.79216123 -549729.43482358  733436.7048322 
 199501.39648644 -549730.68737806  733436.69738247
 199498.00067011 -549731.93998479  733436.68993058
 199494.60492378 -549733.19256549  733436.68247702
 199491.26893246 -549734.4231046   733436.67515282
 199487.93052679 -549735.65453458  733436.66782151
 199484.59339986 -549736.88549261  733436.66049125
 199481.25612985 -549738.11650371  733436.65315888
 199477.98017436 -549739.32489745  733436.64595952
 199474.23051923 -549740.70802419  733436.63771699
 199470.54203707 -549742.06858589  733436.62960676
 199466.85319948 -549743.42927911  733436.62149355
 199463.16471659 -549744.78984136  733436.61337894
 199459.47623449 -549746.15040341  733436.60526217
 199455.84601552 -549747.48947412  733436.59727147
 199452.21636438 -549748.82833529  733436.58927993
 199448.58642936 -549750.1673015   733436.58128563
 199445.01504214 -549751.48467113  733436.57341822
 199441.44365415 -549752.80204115  733436.56554877
 199437.87198229 -549754.11951588  733436.55767666
 199434.30236856 -549755.43623134  733436.54980705
 199430.78803734 -549756.73255515  733436.5420573 
 199427.275198   -549758.02832876  733436.53430887
 199423.76235789 -549759.32410256  733436.52655846
 199420.24951624 -549760.61987678  733436.5188061 
 199416.79522321 -549761.89405477  733436.51118098
 199413.34093093 -549763.16823215  733436.50355398
 199409.88663711 -549764.44241007  733436.49592507
 199406.49089268 -549765.69499141  733436.48842358
 199403.09514671 -549766.94757327  733436.48092025
 199399.69940151 -549768.20015472  733436.47341508
 199396.30365556 -549769.45273667  733436.46590805
 199392.96645741 -549770.68372201  733436.45852868
 199389.16088001 -549772.08747772  733436.45011141
 199385.41385118 -549773.4696368   733436.44182137
 199381.66682083 -549774.85179641  733436.43352908
 199377.91979126 -549776.23395561  733436.42523456
 199374.1727625  -549777.61611503  733436.41693776
 199370.48427997 -549778.97667814  733436.40876844
 199366.79579825 -549780.33724125  733436.40059692
 199363.10731653 -549781.6978044   733436.39242322
 199359.41883329 -549783.05836809  733436.38424735
 199355.78889863 -549784.39733513  733436.37619913
 199352.15896476 -549785.73630209  733436.36814878
 199348.52902935 -549787.07526947  733436.36009634
 199344.95764177 -549788.39264055  733436.35217171
 199341.38625498 -549789.71001164  733436.34424503
 199337.8148674  -549791.02738261  733436.33631633
 199334.24347986 -549792.3447538   733436.32838557
 199330.7306401  -549793.64052851  733436.32058285
 199327.21780115 -549794.93630332  733436.31277813
 199323.70495988 -549796.23207859  733436.30497145
 199320.1921194  -549797.52785376  733436.2971628 
 199316.73782749 -549798.80203228  733436.28948235
 199313.28353486 -549800.0762114   733436.28179998
 199309.8292422  -549801.35039013  733436.27411573
 199306.43349735 -549802.60297257  733436.26655985
 199303.03775099 -549803.85555574  733436.25900211
 199299.64200696 -549805.10813821  733436.25144252
 199296.2462606  -549806.36072135  733436.2438811 
 199292.90906437 -549807.59170734  733436.23644825
 199289.57186739 -549808.82269371  733436.22901361
 199286.23466809 -549810.05368065  733436.2215772 
 199282.89747036 -549811.28466746  733436.21413898
 199279.61881965 -549812.49405787  733436.20682954
 199276.33988505 -549813.70355322  733436.19951774
 199273.06151828 -549814.91283902  733436.19220548
 199269.84141695 -549816.10063281  733436.1850215 
 199266.62131252 -549817.2884274   733436.17783587
 199263.40064186 -549818.47643122  733436.1706473 
 199260.180539   -549819.6642255   733436.16345835
 199257.01955022 -549820.83021437  733436.15639976
 199253.85799517 -549821.99641225  733436.1493383 
 199250.6964394  -549823.16261073  733436.14227521
 199247.5348836  -549824.32880882  733436.13521056
 199244.43130781 -549825.47362026  733436.12827388
 199241.32886688 -549826.61801305  733436.12133821
 199238.22529186 -549827.76282409  733436.11439847
 199235.18111405 -549828.88572542  733436.10759004
 199232.13665234 -549830.00873145  733436.1007795 
 199229.09247531 -549831.13163258  733436.0939681 
 199226.04773051 -549832.25474331  733436.08715394
 199223.0618166  -549833.35615286  733436.08047003
 199219.60752508 -549834.63033264  733436.07273585
 199216.15323281 -549835.90451258  733436.06499977
 199212.69894052 -549837.17869236  733436.05726179
 199209.30291137 -549838.43138096  733436.04965245
 199205.90716691 -549839.68396456  733436.04204191
 199202.51170561 -549840.93644386  733436.03443014
 199199.11596116 -549842.18902743  733436.02681591
 199195.77876296 -549843.42001506  733436.01933117
 199192.44156635 -549844.65100255  733436.01184461
 199189.10436896 -549845.88199011  733436.00435629
 199185.76717082 -549847.11297816  733435.99686617
 199182.48852124 -549848.32236932  733435.98950574
 199179.21136121 -549849.53121113  733435.98214692
 199175.93271243 -549850.74060221  733435.97478304
 199172.71111881 -549851.92894735  733435.96754564
 199169.49101629 -549853.11674264  733435.96030991
 199166.27091222 -549854.30453824  733435.95307255
 199163.05081051 -549855.49233344  733435.94583349
 199159.88925501 -549856.65853228  733435.93872447
 199156.72769956 -549857.82473158  733435.93161383
 199153.56614411 -549858.9909309   733435.92450158
 199150.40458941 -549860.15712959  733435.91738776
 199147.30158022 -549861.30173311  733435.91040409
 199144.19857335 -549862.44633569  733435.90341889
 199141.09556496 -549863.59093892  733435.89643215
 199138.05110356 -549864.71394584  733435.88957574
 199134.53826534 -549866.00972244  733435.88166266
 199131.0254256  -549867.30549967  733435.87374759
 199127.51258743 -549868.60127655  733435.86583054
 199123.99974694 -549869.89705401  733435.85791154
 199120.54545503 -549871.17123498  733435.85012257
 199117.09116312 -549872.445416    733435.8423317 
 199113.63687124 -549873.71959704  733435.83453891
 199110.24112712 -549874.97218155  733435.82687636
 199106.84538304 -549876.2247663   733435.81921194
 199103.44963743 -549877.47735158  733435.81154567
 199100.05389337 -549878.7299363   733435.80387757
 199096.71669631 -549879.96092471  733435.79633989
 199093.37950007 -549881.19191321  733435.7888004 
 199090.04230149 -549882.4229022   733435.78125915
 199086.70510604 -549883.65389054  733435.77371609
 199083.42645527 -549884.8632832   733435.76630366
 199076.86915532 -549887.28206824  733435.75147361
 199073.64905393 -549888.46986433  733435.74418845
 199070.42838315 -549889.65787002  733435.73690039
 199067.20884804 -549890.8454571   733435.72961322
 199063.98874591 -549892.03325355  733435.72232308
 199060.82719    -549893.19945372  733435.71516391
 199057.66506859 -549894.36586265  733435.70800185
 199054.50351348 -549895.53206284  733435.70083946
 199050.93269488 -549896.84922782  733435.69274797
 199047.36130924 -549898.16660196  733435.68465315
 199043.78992284 -549899.48397639  733435.6765563 
 199040.21853723 -549900.80135051  733435.66845741
 199036.70512927 -549902.09733849  733435.660488  
 199033.19285928 -549903.39290682  733435.6525192 
 199029.68001992 -549904.68868517  733435.64454713
 199026.16718138 -549905.98446339  733435.63657307
 199022.71232279 -549907.25885455  733435.62872871
 199019.26129503 -549908.53183268  733435.62089114
 199015.80430679 -549909.80700948  733435.61303812
 199012.40799526 -549911.0598046   733435.60532106
 199009.01281856 -549912.31218094  733435.59760476
 199005.61679018 -549913.56487169  733435.58988466
 199002.22132964 -549914.8173531   733435.58216399
 198998.88413294 -549916.04834253  733435.57457404
 198995.54693782 -549917.27933171  733435.56698227
 198992.20945571 -549918.51042649  733435.5593881 
 198988.87374939 -549919.74086648  733435.55179616
 198985.5938949  -549920.95070467  733435.5443296 
 198982.31524527 -549922.16009812  733435.53686407
 198979.03631254 -549923.36959624  733435.52939617
 198975.81620916 -549924.55739385  733435.52206059
 198972.59610656 -549925.74519115  733435.51472336
 198968.90762646 -549927.10575882  733435.50631685
 198965.27741025 -549928.44483481  733435.49804099
 198961.64776031 -549929.78370176  733435.48976432
 198958.01782726 -549931.1226734   733435.48148489
 198954.446442   -549932.44004857  733435.47333695
 198950.87505674 -549933.75742378  733435.46518695
 198947.30367071 -549935.07479908  733435.45703494
 198943.73228474 -549936.39217492  733435.44888083
 198940.21944495 -549937.68795428  733435.44085846
 198936.70809707 -549938.98318385  733435.43283748
 198933.19376933 -549940.27951239  733435.42480774
 198929.68092962 -549941.57529217  733435.41677942
 198926.22663921 -549942.84947477  733435.40888299
 198922.77234882 -549944.12365763  733435.40098463
 198919.31805769 -549945.39784086  733435.39308436
 198915.92231433 -549946.65042752  733435.38531613
 198912.52657019 -549947.90301436  733435.37754607
 198909.13082686 -549949.15560119  733435.36977415
 198905.73508274 -549950.40818799  733435.3620004 
 198902.39788566 -549951.63917898  733435.35435886
 198899.06068936 -549952.87016965  733435.34671554
 198895.72349383 -549954.10116     733435.33907044
 198892.38629754 -549955.33215053  733435.33142357
 198889.1076475  -549956.54154538  733435.3239091 
 198885.36061997 -549957.92371043  733435.31531905
 198881.67214102 -549959.28427884  733435.306861  
 198877.98365975 -549960.64484805  733435.29840079
 198874.29518084 -549962.00541676  733435.28993837
 198870.6066996  -549963.36598605  733435.2814738 
 198866.97676612 -549964.70495864  733435.27314147
 198863.34683423 -549966.04393111  733435.26480701
 198859.71690235 -549967.3829035   733435.25647045
 198856.14551594 -549968.70028036  733435.24826628
 198852.57413107 -549970.01765666  733435.24006008
 198849.00274545 -549971.33503314  733435.23185184
 198845.43136061 -549972.65240953  733435.22364154
 198841.91852278 -549973.94818978  733435.21556385
 198838.40568263 -549975.24397059  733435.2074842 
 198834.8928456  -549976.53975055  733435.19940256
 198831.38000782 -549977.83553091  733435.19131894
 198827.92571777 -549979.10971457  733435.18336814
 198824.47142548 -549980.38389932  733435.17541541
 198821.01713548 -549981.65808316  733435.16746078
 198817.6213925  -549982.91067096  733435.15963909
 198814.22508016 -549984.16346865  733435.15181427
 198810.829905   -549985.41584694  733435.14399021
 198807.43416281 -549986.66843439  733435.136163  
 198804.09696609 -549987.89942629  733435.12846894
 198800.29139195 -549989.3031886   733435.11969284
 198796.5443648  -549990.68535468  733435.11104949
 198792.79733846 -549992.06752076  733435.10240387
 198789.05002666 -549993.44979174  733435.09375539
 198785.30271489 -549994.83206309  733435.08510462
 198781.61423712 -549996.19263241  733435.07658749
 198777.92632331 -549997.55299364  733435.06806948
 198774.237844   -549998.91356331  733435.059548  
 198770.54936396 -550000.27413361  733435.05102433
 198766.91943169 -550001.6131074   733435.04263382
 198763.28950097 -550002.95208063  733435.03424121
 198759.65900011 -550004.29126392  733435.02584519
 198756.08818191 -550005.60843241  733435.01758512
 198752.51679746 -550006.92580983  733435.00932169
 198748.94541301 -550008.24318727  733435.00105622
 198745.3740278  -550009.56056501  733434.99278871
 198741.86090568 -550010.85645127  733434.98465409
 198738.34955934 -550012.15168255  733434.97652159
 198734.83523085 -550013.44801396  733434.96838021
 198731.32388377 -550014.74324555  733434.96024378
 198727.86810302 -550016.01798017  733434.95223418
 198724.41679328 -550017.29106601  733434.94423301
 198720.95952151 -550018.56635111  733434.93621611
 198717.56377889 -550019.81893975  733434.92834004
 198714.1680363  -550021.07152864  733434.92046211
 198710.77229449 -550022.32411732  733434.91258233
 198707.37654959 -550023.5767067   733434.90470073
 198704.03935478 -550024.80769904  733434.8969532 
 198700.70215844 -550026.03869201  733434.88920389
 198697.36496366 -550027.26968453  733434.88145279
 198694.02776888 -550028.50067686  733434.87369992
 198690.74911881 -550029.71007407  733434.86608131
 198687.47047102 -550030.91947029  733434.858461  
 198684.19182327 -550032.12886662  733434.85083895
 198680.97172249 -550033.31666647  733434.84335136
 198677.75162019 -550034.50446716  733434.83586209
 198674.53152022 -550035.69226704  733434.82837116
 198671.31141873 -550036.88006755  733434.82087857
 198668.14986499 -550038.04627154  733434.81352059
 198664.98831126 -550039.21247555  733434.80616101
 198661.82675831 -550040.37867935  733434.79879983
 198658.66520383 -550041.54488356  733434.79143706
 198655.56219789 -550042.68949121  733434.78420906
 198652.45919194 -550043.83409879  733434.77697953
 198649.35618446 -550044.97870689  733434.76974847
 198646.31172554 -550046.10171842  733434.76265232
 198643.26726735 -550047.22472931  733434.75555473
 198640.22280844 -550048.34774068  733434.74845563
 198637.17834954 -550049.4707523   733434.74135503
 198634.19243839 -550050.57216727  733434.73438955
 198630.73814682 -550051.84635399  733434.72632967
 198627.28385757 -550053.1205399   733434.71826788
 198623.82956834 -550054.39472585  733434.71020418
 198620.43382609 -550055.64731562  733434.70227529
 198617.0380831  -550056.89990578  733434.69434454
 198613.64234011 -550058.15249587  733434.68641196
 198610.24659715 -550059.4050861   733434.67847752
 198606.90940269 -550060.63607933  733434.6706781 
 198603.57220749 -550061.86707296  733434.66287689
 198600.23444294 -550063.09827658  733434.65507257
 198596.89781559 -550064.32906112  733434.64726909
 198593.61916738 -550065.53845842  733434.63959952
 198590.34052075 -550066.74785557  733434.6319282 
 198587.06187257 -550067.95725303  733434.62425517
 198583.84177138 -550069.14505431  733434.61671748
 198580.6216702  -550070.33285552  733434.60917814
 198577.40157059 -550071.52065657  733434.60163711
 198574.18147099 -550072.70845756  733434.59409444
 198571.01991758 -550073.87466239  733434.5866873 
 198567.85836342 -550075.0408675   733434.57927855
 198564.69624224 -550076.20728197  733434.57186687
 198561.53525669 -550077.37327752  733434.56445625
 198558.43225108 -550078.51788601  733434.55718   
 198555.32924469 -550079.66249466  733434.54990223
 198552.22623911 -550080.80710319  733434.54262289
 198549.18178051 -550081.93011564  733434.5354794 
 198545.66894306 -550083.22589915  733434.52723508
 198542.15610718 -550084.52168231  733434.51898878
 198538.64326978 -550085.8174661   733434.5107405 
 198535.13043239 -550087.11324993  733434.50249024
 198531.67614273 -550088.38743702  733434.49437558
 198528.22156997 -550089.66172877  733434.48625833
 198524.76699646 -550090.93602093  733434.47813916
 198521.37118303 -550092.1886381   733434.47015623
 198517.97551273 -550093.44120249  733434.4621718 
 198514.57969935 -550094.69381983  733434.45418518
 198511.18459458 -550095.94617576  733434.44619838
 198507.8471166  -550097.17727482  733434.43834535
 198504.50992176 -550098.40826935  733434.43049122
 198501.17272695 -550099.63926425  733434.42263527
 198497.83581681 -550100.87015393  733434.41477823
 198494.55688507 -550102.07965713  733434.40705596
 198491.27965602 -550103.2885324   733434.39933598
 198487.99987336 -550104.49834958  733434.39160827
 198484.77948939 -550105.68625629  733434.38401884
 198481.55938859 -550106.87405868  733434.3764284 
 198478.33928855 -550108.06186077  733434.36883631
 198475.11918775 -550109.24966302  733434.36124258
 198471.95763472 -550110.41586914  733434.35378526
 198468.79544308 -550111.58231045  733434.34632487
 198465.63452944 -550112.74828069  733434.33886587
 198462.06314459 -550114.06566171  733434.33043635
 198458.49176053 -550115.38304263  733434.32200478
 198454.92037805 -550116.70042329  733434.31357115
 198451.35041354 -550118.01728054  733434.30513886
 198447.83615697 -550119.31358885  733434.29683615
 198444.32331991 -550120.60937336  733434.28853484
 198440.81048521 -550121.90515748  733434.28023152
 198437.29764744 -550123.20094273  733434.27192623
 198433.84335895 -550124.47513072  733434.26375745
 198430.3890697  -550125.74931899  733434.25558675
 198426.93478047 -550127.0235075   733434.24741413
 198423.53903743 -550128.27609973  733434.23937819
 198420.14329673 -550129.52869136  733434.23134039
 198416.74755448 -550130.78128342  733434.22330075
 198413.35181304 -550132.03387548  733434.21525925
 198410.01461857 -550133.2648712   733434.2073546 
 198406.67742332 -550134.495867    733434.19944819
 198403.34022964 -550135.72686246  733434.19153998
 198400.00303443 -550136.95785853  733434.18362998
 198396.72438773 -550138.16725769  733434.17585703
 198393.4457403  -550139.37665754  733434.16808232
 198390.16709285 -550140.58605701  733434.16030592
 198386.94699314 -550141.7738599   733434.15266672
 198383.72689347 -550142.96166314  733434.14502583
 198380.03841502 -550144.32223759  733434.13627154
 198376.40848357 -550145.66121602  733434.12765405
 198372.7785529  -550147.00019414  733434.11903446
 198369.14862225 -550148.33917241  733434.11041275
 198365.57723934 -550149.6565541   733434.10192805
 198362.00585567 -550150.97393598  733434.09344131
 198358.43447279 -550152.29131775  733434.08495252
 198354.86308915 -550153.60869981  733434.07646169
 198351.35025326 -550154.90448539  733434.06810805
 198347.83677801 -550156.20050674  733434.05975093
 198344.32458073 -550157.49605673  733434.05139488
 198340.81174412 -550158.79184256  733434.04303532
 198337.35745522 -550160.06603194  733434.03481317
 198333.90316712 -550161.34022099  733434.0265891 
 198330.44887671 -550162.61441082  733434.01836313
 198327.05313715 -550163.86700329  733434.01027471
 198323.6573945  -550165.11959678  733434.00218444
 198320.26165338 -550166.37218939  733433.99409235
 198316.86591155 -550167.6247827   733433.98599839
 198313.52807963 -550168.85601488  733433.97804064
 198310.19152334 -550170.0867762   733433.97008419
 198306.85432924 -550171.31777279  733433.96212443
 198303.51685128 -550172.5488744   733433.95416219
 198300.23848883 -550173.75816987  733433.94633925
 198296.49146456 -550175.1403415   733433.93739588
 198292.80298574 -550176.50091739  733433.92859004
 198289.11450922 -550177.86149259  733433.91978203
 198285.42603119 -550179.22206832  733433.91097183
 198281.73726926 -550180.58274878  733433.90215878
 198278.10698431 -550181.92185897  733433.89348331
 198274.48031856 -550183.25963391  733433.88481439
 198270.84776238 -550184.59958188  733433.87612927
 198267.27574127 -550185.91720025  733433.86758682
 198263.70499503 -550187.23434801  733433.85904541
 198260.13332867 -550188.55183588  733433.85049971
 198256.5619462  -550189.86921878  733433.84195266
 198253.05052867 -550191.16448208  733433.83354715
 198249.53591974 -550192.46092307  733433.82513199
 198246.02343895 -550193.75657879  733433.81671997
 198242.51088816 -550195.05226053  733433.8083058 
 198239.05922404 -550196.32548263  733433.80003558
 198235.60493555 -550197.59967309  733433.79175714
 198232.14773724 -550198.87493696  733433.78346981
 198228.75192495 -550200.12755732  733433.77532777
 198225.35618423 -550201.38015125  733433.76718405
 198221.96051352 -550202.63271924  733433.75903867
 198218.56470279 -550203.885339    733433.7508911 
 198215.22694125 -550205.11654633  733433.74288099
 198211.423427   -550206.51955672  733433.73375098
 198207.67640155 -550207.90172977  733433.72475433
 198203.92788813 -550209.28445188  733433.71575184
 198200.18093353 -550210.66659933  733433.70675083
 198196.43390968 -550212.04877191  733433.69774743
 198192.74543204 -550213.40934869  733433.6888825 
 198189.05688286 -550214.7699521   733433.68001521
 198185.36840679 -550216.13052848  733433.67114592
 198181.67992919 -550217.4911054   733433.66227445
 198178.04999933 -550218.83008582  733433.65354167
 198174.42006869 -550220.1690663   733433.64480679
 198170.79013962 -550221.50804656  733433.63606979
 198167.21875751 -550222.82543045  733433.62747165
 198163.64744543 -550224.14278851  733433.61887164
 198160.07606257 -550225.46017251  733433.61026943
 198156.50467973 -550226.77755677  733433.60166517
 198152.99184309 -550228.07334501  733433.59319996
 198149.47893799 -550229.36915865  733433.5847326 
 198145.96610214 -550230.66494662  733433.57626345
 198142.45333862 -550231.96070791  733433.5677925 
 198138.99904974 -550233.23489964  733433.55946062
 198135.54469085 -550234.50911729  733433.55112667
 198132.09040276 -550235.78330864  733433.54279099
 198128.6947332  -550237.03587758  733433.53459488
 198125.29835349 -550238.28870839  733433.52639522
 198121.90325253 -550239.54106756  733433.51819679
 198118.50751066 -550240.79366312  733433.50999498
 198115.17024653 -550242.02468811  733433.5019326 
 198111.83312396 -550243.2556606   733433.4938688 
 198108.49585983 -550244.48668556  733433.48580286
 198105.15873806 -550245.71765798  733433.47773548
 198101.88002013 -550246.92708683  733433.46980756
 198098.60137455 -550248.13648912  733433.46187808
 198095.32279975 -550249.34586533  733433.45394706
 198092.10262957 -550250.53369762  733433.44615565
 198088.88253096 -550251.72150359  733433.43836275
 198085.66250158 -550252.90928388  733433.43056837
 198082.44233221 -550254.09711612  733433.42277198
 198079.28078136 -550255.26332572  733433.41511588
 198076.11894582 -550256.4296402   733433.4074575 
 198072.95774966 -550257.59571886  733433.39979908
 198069.79612803 -550258.76195447  733433.39213802
 198066.69255403 -550259.90677799  733433.38461606
 198063.58955094 -550261.05139108  733433.37709393
 198060.48654705 -550262.19600414  733433.36957029
 198057.44208938 -550263.31902147  733433.36218708
 198054.39820029 -550264.44182899  733433.35480376
 198051.35374338 -550265.56484593  733433.3474176 
 198048.31198323 -550266.68686828  733433.34003648
 198045.32337579 -550267.7892839   733433.33278291
 198041.86908883 -550269.06347608  733433.32439732
 198038.41451797 -550270.33777298  733433.31600913
 198034.9632109  -550271.61086619  733433.30762694
 198031.56477421 -550272.86445696  733433.2993713 
 198028.17173018 -550274.1160583   733433.29112694
 198024.77599023 -550275.36865443  733433.28287415
 198021.3772681  -550276.62235028  733433.27461229
 198018.04156622 -550277.85280028  733433.2665018 
 198014.7028829  -550279.08434963  733433.2583823 
 198011.36568993 -550280.31534938  733433.25026463
 198008.02878087 -550281.54624437  733433.24214588
 198004.74985174 -550282.7557524   733433.23416643
 198001.47418558 -550283.96405667  733433.22619323
 197998.19255897 -550285.17455972  733433.21820378
 197994.97395101 -550286.36181687  733433.21036609
 197991.75385198 -550287.54962406  733433.20252311
 197988.53375375 -550288.73743124  733433.19467846
 197985.31216518 -550289.92578777  733433.18682854
 197982.15210501 -550291.09144879  733433.17912689
 197978.99055294 -550292.25765956  733433.17142004
 197975.82751135 -550293.42442008  733433.16370795
 197972.6659601  -550294.59063076  733433.15599789
 197969.56295655 -550295.7352449   733433.14842905
 197966.45995225 -550296.87985942  733433.14085867
 197963.35694795 -550298.02447387  733433.13328675
 197960.31398323 -550299.14694141  733433.12585984
 197956.79965705 -550300.44328153  733433.11728063
 197953.28682273 -550301.73907124  733433.10870311
 197949.77398769 -550303.03486154  733433.10012358
 197946.26115493 -550304.33065084  733433.0915421 
 197942.80686682 -550305.60484466  733433.08310171
 197939.35257795 -550306.87903879  733433.07465941
 197935.89978249 -550308.15268199  733433.06621886
 197932.50255181 -550309.4058291   733433.05791226
 197929.10681144 -550310.65842629  733433.04960747
 197925.71107266 -550311.91102321  733433.04130081
 197922.31533232 -550313.16362057  733433.03299233
 197918.97813894 -550314.39462173  733433.02482527
 197915.6409471  -550315.62562211  733433.01665646
 197912.30375373 -550316.85662312  733433.00848586
 197908.96656114 -550318.08762393  733433.00031347
 197905.68791627 -550319.29702817  733432.99228273
 197902.41076019 -550320.50588319  733432.98425391
 197899.13062579 -550321.7158369   733432.97621606
 197895.9105279  -550322.903645    733432.96832365
 197892.69191953 -550324.09090333  733432.96043325
 197889.47033056 -550325.27926128  733432.95253388
 197886.25023347 -550326.46706912  733432.94463649
 197883.08868253 -550327.63328079  733432.93688108
 197879.9271316  -550328.79949239  733432.92912408
 197876.76558069 -550329.96570412  733432.92136547
 197873.194199   -550331.28309139  733432.91259919
 197869.6228181  -550332.60047857  733432.90383087
 197866.05143645 -550333.91786603  733432.89506051
 197862.47948621 -550335.23546315  733432.88628671
 197858.96722087 -550336.53104438  733432.87765751
 197855.45438697 -550337.82683535  733432.86902493
 197851.94155151 -550339.12262686  733432.86039039
 197848.43141432 -550340.4174229   733432.85176052
 197844.97443066 -550341.69261234  733432.84325937
 197841.5201445  -550342.96680676  733432.83476296
 197838.06528973 -550344.24121063  733432.82626325
 197834.67011833 -550345.49359929  733432.8179085 
 197831.27381055 -550346.74640719  733432.8095491 
 197827.87863918 -550347.99879592  733432.80119065
 197824.48289922 -550349.2513942   733432.79282898
 197821.14570619 -550350.48239627  733432.78460966
 197817.81121145 -550351.71240295  733432.77639521
 197814.47252892 -550352.94395458  733432.76816865
 197811.13384563 -550354.1755065   733432.7599403 
 197807.85669143 -550355.38436187  733432.75186187
 197804.57655587 -550356.59431725  733432.74377436
 197801.30089047 -550357.80262354  733432.73569615
 197798.07809695 -550358.99142677  733432.72774667
 197794.85799865 -550360.1792359   733432.71980217
 197791.16924033 -550361.53992168  733432.71069934
 197787.53959444 -550362.87880219  733432.70174029
 197783.91236291 -550364.21679212  733432.69278508
 197780.27917093 -550365.55698094  733432.68381304
 197776.70835744 -550366.87415991  733432.67499299
 197773.13640835 -550368.19175777  733432.66616809
 197769.56680132 -550369.50849197  733432.65734692
 197765.99542007 -550370.82588054  733432.64851933
 197762.48258652 -550372.12167231  733432.63983448
 197758.96826268 -550373.41801409  733432.63114395
 197755.45542915 -550374.71380595  733432.62245515
 197751.94259486 -550376.0095982   733432.61376436
 197748.4883083  -550377.28379385  733432.60521649
 197745.03551282 -550378.55743956  733432.59667039
 197741.58122551 -550379.83163554  733432.5881187 
 197738.18548665 -550381.08423449  733432.5797101 
 197734.78854141 -550382.33727852  733432.57129666
 197731.39251791 -550383.58998268  733432.56288365
 197727.99677911 -550384.84258194  733432.55446949
 197724.66107755 -550386.07303488  733432.54620231
 197721.32388569 -550387.30403783  733432.53792964
 197717.98520273 -550388.5355904   733432.52965152
 197714.64950198 -550389.76604332  733432.52137899
 197711.36879895 -550390.97620911  733432.5132411 
 197707.62383454 -550392.35762848  733432.50394953
 197703.93386863 -550393.71876071  733432.49479219
 197700.24539383 -550395.07934287  733432.48563637
 197696.55840936 -550396.43937532  733432.47648209
 197692.8699338  -550397.79995772  733432.46732193
 197689.23851565 -550399.13949347  733432.45830132
 197685.60858779 -550400.47847911  733432.44928233
 197681.97865922 -550401.81746545  733432.4402612 
 197678.40727909 -550403.13485463  733432.43138354
 197674.83589821 -550404.4522441   733432.42250383
 197671.26451734 -550405.76963371  733432.41362207
 197667.69313727 -550407.08702313  733432.40473827
 197664.18030258 -550408.38281667  733432.39599811
 197660.667471   -550409.67860927  733432.38725597
 197657.15463633 -550410.9744029   733432.37851186
 197653.6432943  -550412.26964586  733432.36976949
 197650.18751779 -550413.54439222  733432.36116354
 197646.73323162 -550414.81858897  733432.35255939
 197643.28043498 -550416.09223605  733432.34395705
 197639.88469654 -550417.34483622  733432.33549498
 197636.48746701 -550418.59798644  733432.32702736
 197633.09172856 -550419.85058649  733432.31856161
 197629.69598937 -550421.10318691  733432.31009401
 197626.35879863 -550422.33419038  733432.30177061
 197622.55322879 -550423.73796683  733432.29227683
 197618.80620589 -550425.12014702  733432.28292683
 197615.05918453 -550426.50232655  733432.2735746 
 197611.31216242 -550427.88450648  733432.26422012
 197607.56514109 -550429.26668611  733432.25486339
 197603.87666514 -550430.62726986  733432.24565066
 197600.18762296 -550431.98806275  733432.23643432
 197596.49971639 -550433.34843652  733432.22721867
 197592.81124203 -550434.7090198   733432.21799941
 197589.18074679 -550436.0482163   733432.20892293
 197585.55138642 -550437.38699414  733432.19984718
 197581.92145901 -550438.72598114  733432.19076792
 197578.35007931 -550440.04337164  733432.18183302
 197574.78139478 -550441.35976776  733432.17290283
 197571.20675056 -550442.6783623   733432.16395569
 197567.63593717 -550443.99554394  733432.15501609
 197564.12310443 -550445.29133808  733432.14621964
 197560.61296841 -550446.58613734  733432.13742799
 197557.09864536 -550447.8824811   733432.12862388
 197553.58460627 -550449.17872042  733432.11981848
 197550.12975186 -550450.45312761  733432.11115949
 197546.67724033 -550451.7266712   733432.10250442
 197543.22146502 -550453.00141835  733432.09383929
 197539.82601009 -550454.25391515  733432.08532353
 197536.43147843 -550455.50607124  733432.07680825
 197533.03424928 -550456.75922223  733432.06828436
 197529.64000233 -550458.01127346  733432.0597661 
 197526.30132088 -550459.24282797  733432.05138549
 197522.96561857 -550460.47328381  733432.04301055
 197519.62693792 -550461.70483802  733432.03462638
 197516.28854044 -550462.93628805  733432.02624112
 197513.01110267 -550464.14525146  733432.01800725
 197509.73394883 -550465.35411021  733432.00977237
 197506.45530468 -550466.56351864  733432.00153203
 197503.23520745 -550467.7513308   733431.99343716
 197500.01362223 -550468.93969188  733431.98533688
 197496.79501533 -550470.12695424  733431.97724244
 197493.57491814 -550471.31476649  733431.96914258
 197490.41336862 -550472.48098189  733431.96118839
 197487.25033035 -550473.64774668  733431.95322883
 197484.08878085 -550474.81396215  733431.94527144
 197480.92871938 -550475.97962884  733431.93731619
 197477.82571913 -550477.12424731  733431.92950301
 197474.72122624 -550478.26941598  733431.92168457
 197471.61822445 -550479.4140348   733431.91386832
 197468.57376959 -550480.53705732  733431.90619804
 197465.52931474 -550481.66007997  733431.89852628
 197462.48485989 -550482.78310244  733431.89085304
 197459.44189459 -550483.90557544  733431.88318208
 197456.45449712 -550485.00755105  733431.87564974
 197453.00021173 -550486.28174996  733431.86693842
 197449.54741664 -550487.55539897  733431.85822896
 197446.09164095 -550488.8301475   733431.84951008
 197442.69739279 -550490.08220014  733431.84094456
 197439.30165589 -550491.33480217  733431.83237342
 197435.90591589 -550492.58740503  733431.82380047
 197432.50868791 -550493.84055693  733431.81522189
 197429.17298748 -550495.07101304  733431.80679688
 197425.83579753 -550496.30201867  733431.79836631
 197422.49860603 -550497.53302486  733431.78993397
 197419.15992578 -550498.76458022  733431.78149607
 197415.88128122 -550499.97399001  733431.77320817
 197412.60263819 -550501.18339915  733431.76491856
 197409.3239944  -550502.39280857  733431.75662723
 197406.10389754 -550503.58062168  733431.74848227
 197402.88380222 -550504.76843424  733431.74033566
 197399.66370459 -550505.95624767  733431.73218738
 197396.44360853 -550507.14406053  733431.72403744
 197393.28206013 -550508.31027664  733431.71603408
 197390.11994319 -550509.4767027   733431.70802766
 197386.95896184 -550510.64270964  733431.70002254
 197383.79741348 -550511.80892584  733431.69201437
 197380.69441128 -550512.95354607  733431.68415292
 197377.59140983 -550514.09816578  733431.67628996
 197374.48840763 -550515.24278587  733431.66842545
 197371.4439531  -550516.36580932  733431.66070783
 197367.93112036 -550517.66160573  733431.65180104
 197364.41828921 -550518.95740178  733431.64289226
 197360.90545649 -550520.25319828  733431.63398152
 197357.392056   -550521.54920429  733431.62506735
 197353.93833955 -550522.82319412  733431.61630271
 197350.48405535 -550524.09739399  733431.60753468
 197347.02920254 -550525.3718032   733431.59876332
 197343.63403228 -550526.62419726  733431.59014161
 197340.23829421 -550527.87680084  733431.58151662
 197336.84255692 -550529.12940399  733431.57288979
 197333.44681965 -550530.38200728  733431.56426111
 197330.10962851 -550531.6130143   733431.5557794 
 197326.77513488 -550532.8430265   733431.54730275
 197323.43645423 -550534.07458309  733431.53881369
 197320.10075421 -550535.30504032  733431.53033041
 197316.82062047 -550536.51500053  733431.52198672
 197313.54020282 -550537.72506535  733431.51364059
 197310.26333441 -550538.93382119  733431.50530176
 197307.04146446 -550540.12228948  733431.49710121
 197303.82463248 -550541.30889922  733431.48891184
 197300.60155616 -550542.49781264  733431.48070488
 197297.38145969 -550543.68562674  733431.47250387
 197294.22282073 -550544.85077076  733431.46445777
 197291.06134426 -550546.01696151  733431.45640283
 197287.89979472 -550547.18317924  733431.44834611
 197284.32543481 -550548.50167263  733431.43923548
 197280.75433869 -550549.81896211  733431.43013112
 197277.18565769 -550551.13536066  733431.42103089
 197273.61129785 -550552.45385427  733431.41191411
 197270.0999566  -550553.74910173  733431.40295609
 197266.58712349 -550555.0448994   733431.39399231
 197263.0728032  -550556.34124596  733431.38502273
 197259.55997014 -550557.6370439   733431.37605497
 197256.10568549 -550558.9112446   733431.36723477
 197252.652892   -550560.18489577  733431.35841642
 197249.19860739 -550561.45909655  733431.3495924 
 197245.8028697  -550562.71170111  733431.34091605
 197242.40564248 -550563.96485511  733431.33223406
 197239.00990558 -550565.2174595   733431.32355402
 197235.61416791 -550566.47006385  733431.31487216
 197232.278469   -550567.70052174  733431.30634197
 197228.94127749 -550568.93153015  733431.2978062 
 197225.6040875  -550570.16253789  733431.28926865
 197222.26689834 -550571.39354574  733431.2807293 
 197218.98676419 -550572.60350708  733431.27233423
 197215.70812116 -550573.81291866  733431.26394124
 197212.43097072 -550575.02177948  733431.25555036
 197209.2093835  -550576.21014456  733431.24730006
 197205.98928813 -550577.39795921  733431.23905194
 197202.30081466 -550578.75854729  733431.22960203
 197198.67088965 -550580.09753855  733431.22029998
 197195.04245418 -550581.43598024  733431.21099965
 197191.41103732 -550582.77552162  733431.20168958
 197187.83965843 -550584.09291636  733431.19253139
 197184.26764097 -550585.41054693  733431.18336949
 197180.69839182 -550586.72715658  733431.17421264
 197177.12552344 -550588.04510104  733431.16504448
 197173.61418102 -550589.34034996  733431.15603222
 197170.09986109 -550590.63669753  733431.14701032
 197166.58702842 -550591.93249647  733431.13799026
 197163.07419729 -550593.22829487  733431.12896824
 197159.61991383 -550594.50249656  733431.12009465
 197156.16562961 -550595.77669854  733431.11121916
 197152.71134541 -550597.05090067  733431.10234174
 197149.31560809 -550598.30350603  733431.09361294
 197145.92136186 -550599.55556154  733431.08488613
 197142.52413501 -550600.80871648  733431.07614981
 197139.1298865  -550602.06077279  733431.0674193 
 197135.79120657 -550603.29233153  733431.0588299 
 197132.45401851 -550604.52333973  733431.05024258
 197129.11682893 -550605.75434879  733431.04165345
 197125.77963779 -550606.98535806  733431.03306257
 197122.50099665 -550608.19477009  733431.02462064
 197118.75397511 -550609.57695611  733431.01497063
 197115.06550356 -550610.93754468  733431.0054692 
 197111.37703047 -550612.29813381  733430.99596559
 197107.68855741 -550613.65872297  733430.98645981
 197104.00008436 -550615.01931217  733430.97695185
 197100.36987506 -550616.35840926  733430.96759195
 197096.7402336  -550617.69729711  733430.95823139
 197093.11030825 -550619.0362897   733430.948868  
 197089.53864663 -550620.35379008  733430.93965285
 197085.9686877  -550621.67066249  733430.93044004
 197082.3956066  -550622.98868679  733430.92121712
 197078.8241566  -550624.30610908  733430.9119964 
 197075.31168052 -550625.60177763  733430.90292592
 197071.80026929 -550626.89705347  733430.89385622
 197068.28743855 -550628.19285288  733430.88478088
 197064.77347142 -550629.48907144  733430.87570063
 197061.32039399 -550630.76282936  733430.86677579
 197057.86604014 -550632.03705826  733430.85784574
 197054.41061993 -550633.31168042  733430.84891103
 197051.01460065 -550634.56439121  733430.84012803
 197047.61914763 -550635.81689306  733430.83134467
 197044.2246179  -550637.06905431  733430.82256185
 197040.82888101 -550638.32166103  733430.81377405
 197037.4916202  -550639.55269706  733430.8051358 
 197033.68435106 -550640.95710837  733430.79527877
 197029.9391049  -550642.33864072  733430.78558006
 197026.19208454 -550643.72082756  733430.77587451
 197022.44357698 -550645.10356331  733430.76616285
 197018.69797465 -550646.4852273   733430.75645647
 197015.00808477 -550647.84634041  733430.74689226
 197011.32103087 -550649.20640727  733430.73733324
 197007.632559   -550650.56699733  733430.72776836
 197003.94266684 -550651.9281111   733430.71819764
 197000.31274264 -550653.26710438  733430.70878031
 196996.68423645 -550654.60557475  733430.69936455
 196993.0543115  -550655.94456825  733430.68994301
 196989.48293345 -550657.26196538  733430.68067136
 196985.91013588 -550658.5798863   733430.67139397
 196982.33875862 -550659.89728326  733430.66211824
 196978.76738061 -550661.21468041  733430.65284047
 196975.25455101 -550662.51048048  733430.64371281
 196971.74320943 -550663.8057319   733430.63458702
 196968.23030754 -550665.10155864  733430.62545523
 196964.71747799 -550666.39735904  733430.61632162
 196961.26177503 -550667.67208674  733430.60733462
 196957.80749236 -550668.94629048  733430.59834942
 196954.35462849 -550670.21997107  733430.58936598
 196950.95889116 -550671.47257877  733430.58052933
 196947.56173664 -550672.72570939  733430.57168714
 196944.16536154 -550673.97855259  733430.56284512
 196940.7702644  -550675.23092442  733430.55400459
 196937.43307478 -550676.46193558  733430.54531303
 196934.09588595 -550677.69294664  733430.5366197 
 196930.76011587 -550678.92343413  733430.52792829
 196927.42150753 -550680.15496869  733430.5192277 
 196924.14286637 -550681.36438298  733430.51068163
 196920.86422519 -550682.57379687  733430.50213388
 196917.58558328 -550683.78321148  733430.49358437
 196914.36548824 -550684.97102948  733430.48518586
 196911.14475461 -550686.15908289  733430.47678404
 196907.92529974 -550687.34666499  733430.46838387
 196904.7052055  -550688.53448274  733430.45998039
 196901.54365735 -550689.70070403  733430.45172809
 196898.38211    -550690.86692531  733430.44347418
 196895.22056342 -550692.03314627  733430.43521867
 196892.05901611 -550693.19936772  733430.42696155
 196888.9560164  -550694.34399211  733430.4188558 
 196885.85301673 -550695.48861663  733430.41074851
 196882.75001706 -550696.63324119  733430.40263967
 196879.70556351 -550697.75626958  733430.39468231
 196876.66110993 -550698.87929781  733430.38672349
 196873.61601858 -550700.00256161  733430.3787615 
 196870.57220517 -550701.12535371  733430.37080138
 196867.5874349  -550702.22636638  733430.36299422
 196864.13201544 -550703.50099047  733430.35395424
 196860.6788688  -550704.7747765   733430.34491827
 196857.22458577 -550706.04898156  733430.33587743
 196853.82884961 -550707.30159023  733430.32698795
 196850.43133924 -550708.55485316  733430.31809199
 196847.03624248 -550709.80722596  733430.3092005 
 196843.64164353 -550711.05941529  733430.30030846
 196840.30331787 -550712.29084645  733430.29156204
 196836.9661302  -550713.52185825  733430.2828168 
 196833.62830238 -550714.75310597  733430.27406811
 196830.29288817 -550715.98346356  733430.26532396
 196827.01367956 -550717.19308821  733430.25672542
 196823.73709612 -550718.40174441  733430.24813205
 196820.45696503 -550719.61170929  733430.23952766
 196817.23686958 -550720.7995285   733430.23107907
 196814.01677645 -550721.9873468   733430.22262883
 196810.79668333 -550723.17516523  733430.21417693
 196807.57658792 -550724.36298454  733430.20572336
 196804.41504092 -550725.52920674  733430.19742187
 196801.25207594 -550726.69595202  733430.18911507
 196798.09194691 -550727.86165092  733430.18081413
 196794.93040073 -550729.02787317  733430.17250783
 196791.82740139 -550730.1724986   733430.16435381
 196788.72440128 -550731.31712419  733430.15619826
 196785.62140119 -550732.46174992  733430.14804116
 196782.57552921 -550733.58530254  733430.14003273
 196779.0641192  -550734.88058164  733430.13079842
 196775.55128965 -550736.17638423  733430.12155842
 196772.03696824 -550737.47273699  733430.11231253
 196768.52562981 -550738.76798976  733430.10307249
 196765.07134638 -550740.04219604  733430.09398068
 196761.61557497 -550741.31695139  733430.08488303
 196758.16278188 -550742.5906081   733430.07579132
 196754.76619441 -550743.84353197  733430.06684573
 196751.37131036 -550745.09582734  733430.0579028 
 196747.97557537 -550746.34843655  733430.04895578
 196744.57834934 -550747.60159612  733430.04000297
 196741.24123281 -550748.83258259  733430.03120678
 196737.90404551 -550750.06359531  733430.0224086 
 196734.56678512 -550751.29463504  733430.01360846
 196731.23108815 -550752.52509797  733430.00481065
 196727.95244695 -550753.73451428  733429.99616161
 196724.67231545 -550754.94448047  733429.9875069 
 196721.39516539 -550756.15334717  733429.97885832
 196718.17358153 -550757.3417163   733429.97035474
 196714.95348722 -550758.52953619  733429.96185342
 196711.73346372 -550759.7173301   733429.95335061
 196708.51329944 -550760.9051759   733429.94484578
 196705.35118576 -550762.07160829  733429.93649265
 196702.19020617 -550763.23762226  733429.92814092
 196699.0287311  -550764.40381902  733429.91978628
 196695.45877301 -550765.72069588  733429.91035025
 196691.88597744 -550767.03861979  733429.90090465
 196688.31453139 -550768.35604586  733429.89146059
 196684.7431546  -550769.67344634  733429.88201467
 196681.2303239  -550770.96925055  733429.8727216 
 196677.71756629 -550772.26502763  733429.86342678
 196674.20473716 -550773.56083142  733429.85412976
 196670.6919065  -550774.85663574  733429.84483076
 196667.23755422 -550776.13086858  733429.83568466
 196663.78334354 -550777.40504966  733429.82653699
 196660.32905975 -550778.6792572   733429.81738725
 196656.93325514 -550779.93189355  733429.80839052
 196653.53759132 -550781.18447775  733429.79939234
 196650.14178519 -550782.43711465  733429.79039192
 196646.74604984 -550783.68972517  733429.78138986
 196643.4089337  -550784.92071287  733429.77254137
 196640.07288006 -550786.15130827  733429.76369395
 196636.73455754 -550787.38274089  733429.7548387 
 196633.39729906 -550788.61378084  733429.74598451
 196630.1198639  -550789.82275374  733429.73728728
 196626.84008824 -550791.03258977  733429.72858213
 196623.56137665 -550792.24203324  733429.71987809
 196620.34135349 -550793.42982795  733429.71132818
 196617.12062251 -550794.61788389  733429.70277471
 196613.43271938 -550795.9782693   733429.69297851
 196609.80279606 -550797.31726729  733429.68333419
 196606.17407916 -550798.65582015  733429.67369099
 196602.54294947 -550799.9952633   733429.66403924
 196598.97278098 -550801.31221906  733429.65454749
 196595.40026738 -550802.63003988  733429.64504747
 196591.82825238 -550803.94767687  733429.63554672
 196588.25865097 -550805.26442363  733429.62605035
 196584.74404723 -550806.56088317  733429.61669829
 196581.23178706 -550807.85647824  733429.60735048
 196577.72016318 -550809.15183839  733429.59800242
 196574.20733523 -550810.44764291  733429.58864916
 196570.75305336 -550811.72185123  733429.57944986
 196567.29877071 -550812.99605953  733429.57024866
 196563.84448888 -550814.27026781  733429.56104554
 196560.44875464 -550815.52287909  733429.55199655
 196557.05153013 -550816.77604038  733429.54294173
 196553.65728625 -550818.02810207  733429.53389301
 196550.26155052 -550819.28071416  733429.52483847
 196546.92436473 -550820.5117285   733429.51593825
 196543.58568632 -550821.74329337  733429.50703227
 196540.24998932 -550822.97375862  733429.49813246
 196536.91280203 -550824.20477366  733429.48922688
 196533.63267126 -550825.41474168  733429.48047184
 196529.88565462 -550826.79693386  733429.4704685 
 196526.19867359 -550828.15698023  733429.46062325
 196522.51020379 -550829.51757559  733429.45077186
 196518.82024219 -550830.87872154  733429.44091429
 196515.13390209 -550832.2385315   733429.43106423
 196511.50184951 -550833.57831608  733429.4213571 
 196507.8719274  -550834.91731497  733429.41165353
 196504.24349484 -550836.25576428  733429.40195186
 196500.6721188  -550837.57316669  733429.39240068
 196497.10074281 -550838.89056956  733429.38284743
 196493.52787728 -550840.20852155  733429.37328818
 196489.95650128 -550841.52592397  733429.36373089
 196486.44367215 -550842.82173004  733429.35432826
 196482.93084457 -550844.11753543  733429.34492366
 196479.41801546 -550845.41334157  733429.33551708
 196475.90667591 -550846.70859814  733429.32611253
 196472.45090566 -550847.98335667  733429.31685486
 196468.99605641 -550849.25777554  733429.30759774
 196465.54234199 -550850.53177554  733429.29834178
 196462.14660892 -550851.78438761  733429.28923934
 196458.75087433 -550853.03700029  733429.28013505
 196455.35514053 -550854.28961289  733429.2710289 
 196451.95940596 -550855.54222555  733429.26192092
 196448.62221823 -550856.77324174  733429.25296817
 196444.81871171 -550858.17627277  733429.24276224
 196441.07112841 -550859.5586751   733429.2327041 
 196437.32262031 -550860.94141861  733429.22264122
 196433.57560254 -550862.32361228  733429.21258011
 196429.82858634 -550863.70580572  733429.20251674
 196426.13954838 -550865.06661201  733429.1926069 
 196422.4516476  -550866.42699888  733429.18269793
 196418.76317749 -550867.78759586  733429.17278525
 196415.07470817 -550869.14819265  733429.1628704 
 196411.44421712 -550870.48740258  733429.15310926
 196407.81486324 -550871.82619301  733429.14334908
 196404.18465689 -550873.1652981   733429.13358448
 196400.61477006 -550874.48215244  733429.12398009
 196397.04162255 -550875.8002097   733429.11436488
 196393.47202041 -550877.11695908  733429.10475717
 196389.89943922 -550878.43480763  733429.09513939
 196386.38660971 -550879.73061482  733429.08568049
 196382.8749882  -550881.02597679  733429.07622285
 196379.36365059 -550882.32123402  733429.066764  
 196375.8493316  -550883.61759093  733429.05729515
 196372.39505129 -550884.8918009   733429.04798614
 196368.940771   -550886.16601091  733429.03867523
 196365.48528278 -550887.44066663  733429.02935913
 196362.09075653 -550888.69283476  733429.02020554
 196358.69353201 -550889.94599816  733429.01104283
 196355.29928891 -550891.19806193  733429.0018863 
 196351.90355398 -550892.45067609  733428.99272391
 196348.56487789 -550893.68224269  733428.98371365
 196345.22918164 -550894.91270972  733428.97470968
 196341.89078872 -550896.14417194  733428.96569663
 196338.55331751 -550897.37529374  733428.9566843 
 196335.27616813 -550898.58416436  733428.94783312
 196331.99752844 -550899.79358467  733428.9389762 
 196328.7188888  -550901.00300531  733428.93011754
 196325.49879828 -550902.19082821  733428.92141541
 196322.2772136  -550903.37920223  733428.91270759
 196319.05861266 -550904.56647589  733428.90400616
 196315.83852062 -550905.75429937  733428.89529905
 196312.67697466 -550906.9205265   733428.88674864
 196309.51543026 -550908.08675348  733428.8781966 
 196306.35239478 -550909.25353019  733428.86963895
 196303.19084961 -550910.41975705  733428.86108374
 196300.08934159 -550911.56383766  733428.85268943
 196296.98485375 -550912.70901778  733428.84428549
 196293.88334576 -550913.85309845  733428.83588809
 196290.83889581 -550914.97613157  733428.8276437 
 196287.79295327 -550916.09971542  733428.81939376
 196284.74999368 -550917.22219915  733428.8111504 
 196281.70554301 -550918.3452327   733428.80290154
 196278.72020853 -550919.44645977  733428.7948114 
 196275.26535849 -550920.720881    733428.78544713
 196271.81107857 -550921.99509195  733428.77608249
 196268.35679795 -550923.26930347  733428.76671592
 196264.96106413 -550924.5219183   733428.75750625
 196261.56533032 -550925.77453306  733428.74829474
 196258.16810697 -550927.02769704  733428.73907736
 196254.77237319 -550928.28031198  733428.72986215
 196251.43667811 -550929.51077994  733428.72080807
 196248.09800161 -550930.7423475   733428.71174413
 196244.7608147  -550931.97336588  733428.70268243
 196241.42362855 -550933.20438386  733428.69361896
 196238.14499001 -550934.41380497  733428.68471276
 196234.86784181 -550935.62267645  733428.67580888
 196231.58771221 -550936.83264763  733428.66689518
 196228.36762051 -550938.02047199  733428.65814297
 196225.14752806 -550939.20829683  733428.64938909
 196221.92743562 -550940.39612159  733428.64063356
 196218.70734395 -550941.58394604  733428.63187637
 196215.54579913 -550942.75017407  733428.62327677
 196212.38425431 -550943.91640203  733428.61467557
 196209.22270949 -550945.08262981  733428.60607279
 196206.06116548 -550946.2488577   733428.59746839
 196202.95816748 -550947.39348879  733428.58902179
 196199.8551703  -550948.53811997  733428.58057364
 196196.75217315 -550949.68275128  733428.57212393
 196193.70772199 -550950.80578569  733428.56383219
 196190.19489563 -550952.10159447  733428.55426292
 196186.68206698 -550953.39740402  733428.54469168
 196183.16867282 -550954.69342225  733428.53511691
 196179.65641275 -550955.98902194  733428.52554328
 196176.20213249 -550957.26323457  733428.51612573
 196172.75054816 -550958.53645232  733428.50671365
 196169.29357196 -550959.81165928  733428.49728495
 196165.89783853 -550961.06427493  733428.48802142
 196162.50480261 -550962.31589565  733428.47876341
 196159.10637249 -550963.5695063   733428.46948882
 196155.71007285 -550964.82233115  733428.4602182 
 196152.37345411 -550966.05314101  733428.45110869
 196149.03626755 -550967.28416007  733428.44199585
 196145.70028897 -550968.51473402  733428.43288451
 196142.36310398 -550969.74575265  733428.42376812
 196139.08446429 -550970.95517535  733428.4148099 
 196135.80461895 -550972.16504261  733428.40584669
 196132.52569692 -550973.37456957  733428.39688425
 196129.30709591 -550974.56184535  733428.38808503
 196126.08551353 -550975.75022082  733428.379276  
 196122.86513833 -550976.93815101  733428.37046861
 196119.64831157 -550978.12477234  733428.36166927
 196116.48406963 -550979.2919962   733428.35301215
 196113.32373237 -550980.45778002  733428.34436409
 196110.16218791 -550981.62400877  733428.33571116
 196106.5896079  -550982.94186033  733428.32593132
 196103.01943916 -550984.25882228  733428.31615605
 196099.44657529 -550985.57677881  733428.30637133
 196095.87669207 -550986.89363598  733428.29659272
 196092.36386454 -550988.18944599  733428.28696845
 196088.85103783 -550989.4852561   733428.27734217
 196085.33821035 -550990.78106651  733428.26771392
 196081.82389412 -550992.07742621  733428.25807961
 196078.37110453 -550993.35108959  733428.24861207
 196074.91682468 -550994.62530318  733428.23913851
 196071.46105375 -550995.90006671  733428.22965895
 196068.06532071 -550997.15268337  733428.22034223
 196064.66958923 -550998.40529959  733428.21102367
 196061.27385622 -550999.65791643  733428.20170325
 196057.87812401 -551000.91053317  733428.19238097
 196054.54093783 -551002.14155331  733428.18321764
 196051.20375244 -551003.37257334  733428.17405252
 196047.86805737 -551004.60304364  733428.16488971
 196044.52938091 -551005.83461352  733428.15571694
 196041.25223499 -551007.04348648  733428.14671145
 196037.97210613 -551008.2534595   733428.13769608
 196034.69346682 -551009.46288306  733428.12868307
 196031.4733759  -551010.65070966  733428.11982932
 196028.25477372 -551011.83798673  733428.11097803
 196024.56630686 -551013.19858771  733428.10083253
 196020.93489497 -551014.53814217  733428.09084185
 196017.30497495 -551015.87714654  733428.08085315
 196013.6750534  -551017.21615144  733428.07086234
 196010.10311239 -551018.53376847  733428.06102905
 196006.53230549 -551019.85096728  733428.05119685
 196002.96093307 -551021.16837456  733428.04136105
 195999.38955915 -551022.48578257  733428.0315232 
 195995.87673206 -551023.78159394  733428.02184463
 195992.36390575 -551025.0774052   733428.01216407
 195988.85108019 -551026.37321584  733428.00248157
 195985.33825236 -551027.66902756  733427.99279708
 195981.88397286 -551028.94324183  733427.98327208
 195978.42969417 -551030.2174562   733427.97374514
 195974.97541393 -551031.49167078  733427.96421632
 195971.57968207 -551032.74428842  733427.95484712
 195968.18395021 -551033.99690611  733427.94547608
 195964.78942477 -551035.24907864  733427.93610653
 195961.39248577 -551036.5021417   733427.92672846
 195958.05529996 -551037.73316272  733427.91751358
 195954.71811494 -551038.96418363  733427.9082969 
 195951.38093071 -551040.19520433  733427.89907844
 195948.04374573 -551041.42622552  733427.88985818
 195944.76510678 -551042.63564998  733427.88079797
 195941.01958225 -551044.01729933  733427.87044545
 195937.32962548 -551045.37845104  733427.8602443 
 195933.6411567  -551046.73905378  733427.85004511
 195929.95269026 -551048.09965582  733427.83984373
 195926.26542793 -551049.45981368  733427.82964351
 195922.63430113 -551050.79926432  733427.81959644
 195919.00437998 -551052.13827017  733427.80955062
 195915.3744604  -551053.47727567  733427.79950267
 195911.80429324 -551054.79423948  733427.78961808
 195908.23292048 -551056.11164825  733427.7797281 
 195904.66154773 -551057.42905706  733427.76983607
 195901.09017346 -551058.74646651  733427.759942  
 195897.57734828 -551060.04227813  733427.75020816
 195894.06601115 -551061.33754119  733427.74047644
 195890.55169573 -551062.63390295  733427.7307345 
 195887.0376634  -551063.9301599   733427.72099139
 195883.58458997 -551065.20393081  733427.71141533
 195880.13031091 -551066.47814636  733427.70183404
 195876.6745423  -551067.75291125  733427.69224671
 195873.27881004 -551069.00553006  733427.68282407
 195869.8830778  -551070.25814891  733427.67339958
 195866.48940371 -551071.51000865  733427.66397896
 195863.09310446 -551072.7628368   733427.6545492 
 195859.75442875 -551073.9944088   733427.64527763
 195855.9503586  -551075.3976557   733427.63471148
 195852.20391196 -551076.77964635  733427.62430313
 195848.45633051 -551078.16205587  733427.61388936
 195844.70931533 -551079.54425633  733427.60347494
 195840.96230018 -551080.92645694  733427.59305825
 195837.27383337 -551082.28706029  733427.58280214
 195833.58536658 -551083.64766356  733427.57254385
 195829.8968998  -551085.00826698  733427.56228338
 195826.20843073 -551086.3688713   733427.55202072
 195822.577022   -551087.70842735  733427.54191468
 195818.94859313 -551089.04688396  733427.53181485
 195815.31867167 -551090.38589131  733427.52170875
 195811.745809   -551091.70385091  733427.51175944
 195808.17592697 -551093.02071102  733427.50181639
 195804.603062   -551094.33867121  733427.49186301
 195801.03318    -551095.6555314   733427.48191588
 195797.52035527 -551096.95134441  733427.47212573
 195794.00752899 -551098.24715785  733427.46233362
 195790.49470272 -551099.54297124  733427.45253954
 195786.98187727 -551100.83878471  733427.44274346
 195783.52759939 -551102.11300115  733427.43310872
 195780.07182963 -551103.38776756  733427.42346793
 195776.61904207 -551104.66143421  733427.41383354
 195773.22181991 -551105.91460371  733427.40435235
 195769.82608885 -551107.16722346  733427.39487344
 195766.43035701 -551108.41984328  733427.38539271
 195763.03462521 -551109.67246334  733427.37591012
 195759.69949907 -551110.90272691  733427.366595  
 195756.36025751 -551112.13450895  733427.35726656
 195753.02307405 -551113.36553158  733427.34794212
 195749.68588833 -551114.59655549  733427.33861584
 195746.40725168 -551115.80598124  733427.32945151
 195743.1298207  -551117.01496273  733427.32028879
 195739.84997689 -551118.22483398  733427.31111762
 195736.62988632 -551119.41266375  733427.30211184
 195733.41100291 -551120.60004814  733427.29310779
 195730.1897067  -551121.78832249  733427.28409533
 195726.96961692 -551122.97615191  733427.27508459
 195723.81069985 -551124.1414159   733427.26624341
 195720.64653093 -551125.30861715  733427.25738594
 195717.48498874 -551126.47484978  733427.24853419
 195714.32344578 -551127.64108247  733427.23968086
 195711.22044961 -551128.78571845  733427.23098993
 195708.117455   -551129.93035408  733427.22229744
 195705.01445809 -551131.07499059  733427.2136034 
 195701.97000949 -551132.19802935  733427.20507194
 195698.92676731 -551133.32062329  733427.19654237
 195695.88373828 -551134.44313888  733427.18801188
 195692.8378702  -551135.5667016   733427.17947197
 195689.85338874 -551136.66762015  733427.17110272
 195686.39761861 -551137.94238801  733427.16141009
 195682.94220704 -551139.21702367  733427.15171654
 195679.48970223 -551140.49058705  733427.14202925
 195676.09219656 -551141.74386236  733427.13249442
 195672.69646588 -551142.99648301  733427.12296272
 195669.30073446 -551144.24910406  733427.11342915
 195665.90613867 -551145.50130617  733427.10389694
 195662.56902559 -551146.73230408  733427.09452434
 195659.23177095 -551147.96335402  733427.08514957
 195655.89465715 -551149.19435234  733427.07577341
 195652.55626692 -551150.42582131  733427.06639188
 195649.27883628 -551151.63480343  733427.05717993
 195646.00012926 -551152.84425672  733427.04796264
 195642.72213162 -551154.05344823  733427.03874565
 195639.50147359 -551155.24148824  733427.0296882 
 195636.28131261 -551156.42934512  733427.02063048
 195633.05980364 -551157.61769891  733427.01156734
 195629.84120532 -551158.80497938  733427.0025107 
 195626.67966268 -551159.97121292  733426.993613  
 195623.51804929 -551161.13747283  733426.98471349
 195620.35650668 -551162.30370644  733426.97581259
 195617.19503564 -551163.46991371  733426.96691029
 195614.09203982 -551164.61455063  733426.95817109
 195610.98904403 -551165.75918767  733426.94943035
 195607.88604902 -551166.90382439  733426.94068806
 195604.84152922 -551168.02689064  733426.93210903
 195601.3287753  -551169.32267981  733426.92220874
 195597.8159514  -551170.61849497  733426.91230626
 195590.78881023 -551173.21067595  733426.89249119
 195587.33453313 -551174.48489437  733426.88274794
 195583.88174559 -551175.7585633   733426.87300698
 195580.4273962  -551177.0328084   733426.86325972
 195577.03173745 -551178.28540348  733426.85367621
 195573.63600641 -551179.53802552  733426.84409063
 195570.23878585 -551180.791197    733426.83449901
 195566.84305484 -551182.04381911  733426.82490974
 195563.50586981 -551183.27484442  733426.81548402
 195560.16868791 -551184.50586899  733426.8060565 
 195556.83292322 -551185.73637047  733426.79663123
 195553.49432028 -551186.96791935  733426.78719612
 195550.21568517 -551188.17734704  733426.77792877
 195546.93704855 -551189.38677546  733426.76865968
 195543.65841114 -551190.59620385  733426.7593889 
 195540.43832131 -551191.78403557  733426.75028196
 195537.21823302 -551192.97186651  733426.74117338
 195533.99814399 -551194.15969804  733426.73206312
 195530.77947447 -551195.34700575  733426.72295523
 195527.61800221 -551196.51321429  733426.71400759
 195524.45496965 -551197.67999859  733426.70505393
 195521.29342822 -551198.84623322  733426.69610285
 195517.72205631 -551200.16364632  733426.68598957
 195514.15217554 -551201.48050976  733426.67587844
 195510.5793134  -551202.798473    733426.66575682
 195507.00794077 -551204.11588646  733426.65563741
 195503.496536   -551205.41117913  733426.64568591
 195499.98229222 -551206.70751925  733426.63572437
 195496.47088748 -551208.002812    733426.62576892
 195492.95664293 -551209.29915224  733426.61580345
 195489.50350111 -551210.57295318  733426.6060093 
 195486.04922288 -551211.84717306  733426.59621003
 195482.59494621 -551213.12139259  733426.58640885
 195479.19921555 -551214.3740155   733426.57677194
 195475.80376958 -551215.62653341  733426.56713398
 195472.40662019 -551216.8796798   733426.55748934
 195469.01088955 -551218.13230284  733426.54784688
 195465.67633241 -551219.36236003  733426.53837634
 195462.33914936 -551220.5933862   733426.52889653
 195458.99934038 -551221.82538091  733426.5194075 
 195455.66215734 -551223.05640694  733426.50992414
 195452.38352186 -551224.26583595  733426.50060542
 195449.10602044 -551225.47484644  733426.49128822
 195445.82738421 -551226.68427588  733426.48196605
 195442.60729707 -551227.87210772  733426.47280867
 195439.38869791 -551229.05939036  733426.46365389
 195435.69760618 -551230.42096731  733426.45315311
 195432.06704852 -551231.7602142   733426.44282243
 195428.43954308 -551233.09833522  733426.43249834
 195424.80898622 -551234.43758171  733426.42216346
 195421.23761475 -551235.75499608  733426.41199498
 195417.66624333 -551237.07241079  733426.40182443
 195414.09487265 -551238.38982487  733426.39165188
 195410.52350199 -551239.707239    733426.38147728
 195407.01067813 -551241.00305656  733426.37146746
 195403.49785269 -551242.29887426  733426.36145571
 195399.98502962 -551243.59469156  733426.35144195
 195396.47078626 -551244.89103269  733426.34142218
 195393.01643763 -551246.16527966  733426.33157126
 195389.56365166 -551247.43895041  733426.32172287
 195386.10937462 -551248.7131712   733426.31186832
 195382.71364512 -551249.96579488  733426.30217893
 195379.31642379 -551251.21896895  733426.29248344
 195375.92076509 -551252.47156649  733426.28279058
 195372.52645437 -551253.72366677  733426.27309972
 195369.18927247 -551254.95469363  733426.26357014
 195365.85208902 -551256.18572072  733426.2540388 
 195362.51490558 -551257.41674805  733426.24450566
 195359.17772369 -551258.6477747   733426.23497076
 195355.89908782 -551259.85720516  733426.22560137
 195352.15207638 -551261.2394108   733426.2148914 
 195348.46211985 -551262.60056982  733426.20434233
 195344.7751463  -551263.96062884  733426.19379959
 195341.08668089 -551265.32123804  733426.18325042
 195337.39821628 -551266.68184704  733426.17269907
 195333.76829843 -551268.02085916  733426.16231307
 195330.13688875 -551269.36042169  733426.1519207 
 195326.50697246 -551270.6994333   733426.14153049
 195322.93559987 -551272.01684922  733426.13130579
 195319.36422961 -551273.33426445  733426.12107906
 195315.79285937 -551274.65167972  733426.11085028
 195312.22155992 -551275.96906891  733426.10061966
 195308.7087349  -551277.26488783  733426.09055457
 195305.19591222 -551278.56070615  733426.08048749
 195301.68301721 -551279.85655091  733426.07041826
 195298.17168488 -551281.15181943  733426.06035151
 195294.71598714 -551282.42656535  733426.05044234
 195291.26171128 -551283.700787    733426.04053531
 195287.80736385 -551284.97503474  733426.03062621
 195284.41170631 -551286.22763308  733426.02088358
 195281.01590489 -551287.48028442  733426.0111387 
 195277.62017582 -551288.7329093   733426.00139216
 195274.22451678 -551289.98550823  733425.99164399
 195270.88726368 -551291.21656216  733425.9820617 
 195267.08170435 -551292.6203664   733425.97113256
 195263.33476487 -551294.00254671  733425.96036951
 195259.58775154 -551295.38475425  733425.949604  
 195255.84067051 -551296.76698665  733425.93883607
 195252.0951491  -551298.14864434  733425.92807033
 195248.40519377 -551299.50980414  733425.91746215
 195244.71672801 -551300.87041469  733425.90685606
 195241.02833538 -551302.23099842  733425.89624799
 195237.34100607 -551303.59119004  733425.8856408 
 195233.7099538  -551304.93062179  733425.87519339
 195230.08003563 -551306.26963542  733425.86474712
 195226.45011823 -551307.60864853  733425.85429877
 195222.87867685 -551308.92609148  733425.84401662
 195219.30851265 -551310.24306309  733425.83373614
 195215.73593563 -551311.56092445  733425.82344668
 195212.16577301 -551312.87789564  733425.81316212
 195208.65294842 -551314.17371574  733425.80304073
 195205.14012537 -551315.46953507  733425.7929174 
 195201.62730158 -551316.76535501  733425.78279207
 195198.11447936 -551318.06117449  733425.77266476
 195194.65871279 -551319.33594686  733425.76270004
 195191.20592611 -551320.6096204   733425.75274196
 195187.75165065 -551321.88384285  733425.74277772
 195184.35592042 -551323.13646918  733425.73298047
 195180.9587022  -551324.38964448  733425.72317708
 195177.56297354 -551325.64227029  733425.71337615
 195174.16724412 -551326.89489648  733425.70357336
 195170.83155174 -551328.12537581  733425.69394212
 195167.49436986 -551329.35640489  733425.68430476
 195164.15718875 -551330.58743354  733425.67466565
 195160.82057395 -551331.81825366  733425.66502635
 195157.53988071 -551333.02844493  733425.65554691
 195154.26124563 -551334.23787731  733425.64607167
 195150.98261131 -551335.44730926  733425.63659472
 195147.76252375 -551336.6351444   733425.62728532
 195144.54392574 -551337.82243004  733425.61797858
 195141.32234789 -551339.01081501  733425.60866155
 195138.10226036 -551340.19865025  733425.59934717
 195134.94071961 -551341.36488877  733425.59020052
 195131.78066914 -551342.53057725  733425.5810566 
 195128.61763808 -551343.6973655   733425.57190245
 195125.45609814 -551344.86360386  733425.56275099
 195122.35310415 -551346.00824545  733425.55376746
 195119.25011015 -551347.15288697  733425.5447824 
 195116.14711698 -551348.29752858  733425.53579577
 195113.10267053 -551349.42057306  733425.52697722
 195110.05822486 -551350.54361732  733425.51815719
 195107.01377844 -551351.66666196  733425.50933567
 195103.96933124 -551352.78970666  733425.50051267
 195100.98343235 -551353.89115416  733425.4918579 
 195097.52915573 -551355.16537814  733425.48184374
 195094.07488068 -551356.439602    733425.47182764
 195090.62060485 -551357.71382571  733425.46180967
 195087.22487579 -551358.96645281  733425.45195961
 195083.82914672 -551360.21907975  733425.44210772
 195080.43490955 -551361.47115678  733425.43225828
 195077.03917896 -551362.72378426  733425.4224027 
 195073.70050869 -551363.95536346  733425.41271091
 195070.36275938 -551365.18660291  733425.40302001
 195067.0261457  -551366.41742344  733425.39333063
 195063.6889627  -551367.64845417  733425.3836378 
 195060.41032952 -551368.85788678  733425.3741133 
 195057.13169482 -551370.06732013  733425.36458707
 195053.8530601  -551371.2767532   733425.35505914
 195050.63297213 -551372.46458954  733425.34569966
 195047.41288497 -551373.65242577  733425.33633851
 195044.19279781 -551374.84026194  733425.32697571
 195040.97214362 -551376.02830737  733425.3176096 
 195037.81117028 -551377.19433759  733425.30841543
 195034.6496291  -551378.36057702  733425.29921803
 195031.48929591 -551379.52637145  733425.2900225 
 195028.32654913 -551380.69305576  733425.28081839
 195025.22476269 -551381.83725306  733425.27179011
 195022.11999562 -551382.98254981  733425.26275161
 195019.02026576 -551384.12598842  733425.25372624
 195015.97312374 -551385.25002838  733425.24485249
 195012.46029997 -551386.5458505   733425.23462076
 195008.9474793  -551387.84167155  733425.22438706
 195005.43586198 -551389.13704887  733425.21415488
 195001.92360838 -551390.43266087  733425.20391888
 194998.46933295 -551391.70688577  733425.19384992
 194995.01448816 -551392.98132058  733425.1837774 
 194991.558724   -551394.2560947   733425.17370028
 194988.16299457 -551395.50872309  733425.16379635
 194984.76875699 -551396.76080115  733425.15389494
 194981.37182274 -551398.01387418  733425.1439838 
 194977.97581097 -551399.26660664  733425.13407353
 194974.64012017 -551400.49708794  733425.12433747
 194971.30293828 -551401.72811906  733425.11459529
 194967.96426689 -551402.95969983  733425.10484698
 194964.62736896 -551404.19062655  733425.09510204
 194961.34994257 -551405.3996153   733425.08552905
 194958.07130746 -551406.60904968  733425.07595083
 194954.79267548 -551407.8184832   733425.06637087
 194951.57315494 -551409.00611129  733425.05696198
 194948.35250033 -551410.19415777  733425.04754811
 194945.1309225  -551411.38254513  733425.03812986
 194941.91232605 -551412.56983263  733425.02871867
 194938.74929649 -551413.73662248  733425.01946835
 194935.58924599 -551414.9023131   733425.01022516
 194932.42621569 -551416.06910325  733425.00097163
 194928.85484708 -551417.38652254  733424.99052159
 194925.28496882 -551418.70339253  733424.98007384
 194921.71210765 -551420.02136261  733424.96961533
 194918.14222863 -551421.33823261  733424.95916352
 194914.62791729 -551422.63460479  733424.9488724 
 194911.11509549 -551423.93042751  733424.93858366
 194907.60227295 -551425.2262506   733424.92829294
 194904.08945118 -551426.52207328  733424.91800026
 194900.63723505 -551427.79553993  733424.9078832 
 194897.18090192 -551429.07052493  733424.8977522 
 194893.72662769 -551430.34475069  733424.8876253 
 194890.33089864 -551431.59737988  733424.8776682 
 194886.93517117 -551432.85000882  733424.86770923
 194883.53944294 -551434.10263805  733424.85774842
 194880.14371471 -551435.35526709  733424.84778577
 194876.80653399 -551436.58629904  733424.8379931 
 194873.46935406 -551437.81733098  733424.82819862
 194870.13366367 -551439.04781312  733424.81840676
 194866.7949927  -551440.27939515  733424.80860434
 194863.51635797 -551441.48883048  733424.79897648
 194860.23921588 -551442.69771544  733424.78935126
 194856.96058197 -551443.9071508   733424.77971993
 194853.73900369 -551445.0955391   733424.77025455
 194850.51891805 -551446.28337681  733424.7607919 
 194846.83045482 -551447.6439914   733424.74995083
 194843.20053836 -551448.98300954  733424.73927967
 194839.57062189 -551450.32202741  733424.72860643
 194835.94070697 -551451.66104472  733424.71793108
 194832.3693388  -551452.97846527  733424.70742585
 194828.79797064 -551454.29588587  733424.69691857
 194825.22660172 -551455.61330676  733424.68640925
 194821.6552313  -551456.93072838  733424.67589788
 194818.14184362 -551458.22676087  733424.66555518
 194814.62959005 -551459.52237523  733424.65521384
 194811.11676792 -551460.81819936  733424.64486885
 194807.60394655 -551462.11402309  733424.63452189
 194804.14967115 -551463.38825028  733424.62434545
 194800.69539575 -551464.66247731  733424.61416712
 194797.24112195 -551465.93670429  733424.60398683
 194793.84688514 -551467.18878412  733424.59398167
 194790.44966621 -551468.44196422  733424.58396585
 194787.05543021 -551469.69404408  733424.57395698
 194783.65941924 -551470.94677869  733424.56394103
 194780.32223894 -551472.17781193  733424.55409677
 194776.98562642 -551473.40863531  733424.54425243
 194773.64936708 -551474.63932873  733424.53440734
 194770.310698   -551475.87091083  733424.52455337
 194767.03057337 -551477.0808971   733424.51487043
 194763.28505566 -551478.46255948  733424.50381156
 194759.59510253 -551479.82372513  733424.49291453
 194755.90812928 -551481.18379153  733424.48202414
 194752.21966725 -551482.54440714  733424.47112717
 194748.53120524 -551483.9050228   733424.46022802
 194744.90128995 -551485.24404126  733424.44949977
 194741.27137392 -551486.58306034  733424.43876938
 194737.63996835 -551487.92262874  733424.42803249
 194734.07009091 -551489.23950072  733424.41747544
 194730.49872164 -551490.55692299  733424.40691194
 194726.92735315 -551491.87434484  733424.39634642
 194723.35449514 -551493.19231646  733424.38577442
 194719.8431637  -551494.4875917   733424.37538251
 194716.33034427 -551495.7834159   733424.36498422
 194712.81603145 -551497.0797909   733424.35457953
 194709.30349443 -551498.37551119  733424.34417811
 194705.85042738 -551499.64929376  733424.33395087
 194702.39466211 -551500.9240719   733424.32371373
 194698.94244681 -551502.19754047  733424.31348519
 194695.54466199 -551503.45093044  733424.30341607
 194692.14893455 -551504.70356165  733424.29335119
 194688.75320787 -551505.95619244  733424.28328448
 194685.35748045 -551507.20882362  733424.27321591
 194682.02029975 -551508.4398579   733424.26331914
 194678.21474387 -551509.84366856  733424.25203117
 194674.46773471 -551511.22588223  733424.24091461
 194670.72072558 -551512.60809603  733424.22979579
 194666.97371723 -551513.99030954  733424.21867473
 194663.22670658 -551515.37252382  733424.20755142
 194659.53973528 -551516.73259072  733424.19660413
 194655.84978338 -551518.09375718  733424.18564582
 194652.16132103 -551519.45437417  733424.17468975
 194648.47286026 -551520.8149907   733424.16373151
 194644.84294387 -551522.15401109  733424.15294507
 194641.21302983 -551523.49303088  733424.14215651
 194637.58311424 -551524.83205078  733424.13136589
 194634.01174691 -551526.14947351  733424.12074722
 194630.44037961 -551527.46689628  733424.11012651
 194626.86901234 -551528.78431918  733424.09950374
 194623.29913382 -551530.10119275  733424.08888338
 194619.78482295 -551531.39756825  733424.07842635
 194616.27349117 -551532.69284496  733424.06797619
 194612.75918188 -551533.98922015  733424.0575152 
 194609.24635906 -551535.28504684  733424.04705666
 194605.79208679 -551536.5592753   733424.03677051
 194602.33781302 -551537.83350437  733424.02648244
 194598.88502956 -551539.10718374  733424.0161969 
 194595.48781297 -551540.36036548  733424.00607502
 194592.09208592 -551541.61299741  733423.99595576
 194588.69635967 -551542.86562945  733423.98583463
 194585.30063265 -551544.11826156  733423.97571166
 194581.96345313 -551545.34929673  733423.96576141
 194578.62627438 -551546.58033136  733423.95580941
 194575.2885263  -551547.81157633  733423.94585389
 194571.9519146  -551549.0424017   733423.93590002
 194568.67328183 -551550.25183996  733423.92611735
 194565.39464908 -551551.46127823  733423.91633295
 194562.11601631 -551552.67071634  733423.90654686
 194558.89593102 -551553.85855719  733423.89693384
 194555.67584579 -551555.04639837  733423.88731913
 194552.45575976 -551556.23423963  733423.87770279
 194549.2374495  -551557.42142575  733423.86809009
 194546.0735682  -551558.58853427  733423.85863832
 194542.91259748 -551559.75456883  733423.84919367
 194539.75077586 -551560.92091756  733423.83974486
 194536.58952049 -551562.08705723  733423.83029616
 194533.48773588 -551563.2312592   733423.82102364
 194530.38353848 -551564.37635113  733423.81174238
 194527.28175389 -551565.52055316  733423.80246678
 194524.23731038 -551566.64360288  733423.79336116
 194521.19286533 -551567.76665312  733423.78425406
 194518.14692999 -551568.89025315  733423.77514102
 194515.10397451 -551570.01275415  733423.76603539
 194512.11807928 -551571.11420653  733423.75709907
 194508.66380665 -551572.38843615  733423.7467592 
 194505.21009954 -551573.66245737  733423.73641911
 194501.75525915 -551574.93689666  733423.72607371
 194498.35804218 -551576.19007954  733423.715899  
 194494.96380663 -551577.44216279  733423.70573137
 194491.56808077 -551578.69479573  733423.69555743
 194488.17086383 -551579.94797841  733423.6853772 
 194484.83368472 -551581.17901478  733423.67537503
 194481.49650559 -551582.41005066  733423.66537112
 194478.16081756 -551583.64053676  733423.65536988
 194474.82214582 -551584.87212322  733423.64535793
 194471.54351345 -551586.08156255  733423.63552426
 194468.2648826  -551587.2910011   733423.62568888
 194464.98774054 -551588.49989052  733423.61585626
 194461.76765487 -551589.68773257  733423.60619316
 194458.54607968 -551590.87612426  733423.59652391
 194455.32599406 -551592.06396669  733423.58685747
 194452.10591074 -551593.25180808  733423.57718938
 194448.94437259 -551594.41805314  733423.56769546
 194445.78283445 -551595.58429824  733423.55819993
 194442.62129632 -551596.75054336  733423.5487028 
 194439.45975897 -551597.91678816  733423.53920408
 194436.35676601 -551599.06143686  733423.52987969
 194433.25583349 -551600.20532551  733423.52055996
 194430.15078474 -551601.35073257  733423.51122632
 194427.10783036 -551602.47323413  733423.50207781
 194423.59352033 -551603.76961174  733423.49151038
 194420.08070063 -551605.06543982  733423.48094543
 194416.56788172 -551606.36126771  733423.4703785 
 194413.05505972 -551607.6570965   733423.45980961
 194409.60078828 -551608.93132693  733423.44941495
 194406.14651532 -551610.20555819  733423.43901836
 194402.6922416  -551611.47978964  733423.42861986
 194399.29651689 -551612.73242308  733423.41839577
 194395.90079067 -551613.98505736  733423.4081698 
 194392.50506443 -551615.23769149  733423.39794201
 194389.10933978 -551616.49032524  733423.38771236
 194385.77421841 -551617.72060351  733423.37766347
 194382.43498155 -551618.95239965  733423.36760041
 194379.09780208 -551620.18343704  733423.35754177
 194375.76062415 -551621.41447374  733423.34748136
 194372.48199216 -551622.62391396  733423.33759568
 194369.20336016 -551623.833354    733423.3277083 
 194365.9247282  -551625.04279428  733423.31781919
 194362.70464291 -551626.2306373   733423.30810501
 194359.4842753  -551627.41858486  733423.29838829
 194356.26710062 -551628.60535418  733423.28867958
 194353.04701617 -551629.79319725  733423.27896041
 194349.88285171 -551630.96041235  733423.26940839
 194346.72131394 -551632.12665829  733423.25986272
 194343.5615504  -551633.29224982  733423.25032081
 194339.98961732 -551634.60988488  733423.23953229
 194336.41704412 -551635.92775618  733423.22873979
 194332.84830249 -551637.24421407  733423.21795682
 194329.2769365  -551638.56164011  733423.20716388
 194325.76262611 -551639.85801902  733423.1965414 
 194322.24980682 -551641.15384816  733423.18592142
 194318.73847709 -551642.44912771  733423.17530398
 194315.22274876 -551643.74603     733423.16467125
 194311.77138604 -551645.01918884  733423.15423126
 194308.31562239 -551646.29397073  733423.14377608
 194304.86283941 -551647.56765365  733423.13332797
 194301.46420527 -551648.82136164  733423.12304186
 194298.06848021 -551650.07399649  733423.11276272
 194294.6742447  -551651.32608195  733423.10248623
 194291.27844968 -551652.57874294  733423.09220316
 194287.94134057 -551653.80975539  733423.08209602
 194284.60409146 -551655.04081939  733423.07198668
 194281.26698469 -551656.27183106  733423.06187598
 194277.92831454 -551657.50341938  733423.05175876
 194274.65117478 -551658.71231021  733423.04182625
 194271.37105291 -551659.92230131  733423.03188297
 194268.09242209 -551661.13174211  733423.02194251
 194264.87382827 -551662.31903619  733423.0121824 
 194261.65225231 -551663.50743032  733423.00241159
 194257.9637925  -551664.86805151  733422.9912227 
 194254.33387939 -551666.20707574  733422.98020928
 194250.70396628 -551667.54610001  733422.96919375
 194247.07341384 -551668.88536004  733422.95817419
 194243.50268681 -551670.20255144  733422.94733414
 194239.93132118 -551671.51997826  733422.93649012
 194236.36144513 -551672.83685591  733422.92564857
 194232.78858847 -551674.15483293  733422.91479593
 194229.2757688  -551675.45066321  733422.90412367
 194225.76295071 -551676.74649314  733422.89344941
 194222.25013107 -551678.04232338  733422.8827732 
 194218.73731146 -551679.33815388  733422.872095  
 194215.2830393  -551680.61238706  733422.86159284
 194211.82876794 -551681.88662002  733422.85108878
 194208.37449581 -551683.16085327  733422.8405828 
 194204.9787719  -551684.41348884  733422.83025303
 194201.58510459 -551685.66536589  733422.81992768
 194198.18732106 -551686.91876127  733422.80958796
 194194.79308596 -551688.17084778  733422.79925719
 194191.4544177  -551689.40243638  733422.78909374
 194188.11723978 -551690.63347556  733422.77893304
 194184.78006186 -551691.86451468  733422.76877055
 194181.44288395 -551693.09555373  733422.75860629
 194178.16567225 -551694.30447213  733422.74862294
 194174.41724507 -551695.68721532  733422.73720203
 194170.73084456 -551697.0470782   733422.72596788
 194167.04032626 -551698.40845981  733422.71471902
 194163.35186689 -551699.76908206  733422.70347426
 194159.66340597 -551701.12970485  733422.69222731
 194156.03349407 -551702.46872992  733422.68115676
 194152.40358062 -551703.80775541  733422.6700841 
 194148.77366875 -551705.14678057  733422.65900933
 194145.2034384  -551706.46378991  733422.6481146 
 194141.63093682 -551707.78163701  733422.6372109 
 194138.05957242 -551709.09906491  733422.62630861
 194134.4908309  -551710.41552541  733422.61541227
 194130.97801164 -551711.71135653  733422.60468473
 194127.46256804 -551713.00815615  733422.59394717
 194123.94974884 -551714.30398766  733422.58321565
 194120.43806604 -551715.5994      733422.57248563
 194116.98266022 -551716.87405247  733422.56192564
 194113.53101365 -551718.14731834  733422.55137522
 194110.07525084 -551719.42210253  733422.54081033
 194106.68016516 -551720.67450377  733422.53042907
 194103.28444092 -551721.92714086  733422.520044  
 194099.88956763 -551723.17946404  733422.50965968
 194096.49235232 -551724.43265089  733422.49926638
 194093.15517478 -551725.66369094  733422.48905494
 194089.34962164 -551727.06750865  733422.47740812
 194085.60261517 -551728.44972906  733422.46593823
 194081.8556087  -551729.8319493   733422.45446612
 194078.10860306 -551731.21416986  733422.44299172
 194074.36159587 -551732.59639065  733422.43151509
 194070.6746272  -551733.95646407  733422.42022016
 194066.98318687 -551735.31818719  733422.40890935
 194063.29770933 -551736.67771101  733422.3976146 
 194059.60775856 -551738.03888459  733422.386304  
 194055.97784633 -551739.37791101  733422.37517529
 194052.34644302 -551740.71748739  733422.36403991
 194048.71802111 -551742.05596402  733422.35291156
 194045.14516682 -551743.37394258  733422.34195157
 194041.5738013  -551744.69137202  733422.3309941 
 194038.0024358 -551746.0088015  733422.3200346
 194034.43256063 -551747.32568114  733422.30907763
 194030.91974259 -551748.62151341  733422.29829378
 194027.40550505 -551749.91786938  733422.28750359
 194023.89410579 -551751.21317821  733422.27672016
 194020.38128701 -551752.50901062  733422.2659304 
 194016.92765507 -551753.78301015  733422.25532048
 194013.47132563 -551755.0580045   733422.24470039
 194010.01698202 -551756.33226643  733422.23408448
 194006.62125894 -551757.58490417  733422.22364686
 194003.22560589 -551758.83751607  733422.2132076 
 193999.82981051 -551760.09018047  733422.20276606
 193996.43415671 -551761.34279259  733422.19232313
 193993.09839989 -551762.57330997  733422.18206256
 193989.75980247 -551763.80487486  733422.17179151
 193986.42404412 -551765.03539258  733422.1615274 
 193983.0854498  -551766.26695646  733422.15125278
 193979.80674783 -551767.47642697  733422.14116073
 193976.5302463  -551768.68508559  733422.13107376
 193973.24948778 -551769.8953147   733422.12097195
 193970.02940405 -551771.0831618   733422.11105529
 193966.80939265 -551772.27098221  733422.10113719
 193963.58923816 -551773.45885536  733422.09121699
 193960.36915447 -551774.64670255  733422.08129534
 193957.20768898 -551775.81292616  733422.0715527 
 193954.04615275 -551776.9791761   733422.06180822
 193950.88454574 -551778.14545197  733422.05206195
 193947.72301029 -551779.31170163  733422.04231428
 193944.62215041 -551780.45556889  733422.03275213
 193941.51710273 -551781.60098073  733422.02317555
 193938.41673913 -551782.74466503  733422.01361184
 193935.3696711  -551783.86868911  733422.00421106
 193932.32522979 -551784.99174444  733421.99481688
 193929.28078771 -551786.11479994  733421.98542122
 193926.23897157 -551787.23688673  733421.97603219
 193923.2530754  -551788.33834558  733421.96681431
 193919.79610778 -551789.61357661  733421.95614039
 193916.34304329 -551790.88736786  733421.94547662
 193912.89026348 -551792.16105411  733421.93481181
 193909.4945385  -551793.41369369  733421.92432137
 193906.09611914 -551794.6673273   733421.91382074
 193902.70160135 -551795.91952153  733421.90333035
 193899.30467154 -551797.17260559  733421.89283064
 193895.96870044 -551798.40320292  733421.88251755
 193892.63301401 -551799.63369514  733421.87220357
 193889.29321215 -551800.86570565  733421.86187507
 193885.95866137 -551802.09577897  733421.85156104
 193882.67740542 -551803.30619272  733421.8414101 
 193879.40140132 -551804.51466914  733421.83127369
 193876.12277129 -551805.72411402  733421.82112746
 193872.90119766 -551806.91251194  733421.81115609
 193869.68260617 -551808.09980965  733421.8011923 
 193866.46252361 -551809.2876573   733421.79122225
 193863.23945968 -551810.47660498  733421.78124129
 193860.07941411 -551811.64230596  733421.77145387
 193856.91787903 -551812.80855659  733421.76166022
 193853.75634239 -551813.97480754  733421.75186499
 193850.59331622 -551815.14160794  733421.74206355
 193847.4918189  -551816.28571147  733421.73245119
 193844.38882972 -551817.43036518  733421.72283268
 193841.28647838 -551818.57478359  733421.71321461
 193838.24203743 -551819.6978399   733421.70377456
 193834.72914944 -551820.99370017  733421.69288015
 193831.21576447 -551822.28974417  733421.68198219
 193827.70145624 -551823.58612862  733421.67107941
 193824.19012937 -551824.88141303  733421.66018393
 193820.73585967 -551826.15565011  733421.64946354
 193817.28158919 -551827.42988749  733421.63874124
 193813.82731717 -551828.70412517  733421.62801704
 193810.43216195 -551829.95655569  733421.61747451
 193807.03438082 -551831.209955    733421.60692197
 193803.64014735 -551832.46204556  733421.5963786 
 193800.24293405 -551833.71523544  733421.58582413
 193796.90575771 -551834.9462783   733421.57545439
 193793.56858065 -551836.17732196  733421.56508283
 193790.23140433 -551837.40836488  733421.55470953
 193786.89422881 -551838.63940781  733421.54433442
 193783.61559917 -551839.84885381  733421.5341396 
 193780.33697031 -551841.0582994   733421.52394308
 193777.06046961 -551842.26696022  733421.51375144
 193773.83974883 -551843.45504458  733421.50373163
 193770.61817558 -551844.6434433   733421.49370751
 193767.39809341 -551845.83129193  733421.48368638
 193764.17950157 -551847.01859102  733421.47366821
 193761.01647576 -551848.18539228  733421.4638214 
 193757.85494029 -551849.35164412  733421.4539776 
 193754.69610153 -551850.51690126  733421.4441406 
 193751.12204058 -551851.83532849  733421.43300865
 193747.55216667 -551853.15221147  733421.42188768
 193743.98137102 -551854.46943422  733421.41076181
 193740.40794793 -551855.78762644  733421.3996257 
 193736.89513272 -551857.08346136  733421.38867646
 193733.38231441 -551858.3792971   733421.37772527
 193729.87162811 -551859.67434674  733421.36677872
 193726.35937688 -551860.96997342  733421.35582534
 193722.9024101  -551862.24520664  733421.34504242
 193719.44814004 -551863.51944504  733421.33426601
 193715.99387075 -551864.79368303  733421.3234877 
 193712.59963845 -551866.04577438  733421.31289485
 193709.20242476 -551867.29896535  733421.30229086
 193705.80670139 -551868.5516068   733421.29168966
 193702.4136763  -551869.80325293  733421.28109503
 193699.07649882 -551871.03429738  733421.27067301
 193695.73662696 -551872.26633598  733421.26024078
 193692.40065744 -551873.49693482  733421.24981897
 193689.06227516 -551874.72842395  733421.23938783
 193685.78485233 -551875.93742607  733421.22914541
 193682.50622388 -551877.14687295  733421.2188975 
 193679.22638747 -551878.35676502  733421.20864413
 193676.00900161 -551879.54362015  733421.1985843 
 193672.7879981  -551880.73180995  733421.18851148
 193669.10046268 -551882.09209784  733421.17697768
 193665.46906263 -551883.4316778   733421.16561734
 193661.83915063 -551884.77070929  733421.15425953
 193658.20924092 -551886.10973967  733421.14289963
 193654.63787633 -551887.42717346  733421.1317209 
 193651.06800439 -551888.7440571   733421.12054476
 193647.49664138 -551890.06149059  733421.10936193
 193643.92527682 -551891.37892441  733421.09817708
 193640.40947908 -551892.67586053  733421.08716424
 193636.89872085 -551893.97093767  733421.07616522
 193633.38533749 -551895.26698333  733421.06515598
 193629.87252042 -551896.56282014  733421.05414655
 193626.41974107 -551897.83650975  733421.04332335
 193622.96454891 -551899.11108946  733421.03249068
 193619.50971225 -551900.38553804  733421.02165721
 193616.11249972 -551901.63872973  733421.01100258
 193612.71826551 -551902.89082298  733421.00035543
 193609.32254332 -551904.14346495  733420.98970179
 193605.92682114 -551905.3961072   733420.97904628
 193602.58815529 -551906.6277018   733420.96856803
 193599.25303789 -551907.85798773  733420.95809911
 193595.91380351 -551909.08979223  733420.9476155 
 193592.57811832 -551910.32028761  733420.93714124
 193589.29799993 -551911.53028498  733420.92683973
 193585.55099576 -551912.9125111   733420.91506983
 193581.86402932 -551914.27259024  733420.90348629
 193578.1740815  -551915.633769    733420.89189123
 193574.48711353 -551916.9938485   733420.88030337
 193570.79922542 -551918.35426779  733420.8687104 
 193567.1693146  -551919.69329999  733420.85729757
 193563.53883751 -551921.032541    733420.84588085
 193559.90743797 -551922.37212243  733420.83445911
 193556.33607302 -551923.68955745  733420.82322417
 193552.76676853 -551925.00623272  733420.81199365
 193549.19334785 -551926.32442652  733420.80074813
 193545.62198371 -551927.6418614   733420.78950706
 193542.10916857 -551928.93769866  733420.77844825
 193538.59635265 -551930.2335361   733420.76738748
 193535.08353522 -551931.52937417  733420.75632473
 193531.57071933 -551932.82521169  733420.74526   
 193528.11794117 -551934.09890209  733420.73438246
 193524.66367117 -551935.37314278  733420.72349831
 193521.20940273 -551936.64738293  733420.71261225
 193517.81218983 -551937.90057588  733420.70190415
 193514.41795912 -551939.15266894  733420.69120359
 193511.02074549 -551940.40586242  733420.68049177
 193507.62502451 -551941.65850543  733420.66978281
 193504.28784782 -551942.88955175  733420.65925671
 193500.48435554 -551944.29261684  733420.64725757
 193496.73799193 -551945.6746081   733420.63543637
 193492.98828993 -551947.05783052  733420.62360242
 193489.24128698 -551948.4400575   733420.61177472
 193485.49549046 -551949.82183965  733420.59994857
 193481.80852292 -551951.18192031  733420.58830598
 193478.11857558 -551952.54310049  733420.57665178
 193474.43097103 -551953.90341622  733420.56500282
 193470.74166229 -551955.26436059  733420.5533463 
 193467.11203581 -551956.60328898  733420.54187622
 193463.48333262 -551957.94187699  733420.53040693
 193459.8507271  -551959.28190431  733420.51892322
 193456.27936417 -551960.59934034  733420.50763102
 193452.708002   -551961.91677573  733420.49633682
 193449.13841409 -551963.23355702  733420.48504616
 193445.56527541 -551964.5516477   733420.47374226
 193442.0524607  -551965.84748603  733420.46262717
 193438.54085087 -551967.14288002  733420.45151392
 193435.02682975 -551968.43916309  733420.44039109
 193431.51521917 -551969.73455729  733420.4292739 
 193428.06095111 -551971.00879831  733420.41833633
 193424.60668154 -551972.28304006  733420.40739683
 193421.15298134 -551973.55707199  733420.39645722
 193417.75669138 -551974.80992579  733420.3856976 
 193414.36153781 -551976.06236042  733420.37493974
 193410.96524785 -551977.31521409  733420.36417644
 193407.56803699 -551978.56840789  733420.35340835
 193404.23235179 -551979.79890522  733420.34283351
 193400.89574492 -551981.02974315  733420.33225392
 193397.55800163 -551982.2609997   733420.32166899
 193394.22139632 -551983.49183687  733420.31108585
 193390.94070939 -551984.70204641  733420.30067834
 193387.66357164 -551985.91094641  733420.2902804 
 193384.38345332 -551987.12094628  733420.27987125
 193381.1633727  -551988.30879881  733420.26965096
 193377.94478238 -551989.49610159  733420.25943374
 193374.7252696  -551990.6837448   733420.24921193
 193371.50518746 -551991.87159791  733420.23898666
 193368.34308646 -551993.03806253  733420.22894389
 193365.18155329 -551994.2043178   733420.21890131
 193362.02058638 -551995.37036411  733420.20885894
 193358.85699434 -551996.53737883  733420.19880662
 193355.75549967 -551997.68148677  733420.18895005
 193352.65102129 -551998.82669516  733420.17908247
 193349.5495243  -551999.97080369  733420.16922284
 193346.50565223 -552001.09365522  733420.15954488
 193343.46064455 -552002.21692574  733420.14986182
 193340.41677327 -552003.33977709  733420.1401809 
 193337.3702753  -552004.46359734  733420.13049014
 193334.38438207 -552005.5650612   733420.12099072
 193330.93011367 -552006.83930369  733420.10999941
 193327.47584526 -552008.11354601  733420.0990062 
 193324.0215769  -552009.38778857  733420.08801107
 193320.62585438 -552010.64043425  733420.07720043
 193317.23013418 -552011.89307902  733420.06638796
 193313.83590276 -552013.14517465  733420.05557839
 193310.44131745 -552014.39740096  733420.04476582
 193307.10300751 -552015.62886777  733420.03413073
 193303.76434136 -552016.86046623  733420.0234927 
 193300.42716784 -552018.09151388  733420.01285766
 193297.08999435 -552019.3225619   733420.00222082
 193293.81136669 -552020.5320127   733419.99176886
 193290.53273904 -552021.74146353  733419.98131519
 193287.2541122  -552022.95091435  733419.97085977
 193284.03403197 -552024.13876794  733419.96058939
 193280.81395096 -552025.32662169  733419.95031736
 193277.59386997 -552026.51447537  733419.94004368
 193274.37378976 -552027.70232894  733419.92976832
 193271.21346257 -552028.86814029  733419.91968203
 193268.05072261 -552030.03484182  733419.90958642
 193264.89067936 -552031.20054853  733419.89949783
 193261.72765552 -552032.36735481  733419.88939813
 193258.62587576 -552033.51156885  733419.87949241
 193255.52168243 -552034.65667301  733419.86957747
 193252.42132221 -552035.80036334  733419.85967322
 193249.37425677 -552036.92439389  733419.84993772
 193245.86349948 -552038.21947577  733419.83871884
 193242.34862751 -552039.51607517  733419.82748487
 193238.83581135 -552040.81191632  733419.81625549
 193235.32299754 -552042.10775686  733419.80502412
 193231.8713547  -552043.38103191  733419.79398642
 193228.41446082 -552044.65624411  733419.78293001
 193224.96139927 -552045.93004264  733419.77188394
 193221.56709825 -552047.1821653   733419.76102398
 193218.17144848 -552048.43478521  733419.75015787
 193214.77480544 -552049.68777168  733419.73928673
 193211.38000664 -552050.94007774  733419.72841966
 193208.04191101 -552052.17146674  733419.71773229
 193204.70565887 -552053.40217599  733419.70704902
 193201.36699466 -552054.63377458  733419.69635628
 193198.02982158 -552055.86482349  733419.6856665 
 193194.74970248 -552057.07482564  733419.67515776
 193191.47313489 -552058.28351783  733419.66465867
 193188.19393985 -552059.49317917  733419.65414944
 193184.97535032 -552060.68048395  733419.64383277
 193181.75434722 -552061.86867895  733419.6335067 
 193178.53426818 -552063.05653321  733419.62318193
 193175.3136198  -552064.2445976   733419.61285367
 193172.1526544  -552065.41064539  733419.6027152 
 193168.99055418 -552066.57711192  733419.59257149
 193165.82902024 -552067.74336961  733419.58242799
 193162.2582272  -552069.0605991   733419.57096948
 193158.68480667 -552070.37879744  733419.55950052
 193155.11344583 -552071.69623629  733419.54803611
 193151.54414234 -552073.01291617  733419.53657627
 193148.02927081 -552074.30951689  733419.52528919
 193144.5179446  -552075.60480952  733419.51401154
 193141.00569976 -552076.90044124  733419.50272895
 193137.49231701 -552078.1964927   733419.49144074
 193134.03804944 -552079.47073705  733419.48034054
 193130.58434972 -552080.74477238  733419.46924023
 193127.12951438 -552082.0192264   733419.45813437
 193123.73379423 -552083.27187341  733419.44721669
 193120.33864114 -552084.52431154  733419.43629896
 193116.94235245 -552085.77716845  733419.42537575
 193113.54720013 -552087.02960609  733419.41445435
 193110.20945961 -552088.26086537  733419.40371582
 193106.87228459 -552089.49191595  733419.39297734
 193103.5351111  -552090.72296586  733419.38223708
 193100.19793842 -552091.95401576  733419.37149503
 193096.92044564 -552093.16305026  733419.36094336
 193093.64068472 -552094.37292153  733419.35038265
 193090.36056913 -552095.58292354  733419.3398191 
 193087.14048814 -552096.77077954  733419.32944719
 193083.92189899 -552097.95808511  733419.31907845
 193080.23195424 -552099.31926941  733419.30718916
 193076.60204561 -552100.65830682  733419.2954912 
 193072.97213854 -552101.99734377  733419.28379113
 193069.3422292  -552103.33638183  733419.27208893
 193065.77086874 -552104.65382143  733419.26057344
 193062.20213425 -552105.97029265  733419.24906437
 193058.63077307 -552107.28773279  733419.23754478
 193055.05799237 -552108.60569652  733419.22601859
 193051.54397294 -552109.9019839   733419.21467996
 193048.03378432 -552111.1968582   733419.20335172
 193044.51834464 -552112.49366967  733419.19200456
 193041.00553091 -552113.78951253  733419.18066388
 193037.55126299 -552115.06375836  733419.1695103 
 193034.09699585 -552116.33800376  733419.15835482
 193030.64272873 -552117.61224942  733419.14719742
 193027.24878319 -552118.86424285  733419.13623301
 193023.85242412 -552120.11712706  733419.12525893
 193020.45734222 -552121.36953989  733419.11428714
 193017.06162331 -552122.62218786  733419.10331145
 193013.72267677 -552123.85389311  733419.09251745
 193010.38550212 -552125.08494446  733419.08172742
 193007.05010251 -552126.31534156  733419.07094131
 193003.71115602 -552127.54704679  733419.06014198
 193000.43430375 -552128.75584595  733419.04954175
 192996.68815481 -552130.13776448  733419.03742126
 192992.99884828 -552131.49871442  733419.0254825 
 192989.30975409 -552132.85958587  733419.01354226
 192985.62279037 -552134.2196716   733419.00160673
 192981.93291684 -552135.5808308   733418.9896596 
 192978.30301021 -552136.91986879  733418.9779045 
 192974.67310282 -552138.25890718  733418.96614729
 192971.04376248 -552139.59773637  733418.9543898 
 192967.47176312 -552140.91541299  733418.94281603
 192963.90104249 -552142.23261807  733418.93124434
 192960.32968097 -552143.55005954  733418.91966855
 192956.75832024 -552144.86750067  733418.90809072
 192953.24635859 -552146.1630302   733418.89670345
 192949.73063541 -552147.45994737  733418.88530201
 192946.21987865 -552148.75503238  733418.8739147 
 192942.70642675 -552150.05111179  733418.86251667
 192939.25216003 -552151.3253584   733418.85130872
 192935.79796566 -552152.59957856  733418.84009907
 192932.34362742 -552153.8738516   733418.82888707
 192928.9485459  -552155.12626527  733418.81786555
 192925.5507677  -552156.37967384  733418.80683342
 192922.1571073  -552157.63156363  733418.7958128 
 192918.75932759 -552158.88497298  733418.78477695
 192915.42357442 -552160.11550124  733418.77394079
 192911.61660882 -552161.51985546  733418.7615717 
 192907.86960781 -552162.90208932  733418.74939519
 192904.12402634 -552164.28379977  733418.73722103
 192900.37702457 -552165.66603386  733418.72504002
 192896.6286041  -552167.04879172  733418.71285213
 192892.94220863 -552168.4086692   733418.70086371
 192889.25318722 -552169.76951496  733418.68886461
 192885.5632426 -552171.1307017  733418.6768603
 192881.87627934 -552172.49078848  733418.66486353
 192878.24637238 -552173.82982784  733418.65305027
 192874.6164647  -552175.16886778  733418.64123489
 192870.98506746 -552176.50845688  733418.62941257
 192867.41370711 -552177.82589889  733418.61778365
 192863.84383789 -552179.14279123  733418.60615752
 192860.27098729 -552180.4607834   733418.59451964
 192856.69962699 -552181.77822554  733418.5828846 
 192853.18823438 -552183.07354661  733418.5714429 
 192849.67400117 -552184.36991521  733418.55998999
 192846.1611875  -552185.6657602   733418.54853974
 192842.65043274 -552186.96084593  733418.5370942 
 192839.19410757 -552188.23585309  733418.52582419
 192835.73984205 -552189.51010034  733418.514559  
 192832.28671143 -552190.78392932  733418.50329557
 192828.88985768 -552192.0369981   733418.49221386
 192825.49413726 -552193.28964889  733418.48113399
 192822.09841762 -552194.54229937  733418.47005229
 192818.70383435 -552195.79453057  733418.45897246
 192815.36815318 -552197.0250337   733418.44808305
 192812.03012765 -552198.25640123  733418.43718425
 192808.69295697 -552199.48745395  733418.42628642
 192805.35663643 -552200.71819272  733418.41538961
 192802.0780108  -552201.92764874  733418.40467947
 192798.79675924 -552203.13807311  733418.39395906
 192795.51955314 -552204.34700533  733418.38325014
 192792.30068204 -552205.53441829  733418.37273017
 192789.07911195 -552206.72282699  733418.3621997 
 192785.85903448 -552207.91068521  733418.35167245
 192782.63895547 -552209.09854363  733418.34114357
 192779.47742383 -552210.26480489  733418.33080447
 192776.31589221 -552211.43106618  733418.32046378
 192773.15436057 -552212.59732708  733418.31012151
 192769.99282898 -552213.76358864  733418.2997776 
 192766.89048329 -552214.90801649  733418.28962582
 192763.78749828 -552216.05268041  733418.27947039
 192760.68387546 -552217.19757984  733418.26931131
 192757.6400764  -552218.32041071  733418.25934657
 192754.59358062 -552219.44423615  733418.24937153
 192751.55056175 -552220.56677937  733418.23940637
 192748.5061249  -552221.68984558  733418.2294351 
 192745.52023463 -552222.79131454  733418.21965412
 192742.06596722 -552224.06556372  733418.2083371 
 192738.61234072 -552225.33957649  733418.19702027
 192735.15743553 -552226.6140612   733418.18569732
 192731.76235641 -552227.86647652  733418.1745686 
 192728.36457828 -552229.11988747  733418.16342918
 192724.97027933 -552230.37201505  733418.15229931
 192721.57307137 -552231.62521584  733418.14115806
 192718.23802684 -552232.85548478  733418.1302189 
 192714.8987261  -552234.08732422  733418.11926397
 192711.56304533 -552235.3178283   733418.10831913
 192708.22587273 -552236.54888257  733418.09736763
 192704.94788763 -552237.75810336  733418.0866086 
 192701.66862302 -552238.96779591  733418.07584368
 192698.38850751 -552240.17780264  733418.06507422
 192695.17056007 -552241.36487601  733418.05450721
 192691.94835253 -552242.5535208   733418.04392456
 192688.72976422 -552243.74083069  733418.03335213
 192685.51032498 -552244.92845443  733418.02277524
 192682.34815435 -552246.09495237  733418.01238488
 192679.1866231  -552247.26121437  733418.00199503
 192676.02360154 -552248.42802609  733417.99159869
 192672.86214189 -552249.59426201  733417.98120585
 192669.75915723 -552250.73892683  733417.9710037 
 192666.65823146 -552251.88283207  733417.96080679
 192663.55319026 -552253.02825571  733417.95059478
 192660.50868067 -552254.15134979  733417.94058036
 192656.99593938 -552255.44717044  733417.92902393
 192653.48312811 -552256.7430171   733417.91746529
 192649.97024299 -552258.03889099  733417.90590443
 192646.45743175 -552259.33473783  733417.89434183
 192643.00323787 -552260.60896119  733417.88297024
 192639.54897243 -552261.88321075  733417.87159653
 192636.09463626 -552263.15748686  733417.86022064
 192632.70104631 -552264.40935393  733417.84904297
 192629.30327013 -552265.6627651   733417.83784968
 192625.90747977 -552266.91544406  733417.82666105
 192622.51389065 -552268.16731109  733417.81547784
 192619.17671919 -552269.39836602  733417.80447875
 192615.83749041 -552270.63017989  733417.79347109
 192612.50024822 -552271.86126131  733417.78246818
 192609.1631468  -552273.09229038  733417.77146398
 192605.88445194 -552274.3017739   733417.76065063
 192602.60823993 -552275.51034174  733417.74984375
 192599.32720155 -552276.72068999  733417.73901922
 192596.10982077 -552277.90755524  733417.72840305
 192592.88974331 -552279.09541559  733417.7177763 
 192589.66817557 -552280.28382574  733417.70714297
 192586.44873748 -552281.47145011  733417.69651502
 192583.28543164 -552282.63836796  733417.68607075
 192580.12390079 -552283.80463103  733417.67563074
 192576.96442805 -552284.97013477  733417.66519594
 192573.39363685 -552286.2873708   733417.65340074
 192569.82078752 -552287.60536571  733417.64159672
 192566.24999715 -552288.92260178  733417.62979741
 192562.67807036 -552290.24025669  733417.61799234
 192559.16674826 -552291.53555507  733417.60638557
 192555.65244636 -552292.83195289  733417.59476696
 192552.13963476 -552294.12780098  733417.5831513 
 192548.62682317 -552295.4236489   733417.57153369
 192545.17142176 -552296.69831866  733417.56010401
 192541.71829315 -552297.97215023  733417.54867994
 192538.26402817 -552299.24640116  733417.53725018
 192534.86831052 -552300.49905435  733417.52601229
 192531.47259213 -552301.75170794  733417.51477255
 192528.07744228 -552303.0041514   733417.50353288
 192524.68115687 -552304.2570142   733417.49228758
 192521.34249477 -552305.48862034  733417.48123126
 192518.00560763 -552306.7195715   733417.47017905
 192514.67021083 -552307.94997314  733417.45912998
 192511.33098171 -552309.18178831  733417.44806645
 192508.05384761 -552310.39069759  733417.43720689
 192504.77586254 -552311.59992042  733417.42634281
 192501.49716656 -552312.80940548  733417.41547466
 192498.27652243 -552313.99747579  733417.40479726
 192495.05708398 -552315.1851016   733417.39412218
 192491.36863146 -552316.54574288  733417.3818899 
 192487.73659739 -552317.88557191  733417.36984261
 192484.10669145 -552319.22461575  733417.35780027
 192480.47678708 -552320.56365946  733417.3457558 
 192476.9054285  -552321.88110592  733417.33390354
 192473.33619806 -552323.19776718  733417.32205632
 192469.76476948 -552324.51523948  733417.31019976
 192466.19135361 -552325.83344507  733417.29833454
 192462.68059898 -552327.12853534  733417.2866754 
 192459.16722076 -552328.42459356  733417.27500557
 192455.6544096  -552329.72044267  733417.26333564
 192452.14010812 -552331.0168414   733417.2516588 
 192448.68790165 -552332.290334    733417.24018634
 192445.23157895 -552333.56534496  733417.2286983 
 192441.77944249 -552334.83881146  733417.21722227
 192438.3815956  -552336.09225138  733417.20592483
 192434.98800728 -552337.34412034  733417.19463972
 192431.59229006 -552338.59677449  733417.18334568
 192428.19713991 -552339.84921967  733417.17205168
 192424.85727258 -552341.08127152  733417.16093977
 192421.52216005 -552342.31156909  733417.14984192
 192418.1856288  -552343.54239022  733417.13873755
 192414.84576073 -552344.77444232  733417.12762029
 192411.56983263 -552345.98290751  733417.11671413
 192407.82013881 -552347.36614154  733417.1042286 
 192404.13168591 -552348.72678384  733417.09194482
 192400.44593208 -552350.0864309   733417.07966782
 192396.75748001 -552351.44707324  733417.06737967
 192393.06633201 -552352.80871014  733417.05508036
 192389.4382015  -552354.14710052  733417.04298888
 192385.8077282  -552355.48635504  733417.03088751
 192382.17810819 -552356.82529502  733417.01878685
 192378.60703396 -552358.14263775  733417.00687934
 192375.03659832 -552359.45974493  733416.99497191
 192371.4637499  -552360.77774219  733416.9830544 
 192367.89118542 -552362.09563502  733416.97113576
 192364.38107134 -552363.39049005  733416.95942351
 192360.86825983 -552364.68634042  733416.94770026
 192357.35395879 -552365.98274037  733416.93597007
 192353.84114808 -552367.27859046  733416.92424288
 192350.38745094 -552368.55263402  733416.91271111
 192346.93318678 -552369.82688675  733416.90117554
 192343.47892341 -552371.10113925  733416.88963805
 192340.08263802 -552372.35400419  733416.87829236
 192336.68543092 -552373.60720932  733416.86694172
 192333.28971412 -552374.85986449  733416.85559424
 192329.89548611 -552376.11197052  733416.84424989
 192326.55831666 -552377.34302827  733416.83309442
 192322.7533389  -552378.74665711  733416.820373  
 192319.00634065 -552380.12889768  733416.80784317
 192315.25934165 -552381.51113854  733416.79531109
 192311.51177717 -552382.89358818  733416.78277486
 192307.76477899 -552384.27582908  733416.77023827
 192304.07689593 -552385.63626284  733416.75789727
 192300.3878757  -552386.99711568  733416.74555032
 192296.69793534 -552388.35830853  733416.73319807
 192293.01097405 -552389.71840216  733416.72085365
 192289.38163837 -552391.05723859  733416.7087    
 192285.75116474 -552392.39649425  733416.69654047
 192282.1212613  -552393.73554013  733416.6843807 
 192278.54990282 -552395.05298878  733416.67241503
 192274.97705562 -552396.37098706  733416.6604423 
 192271.40569873 -552397.68843528  733416.64847255
 192267.8358314  -552399.00533434  733416.63650572
 192264.3235881  -552400.30097617  733416.62473008
 192260.81077781 -552401.59682734  733416.61295055
 192257.2973997  -552402.89288797  733416.60116715
 192253.78309912 -552404.18928891  733416.58937868
 192250.33153133 -552405.46254836  733416.5777987 
 192246.87662901 -552406.73703751  733416.56620566
 192243.42236608 -552408.01129119  733416.55461282
 192240.02664891 -552409.26394757  733416.54321463
 192236.63093177 -552410.51660418  733416.53181457
 192233.23315731 -552411.77001976  733416.52040576
 192229.8389305  -552413.02212667  733416.50900701
 192226.50027116 -552414.25373512  733416.49779309
 192223.16459167 -552415.48424428  733416.48658738
 192219.82798971 -552416.71509388  733416.4753768 
 192216.49025137 -552417.94636262  733416.46416062
 192213.21013784 -552419.15637396  733416.45313635
 192209.93300494 -552420.36528601  733416.44212035
 192206.65289221 -552421.57529717  733416.43109263
 192203.43551226 -552422.76216672  733416.42027415
 192200.2127397  -552423.95102566  733416.40943586
 192196.99536055 -552425.13789503  733416.39861405
 192193.77258723 -552426.32675428  733416.38777244
 192190.61375537 -552427.49202577  733416.37714434
 192187.4515883  -552428.65852827  733416.36650336
 192184.29069682 -552429.82455958  733416.35586513
 192181.12916756 -552430.99082649  733416.34522314
 192178.02348889 -552432.13649044  733416.33476758
 192174.92050617 -552433.28115993  733416.32431956
 192171.81873141 -552434.42538397  733416.31387405
 192168.77486305 -552435.54824665  733416.30362206
 192165.73135091 -552436.67097785  733416.2933698 
 192162.68542447 -552437.79459984  733416.28310791
 192159.63978193 -552438.91811717  733416.27284548
 192156.65538495 -552440.01904146  733416.26278799
 192153.20140478 -552441.29319176  733416.25114621
 192149.74806474 -552442.56710592  733416.23950469
 192146.29380147 -552443.84136096  733416.22785812
 192142.89808395 -552445.09401869  733416.21640711
 192139.50144628 -552446.34701601  733416.20495113
 192136.10572956 -552447.59967345  733416.19349643
 192132.71093534 -552448.85199077  733416.18204299
 192129.37107005 -552450.08404547  733416.17077304
 192126.03510551 -552451.3146607   733416.15951451
 192122.6979377  -552452.54572038  733416.14825011
 192119.36133615 -552453.77657089  733416.13698585
 192116.08214552 -552454.98624291  733416.12591367
 192112.80352194 -552456.19570573  733416.1148417 
 192109.52489994 -552457.4051684   733416.10376797
 192103.08531602 -552459.7806893   733416.08201296
 192099.86467198 -552460.96876421  733416.07113007
 192096.6445973  -552462.15662896  733416.06024746
 192093.48306838 -552463.32289659  733416.0495611 
 192090.32210729 -552464.48895498  733416.03887505
 192087.16001057 -552465.65543206  733416.02818357
 192083.99848091 -552466.82169993  733416.01749242
 192080.89606792 -552467.96616041  733416.00699959
 192077.79308559 -552469.11083092  733415.9965033 
 192074.68953546 -552470.25571083  733415.98600356
 192071.64566901 -552471.3785738   733415.97570423
 192068.13285879 -552472.6744273   733415.96381632
 192064.61948154 -552473.97048997  733415.95192452
 192061.10723916 -552475.26613406  733415.94003459
 192057.59386271 -552476.56219634  733415.92813885
 192054.13959985 -552477.83645245  733415.9164413 
 192050.68533698 -552479.11070828  733415.90474187
 192047.23164195 -552480.38475477  733415.89304245
 192043.83592485 -552481.63741342  733415.88153757
 192040.4402101  -552482.89007157  733415.87003083
 192037.04392523 -552484.14293989  733415.85852033
 192033.64671943 -552485.39614802  733415.84700486
 192030.30955124 -552486.62720878  733415.83569109
 192026.97443959 -552487.85751059  733415.82438254
 192023.63521332 -552489.08933067  733415.81305822
 192020.30073955 -552490.3193974   733415.80174825
 192017.02091151 -552491.52930576  733415.79062189
 192013.74079881 -552492.7393192   733415.77949284
 192010.4621772  -552493.94878244  733415.76836714
 192007.24472805 -552495.13567997  733415.75744732
 192004.02202706 -552496.32451462  733415.74650804
 192000.80400934 -552497.51162174  733415.73558299
 191997.58450134 -552498.69927867  733415.72465121
 191994.42034768 -552499.86651576  733415.71390578
 191991.26151587 -552501.03178973  733415.70317682
 191988.09849708 -552502.19860814  733415.69243204
 191984.5259343  -552503.51650482  733415.68029413
 191980.9557859  -552504.83351107  733415.66816235
 191977.38591909 -552506.15041342  733415.65602951
 191973.81456279 -552507.46786532  733415.64388955
 191970.30168298 -552508.76374563  733415.63194638
 191966.78624884 -552510.06056836  733415.61999254
 191963.27606347 -552511.35545482  733415.60805458
 191959.76332605 -552512.65128275  733415.59610596
 191956.30814111 -552513.92587997  733415.58435118
 191952.85210523 -552515.20079094  733415.57259161
 191949.39961626 -552516.47439372  733415.56084218
 191946.00482362 -552517.72671269  733415.54928725
 191942.60818601 -552518.97971218  733415.53772419
 191939.21246938 -552520.23237211  733415.52616241
 191935.8161865  -552521.48524098  733415.51459686
 191932.47901793 -552522.71630287  733415.50323082
 191929.14185017 -552523.94736464  733415.49186299
 191925.80617117 -552525.17787717  733415.48049845
 191922.46630595 -552526.40993402  733415.46911787
 191919.18945815 -552527.61874405  733415.45795029
 191915.91026836 -552528.82841806  733415.446773  
 191912.63164716 -552530.03788258  733415.43559592
 191909.41157248 -552531.22574951  733415.42461676
 191906.19206485 -552532.41340734  733415.41363788
 191902.50304881 -552533.7742641   733415.40105588
 191898.87314556 -552535.11331449  733415.38867337
 191895.2432431  -552536.45236478  733415.37628874
 191891.61334066 -552537.7914149   733415.36390202
 191888.04198474 -552539.10886784  733415.351713  
 191884.47119665 -552540.42611134  733415.33952388
 191880.89927372 -552541.74377339  733415.32732886
 191877.32791785 -552543.06122635  733415.31513373
 191873.81567628 -552544.35687233  733415.30313847
 191870.30286772 -552545.65272757  733415.29113928
 191866.79005838 -552546.94858312  733415.27913813
 191863.27725063 -552548.2444383   733415.26713499
 191859.82298859 -552549.51869602  733415.25533   
 191856.36872582 -552550.79295434  733415.24352307
 191852.91446459 -552552.0672119   733415.23171425
 191849.5181813  -552553.32008189  733415.22010177
 191846.12303366 -552554.57253315  733415.20849131
 191842.72675195 -552555.82540272  733415.19687513
 191839.33103652 -552557.07806333  733415.18525905
 191835.99443539 -552558.30891696  733415.1738434 
 191832.65521069 -552559.54073862  733415.16241697
 191829.32009989 -552560.77104243  733415.15100286
 191825.98236322 -552562.00231534  733415.13957795
 191822.70225287 -552563.21233018  733415.12834856
 191818.95731432 -552564.59381741  733415.11552575
 191815.26886496 -552565.95446626  733415.10289416
 191811.57984858 -552567.3153244   733415.09025844
 191807.89139926 -552568.67597333  733415.07762249
 191804.20145965 -552570.03717209  733415.06497925
 191800.57361574 -552571.37546416  733415.05254665
 191796.94314592 -552572.7147248   733415.04010296
 191793.31175441 -552574.05432574  733415.02765397
 191789.74245626 -552575.37102064  733415.01541581
 191786.17053455 -552576.68868356  733415.0031666 
 191782.60031316 -552578.00571896  733414.9909212 
 191779.0283907  -552579.32338223  733414.9786679 
 191775.51352522 -552580.6199975   733414.96660834
 191772.00334224 -552581.9148854   733414.95456287
 191768.48790666 -552583.21171098  733414.94249741
 191764.97687354 -552584.50691264  733414.93044507
 191761.52083774 -552585.78182597  733414.91857961
 191758.06920208 -552587.05511633  733414.90672733
 191754.6149405  -552588.32937515  733414.89486414
 191751.21922623 -552589.58203652  733414.88320014
 191747.82351198 -552590.83469794  733414.8715343 
 191744.42630664 -552592.0879092   733414.8598615 
 191741.02945678 -552593.34098945  733414.84818807
 191737.69491498 -552594.57108486  733414.83672695
 191733.88731414 -552595.97568904  733414.82363773
 191730.14237679 -552597.35717714  733414.81076165
 191726.39452887 -552598.73973886  733414.79787333
 191722.64838595 -552600.12167189  733414.78498861
 191718.90053962 -552601.50423331  733414.77209578
 191715.21208994 -552602.86488331  733414.75940511
 191711.52364186 -552604.22553329  733414.74671222
 191707.835193   -552605.58618334  733414.73401718
 191704.1461779  -552606.94704233  733414.72131801
 191700.51506916 -552608.28653988  733414.70881605
 191696.8863748  -552609.62514712  733414.69632028
 191693.25647249 -552610.96419978  733414.68381826
 191689.68511669 -552612.28165491  733414.67151582
 191686.11433028 -552613.5989003   733414.65921329
 191682.543827   -552614.91604119  733414.6469097 
 191678.97098172 -552616.23404596  733414.634596  
 191675.45881262 -552617.52966779  733414.62248941
 191671.94600493 -552618.82552527  733414.61037865
 191668.43262945 -552620.12159194  733414.59826398
 191664.91975023 -552621.41747574  733414.58614903
 191661.46612768 -552622.69150026  733414.5742365 
 191658.01129952 -552623.96596955  733414.5623179 
 191654.55760619 -552625.24001993  733414.55040133
 191651.16125377 -552626.49291794  733414.53868072
 191647.76561071 -552627.74555416  733414.52696073
 191644.37046238 -552628.99800779  733414.5152406 
 191640.97410998 -552630.25090579  733414.50351445
 191637.63758203 -552631.48173482  733414.49199307
 191634.29977616 -552632.71303541  733414.48046548
 191630.96267888 -552633.94407438  733414.46893856
 191627.62544084 -552635.17516567  733414.45740936
 191624.34540132 -552636.38515652  733414.44607604
 191621.06883869 -552637.59386491  733414.434753  
 191617.79021794 -552638.8033324   733414.42342114
 191614.56957588 -552639.99141194  733414.412288  
 191611.34950241 -552641.17928168  733414.40115516
 191608.1293582  -552642.36717786  733414.39002039
 191604.90935477 -552643.5550219   733414.37888447
 191601.74839641 -552644.72108461  733414.36795113
 191598.58687102 -552645.8873565   733414.35701423
 191595.42328601 -552647.05438838  733414.34606858
 191592.26317631 -552648.220138    733414.33513339
 191589.160269   -552649.36478614  733414.32439456
 191586.05728784 -552650.5094614   733414.31365395
 191582.95430822 -552651.6541361   733414.30291181
 191579.9104429  -552652.77700396  733414.2923728 
 191576.8654412  -552653.90029088  733414.28182839
 191573.82100966 -552655.02336778  733414.27128445
 191570.77508549 -552656.14699515  733414.26073387
 191567.79068921 -552657.24792534  733414.25039496
 191564.33642849 -552658.52218649  733414.2384265 
 191560.88209699 -552659.79647344  733414.22645591
 191557.42783628 -552661.07073434  733414.21448366
 191554.03127039 -552662.32371227  733414.20270948
 191550.63761509 -552663.57561645  733414.19094355
 191547.24190091 -552664.82827996  733414.17916866
 191543.84469801 -552666.081493    733414.16738673
 191540.50788578 -552667.31242795  733414.15581247
 191537.17036346 -552668.54362508  733414.14423394
 191533.83468688 -552669.77414112  733414.13266005
 191530.49602975 -552671.00575705  733414.12107402
 191527.21889968 -552672.21467555  733414.10969979
 191523.93907294 -552673.42458928  733414.09831446
 191520.65903461 -552674.6345808   733414.08692668
 191517.44073498 -552675.82179743  733414.07575157
 191514.22002334 -552677.00990391  733414.06456642
 191510.99994951 -552678.19777487  733414.05338183
 191507.78051431 -552679.38541057  733414.0421978 
 191504.6183507  -552680.55191885  733414.03121111
 191501.45746197 -552681.7179567   733414.02022727
 191498.29593471 -552682.8842307   733414.00923956
 191495.13377191 -552684.05073882  733413.99824807
 191492.03079113 -552685.19541508  733413.98746073
 191488.92781112 -552686.34009112  733413.97667185
 191485.82483189 -552687.48476684  733413.96588144
 191482.78103773 -552688.60760939  733413.95529535
 191479.26759233 -552689.90370439  733413.94307399
 191475.7554241  -552691.19932825  733413.9308551 
 191472.24261655 -552692.49518798  733413.91863202
 191468.72917041 -552693.79128336  733413.90640473
 191465.27491089 -552695.06554496  733413.8943815 
 191461.82128922 -552696.33957167  733413.88235856
 191458.36639038 -552697.6140693   733413.87032928
 191454.97131598 -552698.86649812  733413.85850642
 191451.5749644  -552700.11939807  733413.84667727
 191448.17924989 -552701.37206296  733413.8348485 
 191444.78417553 -552702.62449189  733413.82302011
 191441.44636968 -552703.85579437  733413.81138947
 191438.10920401 -552705.08686122  733413.79975923
 191434.77203756 -552706.31792803  733413.78812724
 191431.43550896 -552707.54875984  733413.77649567
 191428.1562512  -552708.75846467  733413.76506202
 191424.87763126 -552709.96793407  733413.75362888
 191421.59759258 -552711.17792693  733413.74218907
 191418.3789379  -552712.36527557  733413.73096167
 191415.15950383 -552713.55291173  733413.7197299 
 191411.93943273 -552714.74078301  733413.70849423
 191408.71871998 -552715.92889101  733413.69725467
 191405.55570354 -552717.09571513  733413.68621484
 191402.39566769 -552718.2614395   733413.67518383
 191399.23414159 -552719.42771411  733413.66414598
 191395.66278869 -552720.74517191  733413.6516754 
 191392.09143424 -552722.06263036  733413.63920277
 191388.52071995 -552723.37985266  733413.62673035
 191384.94723821 -552724.69809606  733413.61424619
 191381.43592058 -552725.99340724  733413.60197724
 191377.92432216 -552727.28882215  733413.58970532
 191374.41030786 -552728.58512815  733413.57742299
 191370.8981409  -552729.88075298  733413.56514512
 191367.44324246 -552731.15525166  733413.55306553
 191363.98749154 -552732.43006471  733413.54098106
 191360.53472204 -552733.70377819  733413.52890509
 191357.13900868 -552734.95644366  733413.51702683
 191353.74180505 -552736.20965904  733413.50514149
 191350.34758435 -552737.46177417  733413.49326474
 191346.95187029 -552738.71444019  733413.48138093
 191343.61534281 -552739.94527233  733413.46970246
 191340.27753819 -552741.1765759   733413.45801772
 191336.94065608 -552742.40753921  733413.44633442
 191333.60441257 -552743.63826686  733413.43465159
 191330.3231671  -552744.84870586  733413.42315962
 191327.0459671  -552746.05765278  733413.41168008
 191323.76770307 -552747.26699224  733413.40019509
 191320.54585582 -552748.45551962  733413.38890609
 191317.32720309 -552749.64286866  733413.37762662
 191313.63726733 -552751.00407229  733413.36469353
 191310.008574   -552752.34268414  733413.35197296
 191306.37867427 -552753.6817408   733413.33924606
 191302.74756738 -552755.02124272  733413.32651283
 191299.17742053 -552756.33825685  733413.3139913 
 191295.60663512 -552757.65550661  733413.30146549
 191292.03528192 -552758.972966    733413.28893564
 191288.46336248 -552760.29063431  733413.27640176
 191284.95055497 -552761.58649608  733413.26407333
 191281.4383884  -552762.88212186  733413.25174515
 191277.92494316 -552764.17821946  733413.23941051
 191274.41270351 -552765.47387206  733413.22707814
 191270.95787781 -552766.74834484  733413.21494544
 191267.50425777 -552768.02237322  733413.20281504
 191264.04935981 -552769.29687309  733413.19067825
 191260.65364686 -552770.54953956  733413.17874752
 191257.25793474 -552771.80220601  733413.16681493
 191253.86278887 -552773.05466329  733413.15488251
 191250.46707598 -552774.30732986  733413.14294625
 191247.12998113 -552775.53837277  733413.13121421
 191243.7921777  -552776.76967697  733413.1194779 
 191240.45501132 -552778.0007462   733413.10774206
 191237.11784648 -552779.23181476  733413.09600445
 191233.8392266  -552780.44128662  733413.08447099
 191230.0922343  -552781.82353909  733413.07128783
 191226.40378848 -552783.18419427  733413.05830844
 191222.71534114 -552784.54484999  733413.04532688
 191219.02689695 -552785.90550497  733413.03234312
 191215.33844964 -552787.26616077  733413.01935719
 191211.70854955 -552788.6052185   733413.00657529
 191208.0786503  -552789.94427645  733412.99379124
 191204.44931884 -552791.28312463  733412.98100711
 191200.87768293 -552792.60068946  733412.96842413
 191197.30604625 -552793.91825446  733412.95583911
 191193.7346935  -552795.2357148   733412.94325305
 191190.16334076 -552796.55317519  733412.93066494
 191186.6505345  -552797.84903807  733412.9182812 
 191183.13772979 -552799.14490038  733412.9058955 
 191179.623434   -552800.44131266  733412.89350257
 191176.11275745 -552801.73639001  733412.88112041
 191172.65636956 -552803.01144031  733412.86892782
 191169.20274843 -552804.28547032  733412.85674305
 191165.74934038 -552805.55942137  733412.84455715
 191162.35213915 -552806.81263834  733412.8325677 
 191158.95791773 -552808.0647558   733412.82058694
 191155.56220527 -552809.31742356  733412.80859905
 191152.1664936  -552810.57009099  733412.79660933
 191148.82932761 -552811.80116103  733412.78482453
 191145.0237893  -552813.20501244  733412.77138353
 191141.27530638 -552814.58781626  733412.75814179
 191137.52980329 -552815.96952072  733412.74490835
 191133.7828107  -552817.35177473  733412.73166739
 191130.03581736 -552818.73402914  733412.71842417
 191126.34737279 -552820.0946852   733412.70538569
 191122.65949451 -552821.4551323   733412.69234704
 191118.96899034 -552822.81654819  733412.67929691
 191115.28203458 -552824.17665508  733412.66625717
 191111.65242044 -552825.51560883  733412.6534181 
 191108.02344257 -552826.85432788  733412.64057917
 191104.39233739 -552828.19383184  733412.6277306 
 191100.82070348 -552829.51139714  733412.6150904 
 191097.24991821 -552830.8286495   733412.60245116
 191093.6785659  -552832.14611072  733412.5898079 
 191090.1066466  -552833.46378153  733412.57716055
 191086.59440936 -552834.75943563  733412.56472255
 191083.08252682 -552836.05495886  733412.55228384
 191079.56823073 -552837.35137265  733412.53983459
 191076.05599355 -552838.64702696  733412.52739065
 191072.60116794 -552839.92150206  733412.51514822
 191069.14747725 -552841.19555898  733412.50290787
 191065.6932164  -552842.46982575  733412.49066363
 191062.29693731 -552843.72270359  733412.47862302
 191058.90179386 -552844.97516269  733412.46658459
 191055.5060826  -552846.22783112  733412.4545423 
 191052.10980354 -552847.48070875  733412.44249618
 191048.77263877 -552848.71177977  733412.4306579 
 191045.43547323 -552849.94285108  733412.41881783
 191042.09830846 -552851.17392185  733412.406976  
 191038.76114295 -552852.40499312  733412.39513238
 191035.4825262  -552853.61446599  733412.38349481
 191032.2039087  -552854.82393916  733412.37185551
 191028.92529043 -552856.03341249  733412.3602145 
 191025.70521861 -552857.22128817  733412.34877969
 191022.4851468  -552858.40916398  733412.33734322
 191019.26507657 -552859.59703945  733412.32590507
 191016.04557338 -552860.78470569  733412.31446729
 191012.88404884 -552861.95098388  733412.30323386
 191009.72252353 -552863.11726215  733412.29199885
 191006.5604312  -552864.28374978  733412.28076021
 191003.39890746 -552865.4500276   733412.26952199
 191000.29592861 -552866.59470837  733412.25849033
 190997.19295133 -552867.73938867  733412.24745713
 190994.09054265 -552868.88385926  733412.23642441
 190991.04554249 -552870.00715213  733412.22559434
 190988.00111244 -552871.13023448  733412.21476482
 190984.95668165 -552872.25331731  733412.20393382
 190981.91225164 -552873.37639981  733412.19310133
 190978.9263673  -552874.47788501  733412.18247571
 190975.47210918 -552875.75215198  733412.17018156
 190972.01785032 -552877.02641966  733412.15788547
 190968.56359223 -552878.3006867   733412.1455875 
 190965.16788215 -552879.55335591  733412.13349609
 190961.77217054 -552880.80602565  733412.12140283
 190958.37702752 -552882.05848557  733412.10930976
 190954.9807489  -552883.31136451  733412.0972108 
 190951.64415156 -552884.54222707  733412.08532265
 190948.3064194  -552885.77350838  733412.07342867
 190944.96925351 -552887.00458062  733412.06153494
 190941.63208996 -552888.23565249  733412.04963941
 190938.35318818 -552889.44523162  733412.03794982
 190935.07606139 -552890.65415595  733412.02626485
 190931.79744276 -552891.8636305   733412.01457285
 190928.57737211 -552893.05150699  733412.00308795
 190925.35581195 -552894.23993294  733411.99159608
 190922.13602525 -552895.42770479  733411.98010887
 190918.91566922 -552896.61568676  733411.96861797
 190915.75414505 -552897.78196567  733411.95733539
 190912.59262168 -552898.94824437  733411.9460512 
 190909.43109758 -552900.11452375  733411.93476538
 190906.27106452 -552901.28025262  733411.92348334
 190903.16716435 -552902.42527444  733411.91240011
 190900.06361888 -552903.57016528  733411.90131663
 190896.960642   -552904.71484642  733411.89023363
 190893.91770188 -552905.83738041  733411.87936356
 190890.40340819 -552907.13379562  733411.86680786
 190886.89209279 -552908.42911193  733411.85426085
 190883.37928867 -552909.72497778  733411.84170652
 190879.8652774  -552911.02128889  733411.82914591
 190876.41073658 -552912.29566145  733411.81679596
 190872.95647892 -552913.5699296   733411.80444509
 190869.50222131 -552914.8441981   733411.7920923 
 190866.10707792 -552916.09665922  733411.77994907
 190862.7107997  -552917.34953911  733411.76779992
 190859.31565633 -552918.6020002   733411.755653  
 190855.91994517 -552919.85467081  733411.7435022 
 190852.58221421 -552921.08595305  733411.73155704
 190849.24654057 -552922.31647599  733411.7196175 
 190845.90788637 -552923.54809884  733411.70766548
 190842.57072246 -552924.77917163  733411.69571703
 190839.29267283 -552925.98843766  733411.68397847
 190836.01348833 -552927.19812215  733411.67223415
 190832.73543792 -552928.40738819  733411.66049217
 190829.5147999  -552929.59547512  733411.64895416
 190826.29472968 -552930.7833526   733411.63741653
 190823.07465872 -552931.97123046  733411.62587722
 190819.8545893  -552933.15910765  733411.61433628
 190816.69306558 -552934.32538782  733411.60300352
 190813.53154183 -552935.49166771  733411.59166919
 190810.37058436 -552936.65773873  733411.58033528
 190806.79866635 -552937.9754124   733411.56752591
 190803.22731618 -552939.29287682  733411.55471652
 190799.65596523 -552940.61034131  733411.54190511
 190796.08461586 -552941.92780546  733411.52909164
 190792.57181139 -552943.22367251  733411.51648623
 190789.05957471 -552944.51932992  733411.50388091
 190785.54620399 -552945.81540594  733411.49126952
 190782.03339956 -552947.11127311  733411.47865818
 190778.57914232 -552948.38554214  733411.46625513
 190775.12339404 -552949.66036154  733411.45384479
 190771.67062868 -552950.93408047  733411.44144326
 190768.27491715 -552952.18675243  733411.42924479
 190764.87920715 -552953.43942373  733411.41704449
 190761.4834972  -552954.69209528  733411.40484232
 190758.08778649 -552955.9447671   733411.39263831
 190754.75062373 -552957.17584053  733411.38064293
 190751.41402647 -552958.40670524  733411.36864782
 190748.07629595 -552959.63798844  733411.35664681
 190744.73970031 -552960.86885313  733411.3446481 
 190741.45902514 -552962.07908849  733411.33284877
 190738.18189842 -552963.28801512  733411.32106047
 190734.90179187 -552964.4980409   733411.30925974
 190731.68441796 -552965.68492468  733411.29768302
 190728.46165223 -552966.87379763  733411.28608524
 190724.77469835 -552968.23390897  733411.27281494
 190721.14593621 -552969.57255342  733411.25975196
 190717.51490362 -552970.91203552  733411.2466787 
 190713.88500666 -552972.25109879  733411.23360741
 190710.31365691 -552973.5685641   733411.2207449 
 190706.74287419 -552974.88582001  733411.2078824 
 190703.17209151 -552976.20307627  733411.19501784
 190699.60081259 -552977.52051548  733411.18214946
 190696.08651747 -552978.81693349  733411.16948442
 190692.57250782 -552980.11324634  733411.15681842
 190689.06091098 -552981.40866927  733411.14415913
 190685.54952728 -552982.70401344  733411.13149865
 190682.09441953 -552983.97859762  733411.11903914
 190678.63987806 -552985.25297263  733411.10657979
 190675.18413023 -552986.52779308  733411.09411415
 190671.79019487 -552987.77981095  733411.08186962
 190668.39391748 -552989.03269264  733411.06961481
 190664.99877498 -552990.28515593  733411.05736223
 190661.60249766 -552991.53803787  733411.04510372
 190658.26533455 -552992.76911263  733411.03305677
 190654.92817147 -552994.00018751  733411.02100804
 190651.59242715 -552995.23073901  733411.00896265
 190648.25384458 -552996.46233753  733410.99690523
 190644.97522948 -552997.67181428  733410.98506264
 190641.22880709 -552999.0538646   733410.97152818
 190637.54036255 -553000.41452683  733410.958201  
 190633.85135175 -553001.77539801  733410.94486959
 190630.16290723 -553003.13606032  733410.93153805
 190626.47446506 -553004.49672195  733410.91820433
 190622.84513557 -553005.83557696  733410.90508218
 190619.21523905 -553007.17464116  733410.89195587
 190615.58534333 -553008.51370504  733410.87882747
 190612.01342623 -553009.83138102  733410.86590667
 190608.44207541 -553011.14884793  733410.8529859 
 190604.87072538 -553012.46631462  733410.84006308
 190601.29937536 -553013.78378137  733410.82713822
 190597.78657331 -553015.07965     733410.81442325
 190594.2737697  -553016.37551885  733410.80170632
 190590.76096692 -553017.6713878   733410.7889874 
 190587.24816338 -553018.96725704  733410.77626649
 190583.793907  -553020.2415281  733410.7637557
 190580.33965065 -553021.51579919  733410.751243  
 190576.88539511 -553022.79007049  733410.73872836
 190573.48968443 -553024.04274446  733410.72642397
 190570.09397608 -553025.2954175   733410.71411775
 190566.69826542 -553026.54809132  733410.70180969
 190563.30312489 -553027.80055496  733410.68950184
 190559.96539287 -553029.03184078  733410.6774003 
 190556.15985669 -553030.43569921  733410.66360047
 190552.41286847 -553031.81795942  733410.65001068
 190548.66587716 -553033.20022056  733410.63641865
 190544.91888821 -553034.5824811   733410.62282437
 190541.17303409 -553035.96432275  733410.60923198
 190537.48345597 -553037.32540469  733410.59584156
 190533.79352317 -553038.68661737  733410.5824477 
 190530.10713801 -553040.04652129  733410.56906454
 190526.41841085 -553041.40728921  733410.55567069
 190522.78823091 -553042.74645948  733410.54248728
 190519.15833486 -553044.08552455  733410.52930284
 190515.52694854 -553045.42513977  733410.51611084
 190511.95559817 -553046.74260773  733410.50313489
 190508.386309   -553048.05931545  733410.49016437
 190504.81439083 -553049.37699276  733410.47718229
 190501.24268662 -553050.6945917   733410.4641989 
 190497.72995579 -553051.99043496  733410.45142793
 190494.21857142 -553053.28578186  733410.43865985
 190490.70463346 -553054.58207064  733410.42588053
 190487.19034085 -553055.87849049  733410.41309793
 190483.73721976 -553057.15234384  733410.40053592
 190480.28331856 -553058.42648539  733410.38796915
 190476.82757394 -553059.70130717  733410.37539374
 190473.4344896  -553060.95301318  733410.36304453
 190470.03792921 -553062.20600179  733410.3506808 
 190466.64221977 -553063.4586764   733410.33831833
 190463.24594408 -553064.71156014  733410.32595194
 190459.91020138 -553065.94211352  733410.31380415
 190456.57161809 -553067.17371447  733410.30164425
 190453.23438587 -553068.40481725  733410.28948749
 190449.89729445 -553069.63586788  733410.27732946
 190446.61860787 -553070.8453732   733410.26538248
 190443.34063068 -553072.05461673  733410.25343636
 190440.06137711 -553073.26433145  733410.24148385
 190436.84130852 -553074.45221261  733410.22974542
 190433.62131074 -553075.6400679   733410.21800556
 190430.40117062 -553076.82797559  733410.20626354
 190427.18110131 -553078.0158573   733410.1945201 
 190424.01964996 -553079.1821149   733410.18298883
 190420.85812938 -553080.34839814  733410.1714557 
 190417.69653493 -553081.51470841  733410.15992072
 190414.53501283 -553082.6809921   733410.14838439
 190411.43203868 -553083.82567765  733410.13706014
 190408.32913378 -553084.9703376   733410.12573461
 190405.22615889 -553086.11502355  733410.11440727
 190402.18173041 -553087.23811163  733410.10329217
 190399.13786819 -553088.36099095  733410.09217764
 190396.09287267 -553089.48428824  733410.0810575 
 190393.04844422 -553090.60737662  733410.06993792
 190390.06256295 -553091.70886687  733410.05903076
 190386.60887525 -553092.98293039  733410.04641298
 190383.15398122 -553094.25743945  733410.03378885
 190379.69979579 -553095.53168698  733410.02116541
 190376.30401597 -553096.78438873  733410.00875356
 190372.9083085 -553098.037064   733409.9963401
 190369.51267026 -553099.28971339  733409.98392509
 190366.11689126 -553100.54241498  733409.9715077 
 190362.78036725 -553101.77325747  733409.95930518
 190359.44256685 -553103.00457083  733409.94709622
 190356.10604367 -553104.23541322  733409.93489013
 190352.7682433  -553105.46672654  733409.92267761
 190349.49026805 -553106.67597062  733409.91068223
 190346.21101411 -553107.88568641  733409.89868045
 190342.93246954 -553109.09514042  733409.88667955
 190339.7124006  -553110.28302298  733409.87489102
 190336.49226011 -553111.47093182  733409.86310057
 190333.27077244 -553112.65933777  733409.85130352
 190330.05070507 -553113.84721972  733409.83951002
 190326.89060287 -553115.012981    733409.82793449
 190323.72908114 -553116.17926555  733409.8163522 
 190320.56763021 -553117.34552392  733409.80476857
 190317.40611006 -553118.51180815  733409.79318307
 190314.30313399 -553119.65649545  733409.78181055
 190311.199804   -553120.80131323  733409.7704352 
 190308.0971134  -553121.94589519  733409.75906066
 190305.0526853  -553123.06898427  733409.74789819
 190301.54052242 -553124.36462068  733409.73501892
 190298.02772019 -553125.66049299  733409.72213534
 190294.51435095 -553126.95657446  733409.7092477 
 190291.00183265 -553128.25234183  733409.69636122
 190287.54842934 -553129.52630211  733409.68368967
 190284.0926848  -553130.80112593  733409.67100763
 190280.63842979 -553132.07540015  733409.65832915
 190277.24300511 -553133.32797221  733409.64586472
 190273.84850446 -553134.58020331  733409.63340185
 190270.45130481 -553135.83342995  733409.62092723
 190267.05559626 -553137.0861068   733409.60845622
 190263.71843566 -553138.31718538  733409.59619844
 190260.38127506 -553139.54826388  733409.58393888
 190257.04411293 -553140.77934314  733409.57167751
 190253.70695158 -553142.01042186  733409.55941439
 190250.42833663 -553143.219903    733409.54736467
 190247.14972091 -553144.42938431  733409.53531323
 190243.87110678 -553145.63886537  733409.52326005
 190240.65103978 -553146.8267483   733409.51142044
 190237.43097205 -553148.01463161  733409.49957917
 190234.21090276 -553149.20251523  733409.48773625
 190230.99083504 -553150.3903985   733409.47589167
 190227.8293137  -553151.55668397  733409.46426082
 190224.66779318 -553152.72296954  733409.45262835
 190221.50627109 -553153.88925521  733409.44099432
 190217.93492441 -553155.20672569  733409.42785021
 190214.36357542 -553156.52419685  733409.41470408
 190210.79222799 -553157.84166744  733409.40155591
 190207.22087981 -553159.15913853  733409.38840568
 190203.70807879 -553160.45501148  733409.37546904
 190200.195277   -553161.7508846   733409.36253045
 190196.68247601 -553163.04675774  733409.34958985
 190193.16825476 -553164.34315483  733409.33664205
 190189.71542046 -553165.61690616  733409.32391851
 190186.26180447 -553166.89094587  733409.31119018
 190182.80691211 -553168.16545667  733409.29845522
 190179.4112024  -553169.41813481  733409.28593656
 190176.01613361 -553170.67057664  733409.27341842
 190172.61978688 -553171.92348997  733409.26089371
 190169.2240803  -553173.17616712  733409.24836952
 190165.88691859 -553174.40724739  733409.23605944
 190162.54975763 -553175.63832702  733409.22374761
 190159.21259747 -553176.86940655  733409.21143399
 190155.87543577 -553178.1004865   733409.19911859
 190152.59682125 -553179.30996871  733409.18701749
 190149.31884686 -553180.51921475  733409.17491704
 190146.03959377 -553181.72893243  733409.16281017
 190142.81952564 -553182.91681679  733409.15092011
 190139.60009692 -553184.10446555  733409.13903075
 190135.91101773 -553185.46536848  733409.12540493
 190132.28232836 -553186.80399331  733409.11200006
 190128.65122857 -553188.14350792  733409.09858414
 190125.02133363 -553189.48257788  733409.08517057
 190121.44998738 -553190.8000492   733409.07197131
 190117.87863962 -553192.11752113  733409.05877   
 190114.3072911  -553193.43499337  733409.04556664
 190110.73594412 -553194.75246494  733409.03236126
 190107.22314278 -553196.04833926  733409.01937035
 190103.71034298 -553197.34421302  733409.00637747
 190100.19818101 -553198.63985147  733408.99338497
 190096.68594676 -553199.93551665  733408.98039024
 190093.23048699 -553201.21023777  733408.96760363
 190089.77743925 -553202.48406909  733408.95482403
 190086.32318514 -553203.75834554  733408.94203806
 190082.92485226 -553205.01199259  733408.92945722
 190079.53056482 -553206.26414734  733408.91688951
 190076.13606352 -553207.51638105  733408.90431917
 190072.74035583 -553208.76905991  733408.8917425 
 190069.40319452 -553210.00014071  733408.87938089
 190066.06518383 -553211.23153523  733408.86701433
 190062.72738473 -553212.46285168  733408.85464677
 190059.39022348 -553213.6939328   733408.8422798 
 190056.11161011 -553214.90341541  733408.83012807
 190052.36611232 -553216.28513223  733408.81624378
 190048.67682045 -553217.6461148   733408.80256564
 190044.98774093 -553219.00701889  733408.78888612
 190041.30079107 -553220.36713738  733408.77521232
 190037.61085988 -553221.72835583  733408.76152528
 190033.98096616 -553223.06742653  733408.7480588 
 190030.35107245 -553224.40649728  733408.7345902 
 190026.72117796 -553225.74556821  733408.72111951
 190023.14983141 -553227.06304092  733408.70786403
 190019.57848411 -553228.38051393  733408.6946065 
 190016.00713682 -553229.69798697  733408.68134693
 190012.43579032 -553231.0154598   733408.66808532
 190008.9229894  -553232.31133496  733408.65503912
 190005.41075711 -553233.60700062  733408.64199305
 190001.89738921 -553234.9030852   733408.62894079
 189998.38522771 -553236.19872461  733408.61589105
 189994.93033543 -553237.47323783  733408.60305213
 189991.47608174 -553238.74751505  733408.59021371
 189988.02246742 -553240.02155657  733408.57737576
 189984.62612076 -553241.27447206  733408.56474881
 189981.23041348 -553242.52715174  733408.55212239
 189977.83470698 -553243.77983119  733408.53949413
 189974.43899974 -553245.03251105  733408.52686401
 189971.10183964 -553246.26359281  733408.51444986
 189967.29630713 -553247.66745755  733408.50029121
 189963.54782997 -553249.05027479  733408.48634255
 189959.80233338 -553250.4319922   733408.47240276
 189956.05534655 -553251.81425985  733408.45845514
 189952.30835816 -553253.19652751  733408.44450532
 189948.62055783 -553254.55696118  733408.43077361
 189944.93147881 -553255.91786658  733408.41703497
 189941.24303838 -553257.27853621  733408.40329655
 189937.55459798 -553258.63920598  733408.38955594
 189933.92470549 -553259.97827754  733408.3760313 
 189930.29481224 -553261.31734927  733408.36250456
 189926.66491825 -553262.65642141  733408.3489757 
 189923.09208186 -553263.97444477  733408.33565746
 189919.52222686 -553265.29136858  733408.32234827
 189915.9508785  -553266.60884319  733408.30903148
 189912.38073886 -553267.925872    733408.29571715
 189908.86673202 -553269.22219342  733408.28261016
 189905.35393393 -553270.51806913  733408.2695057 
 189901.8416998  -553271.81373674  733408.25640137
 189898.32833236 -553273.1098222   733408.24329086
 189894.87407989 -553274.38410039  733408.23039899
 189891.41833634 -553275.65892844  733408.21749967
 189887.9655742  -553276.93265692  733408.20460954
 189884.56986735 -553278.1853377   733408.19193056
 189881.17416128 -553279.43801804  733408.17924975
 189877.77966085 -553280.69025368  733408.16657159
 189874.38395405 -553281.94293455  733408.15388707
 189871.0455872  -553283.17446246  733408.14141495
 189867.70842757 -553284.40554537  733408.12894554
 189864.37098479 -553285.63673266  733408.1164733 
 189861.03382439 -553286.86781567  733408.10400033
 189857.75670375 -553288.07675017  733408.09175003
 189854.47688255 -553289.2866807   733408.07948792
 189851.19798542 -553290.49627058  733408.06722754
 189847.97792086 -553291.68415708  733408.05518546
 189844.75785246 -553292.87204482  733408.04314172
 189841.53778792 -553294.05993127  733408.03109633
 189838.31772109 -553295.2478187   733408.01904926
 189835.15620216 -553296.41410765  733408.00721963
 189831.99468094 -553297.58039771  733407.99538837
 189828.83373062 -553298.746477    733407.98355766
 189825.67313345 -553299.9124261   733407.97172668
 189822.56866906 -553301.05766747  733407.96010427
 189819.46569656 -553302.20235901  733407.94848587
 189816.36272328 -553303.34705061  733407.93686595
 189813.31829789 -553304.47014374  733407.92546378
 189810.2744388  -553305.59302822  733407.91406224
 189807.22944411 -553306.7163316   733407.90265496
 189804.18501875 -553307.83942472  733407.89124835
 189801.19913823 -553308.94092098  733407.88005962
 189797.74488622 -553310.21520018  733407.86711403
 189794.2906334  -553311.48947946  733407.85416654
 189790.83694844 -553312.7635496   733407.84121926
 189787.44067577 -553314.01644025  733407.82848533
 189784.04496935 -553315.26912183  733407.81575171
 189780.64926373 -553316.52180321  733407.80301624
 189777.25355736 -553317.77448508  733407.7902789 
 189773.91639735 -553319.00556907  733407.77775938
 189770.57980672 -553320.23644322  733407.76524019
 189767.24207968 -553321.46773633  733407.75271499
 189763.9049197  -553322.69882021  733407.74019013
 189760.62630687 -553323.90830629  733407.72788325
 189757.34826338 -553325.11758221  733407.7155768 
 189754.06908276 -553326.32727775  733407.70326435
 189750.84901631 -553327.51516612  733407.69117218
 189747.62895063 -553328.70305408  733407.67907836
 189744.40888418 -553329.89094221  733407.66698289
 189741.18881854 -553331.07883022  733407.65488575
 189738.02850564 -553332.24467548  733407.64301147
 189734.86578151 -553333.41141025  733407.63112652
 189731.70426224 -553334.57770044  733407.61924452
 189728.54330924 -553335.74378177  733407.60736304
 189725.43976931 -553336.88868357  733407.59569579
 189722.33679718 -553338.0333757   733407.58402916
 189719.2338243  -553339.17806821  733407.57236098
 189716.19060494 -553340.30071758  733407.56091599
 189712.67660056 -553341.59704059  733407.54769861
 189709.16380105 -553342.89291901  733407.53448379
 189705.65071764 -553344.18890206  733407.52126595
 189702.13941003 -553345.48423071  733407.50805276
 189698.68451829 -553346.75874672  733407.49505   
 189695.23090455 -553348.03279174  733407.4820501 
 189691.77544659 -553349.30751703  733407.46904136
 189688.38094625 -553350.55975496  733407.45626025
 189684.98403542 -553351.81288205  733407.44346822
 189681.58953511 -553353.06512005  733407.43068341
 189678.19290746 -553354.31814286  733407.41788874
 189674.85518084 -553355.54943701  733407.40531415
 189671.51858986 -553356.78031229  733407.39274205
 189668.18114718 -553358.0115018   733407.38016496
 189664.84427155 -553359.24248219  733407.36758822
 189661.5665824  -553360.45162862  733407.35523282
 189658.2864797  -553361.66166528  733407.3428666 
 189655.00843434 -553362.87094306  733407.33050643
 189651.78780282 -553364.05904104  733407.31836104
 189648.56773678 -553365.2469301   733407.30621615
 189645.34767155 -553366.43481903  733407.29406959
 189642.12909662 -553367.62215833  733407.28192699
 189638.96608743 -553368.7889992   733407.26999241
 189635.80456779 -553369.95529065  733407.25806185
 189632.64304971 -553371.12158165  733407.24612969
 189629.07319454 -553372.43850907  733407.23265446
 189625.50035955 -553373.75653574  733407.21916596
 189621.92958114 -553375.07380378  733407.20568317
 189618.35766792 -553376.39149059  733407.19219405
 189614.84486961 -553377.68736977  733407.17892618
 189611.33207288 -553378.98324859  733407.16565633
 189607.81927306 -553380.27912845  733407.1523845 
 189604.3070426  -553381.57479814  733407.13911286
 189600.85222366 -553382.84928888  733407.12605622
 189597.39853958 -553384.12336092  733407.11300196
 189593.94371911 -553385.39785201  733407.09994151
 189590.54801435 -553386.65053555  733407.08710265
 189587.15230884 -553387.90321924  733407.07426196
 189583.75660409 -553389.15590263  733407.06141943
 189580.36089937 -553390.40858615  733407.04857504
 189577.02374022 -553391.63967203  733407.03595031
 189573.68658265 -553392.87075764  733407.02332378
 189570.34999131 -553394.10163399  733407.01069764
 189567.01283222 -553395.33272017  733406.99806755
 189563.73365398 -553396.54241708  733406.98565516
 189560.45560901 -553397.75169558  733406.97324536
 189557.17642846 -553398.96139331  733406.96082953
 189553.95636516 -553400.14928275  733406.94863584
 189550.73629878 -553401.3371731   733406.9364405 
 189547.0484304  -553402.69763709  733406.92247139
 189543.41797042 -553404.03692268  733406.90871764
 189539.78807828 -553405.37599903  733406.89496391
 189536.15875551 -553406.71486544  733406.88121022
 189532.58684345 -553408.03255282  733406.86767205
 189529.01549691 -553409.35003169  733406.85413398
 189525.44415269 -553410.66750966  733406.84059387
 189521.87280773 -553411.98498801  733406.82705172
 189518.35851957 -553413.281418    733406.81372393
 189514.84721125 -553414.57674859  733406.80040548
 189511.33292389 -553415.8731784   733406.78707373
 189507.82161563 -553417.16850938  733406.7737513 
 189504.36793119 -553418.44258252  733406.7606456 
 189500.91311347 -553419.71707395  733406.74753368
 189497.45737095 -553420.99190646  733406.73441634
 189494.06436255 -553422.24359644  733406.72153526
 189490.66596155 -553423.49727576  733406.70863185
 189487.27231536 -553424.74920107  733406.69574466
 189483.87455142 -553426.00264525  733406.68283999
 189480.53888377 -553427.23318204  733406.67016937
 189477.20293221 -553428.46382358  733406.65749588
 189473.86428553 -553429.69545953  733406.64481037
 189470.52712611 -553430.92654703  733406.6321287 
 189467.2485153  -553432.13603544  733406.61966783
 189463.50181556 -553433.51820361  733406.60542576
 189459.81309358 -553434.87898338  733406.59140191
 189456.12465627 -553436.23965803  733406.57737698
 189452.43763698 -553437.59980987  733406.56335523
 189448.74927128 -553438.96045847  733406.54932619
 189445.11938036 -553440.2995355   733406.53551745
 189441.48828228 -553441.63905781  733406.52170201
 189437.85924311 -553442.97782095  733406.50789226
 189434.28733074 -553444.29550964  733406.49429787
 189430.71541919 -553445.61319821  733406.48070142
 189427.14464247 -553446.93046809  733406.46710726
 189423.57329717 -553448.24794755  733406.45350891
 189420.05993275 -553449.54403801  733406.44012931
 189416.54713459 -553450.83991964  733406.42674989
 189413.03433877 -553452.13580046  733406.41336851
 189409.52153987 -553453.43168219  733406.39998516
 189406.06785591 -553454.70575678  733406.38682506
 189402.61303709 -553455.98024973  733406.37365876
 189399.15878687 -553457.25453297  733406.36049271
 189395.76365    -553458.50700903  733406.34755012
 189392.36737833 -553459.75990397  733406.33460134
 189388.97167371 -553461.0125898   733406.32165288
 189385.57597063 -553462.26527506  733406.30870258
 189382.23881234 -553463.49636289  733406.29597377
 189378.43328203 -553464.90023471  733406.28145627
 189374.68629807 -553466.28250881  733406.26715984
 189370.93931411 -553467.66478274  733406.25286118
 189367.19232938 -553469.04705686  733406.23856028
 189363.44534624 -553470.42933085  733406.2242571 
 189359.75690788 -553471.79000728  733406.21017523
 189356.06847184 -553473.15068291  733406.19609119
 189352.38003506 -553474.51135904  733406.18200496
 189348.69216533 -553475.87182586  733406.16791872
 189345.06227565 -553477.21090363  733406.15405183
 189341.43032558 -553478.55074157  733406.14017495
 189337.80249328 -553479.8890606   733406.12631168
 189334.23058218 -553481.20675032  733406.11266004
 189330.65980437 -553482.52402162  733406.09901071
 189327.08789485 -553483.84171092  733406.08535499
 189323.51655157 -553485.15919096  733406.07169942
 189320.00432014 -553486.4548646   733406.05826787
 189316.49095539 -553487.75095621  733406.04483002
 189312.97666821 -553489.04738846  733406.03138665
 189309.4638721  -553490.34327073  733406.01794699
 189306.01111183 -553491.6170055   733406.00473512
 189302.55537022 -553492.89184002  733405.99150993
 189299.10261077 -553494.16557472  733405.97829423
 189295.70804217 -553495.41784253  733405.96529941
 189292.31120311 -553496.67094766  733405.95229407
 189288.91663379 -553497.92321588  733405.93929554
 189285.51830449 -553499.17687119  733405.92628077
 189282.1832055  -553500.40720039  733405.91350638
 189278.84661704 -553501.63807946  733405.90072447
 189275.50832361 -553502.86958735  733405.88793427
 189272.17230142 -553504.1002574   733405.87515098
 189268.89369149 -553505.30974808  733405.86258595
 189265.61245487 -553506.5202075   733405.85000914
 189262.33647087 -553507.72872937  733405.83745074
 189259.11640806 -553508.91662202  733405.82510501
 189255.89492419 -553510.10503855  733405.81275221
 189252.67627858 -553511.29240812  733405.80040863
 189249.45472473 -553512.48085068  733405.78805222
 189246.29327905 -553513.64711924  733405.77592474
 189243.13318211 -553514.81289015  733405.76380084
 189239.9702446  -553515.97970895  733405.75166445
 189236.81014771 -553517.14548025  733405.73953733
 189233.7071768  -553518.29017718  733405.72762791
 189230.60271486 -553519.43542417  733405.71571122
 189227.49981556 -553520.58009501  733405.70379898
 189224.45596037 -553521.70298425  733405.69211191
 189221.40976239 -553522.82673764  733405.68041437
 189218.36654506 -553523.94939179  733405.66872677
 189215.3221213  -553525.07249065  733405.65703308
 189212.33624387 -553526.17399174  733405.64556282
 189208.88192298 -553527.44830341  733405.63229125
 189205.4276721  -553528.72258916  733405.61901804
 189201.97349434 -553529.9968482   733405.60574319
 189198.57629949 -553531.2500858   733405.59268548
 189195.18208758 -553532.50222322  733405.57963738
 189191.78638308 -553533.75491131  733405.5665817 
 189188.39060858 -553535.0076253   733405.5535239 
 189185.0535227  -553536.23868863  733405.54068999
 189181.71629684 -553537.46980395  733405.52785374
 189178.37921024 -553538.7008677   733405.51501626
 189175.04198285 -553539.93198357  733405.50217644
 189171.76486364 -553541.14092543  733405.48956615
 189168.48476229 -553542.35096718  733405.47694267
 189165.2067914  -553543.56022317  733405.46432567
 189161.98615964 -553544.74832653  733405.45192769
 189158.76666428 -553545.93601069  733405.43953243
 189155.54660112 -553547.12390437  733405.42713332
 189152.3271058  -553548.3115887   733405.41473473
 189149.16502116 -553549.47809392  733405.40255562
 189146.00407137 -553550.64418055  733405.39037929
 189142.84134972 -553551.81092105  733405.37819452
 189139.67990371 -553552.97719076  733405.36601307
 189136.57544216 -553554.12243874  733405.35404964
 189133.47396199 -553555.26658703  733405.34209614
 189130.37092072 -553556.41131093  733405.33013511
 189127.32649967 -553557.53441017  733405.3183985 
 189123.81377368 -553558.83026876  733405.3048547 
 189120.30097611 -553560.12615345  733405.29130867
 189116.7866906  -553561.42258753  733405.27775489
 189113.27531339 -553562.71794868  733405.26421036
 189109.82113451 -553563.99220917  733405.25088453
 189106.36773733 -553565.26618115  733405.23755983
 189102.91114569 -553566.54133169  733405.22422088
 189099.51806829 -553567.79305181  733405.21112516
 189096.12179872 -553569.04594952  733405.19801527
 189092.7266617  -553570.29842937  733405.18490792
 189089.32833329 -553571.55208668  733405.17178639
 189085.99380298 -553572.78220846  733405.15890941
 189082.65664756 -553574.01329868  733405.14602052
 189079.31948984 -553575.24439001  733405.13312981
 189075.98233447 -553576.47548051  733405.12023733
 189072.70315679 -553577.68518255  733405.10756712
 189069.42426305 -553578.89478014  733405.09489627
 189066.14650571 -553580.10395852  733405.08222809
 189062.92644294 -553581.29185301  733405.06978123
 189059.70637945 -553582.47974808  733405.05733268
 189056.485465   -553583.6679568   733405.04487921
 189053.26568543 -553584.85574713  733405.03242845
 189050.10473759 -553586.02183417  733405.02020358
 189046.94322119 -553587.18813088  733405.00797491
 189043.78021449 -553588.3549774   733404.99573888
 189040.20887183 -553589.67246102  733404.98192127
 189036.63752993 -553590.98994433  733404.96810163
 189033.06618806 -553592.3074277   733404.95427994
 189029.49548324 -553593.62467586  733404.94045869
 189025.98353939 -553594.92024718  733404.92686288
 189022.46925353 -553596.21668208  733404.91325606
 189018.95645724 -553597.51256801  733404.89965299
 189015.4436625  -553598.80845337  733404.88604795
 189011.99005033 -553600.08250577  733404.87267023
 189008.53516333 -553601.35702877  733404.85928563
 189005.08155196 -553602.63108098  733404.84590408
 189001.6858514  -553603.88377003  733404.83274503
 188998.29014776 -553605.13645999  733404.81958414
 188994.89380633 -553606.38938533  733404.80641893
 188991.49874207 -553607.64183952  733404.79325683
 188988.16094925 -553608.87316616  733404.78031495
 188984.82379198 -553610.10425841  733404.76737375
 188981.48663777 -553611.33534941  733404.75443079
 188978.15011985 -553612.56620569  733404.74148852
 188974.87151121 -553613.77569926  733404.72876912
 188971.59290257 -553614.98519266  733404.71604801
 188968.3121635  -553616.19547199  733404.70331692
 188965.09359224 -553617.38281758  733404.69082539
 188961.87352759 -553618.57071377  733404.67832643
 188958.18509354 -553619.93139412  733404.66400736
 188954.55584357 -553621.27024101  733404.64991595
 188950.92531643 -553622.60955883  733404.63581749
 188947.29663432 -553623.9481964   733404.62172405
 188943.72266618 -553625.26664963  733404.60784108
 188940.1513232  -553626.58413448  733404.59396625
 188936.58140129 -553627.90109507  733404.58009492
 188933.01069849 -553629.218344    733404.56621848
 188929.49790183 -553630.5142308   733404.55256512
 188925.98567532 -553631.80990762  733404.53891197
 188922.47231244 -553633.10600359  733404.52525244
 188918.95887726 -553634.40212642  733404.51159064
 188915.50462925 -553635.67641458  733404.49815707
 188912.0488902  -553636.95125291  733404.4847158 
 188908.59471302 -553638.22551523  733404.47127867
 188905.19901057 -553639.47820579  733404.45806718
 188901.80323814 -553640.73092245  733404.44485354
 188898.41023242 -553641.9826184   733404.43164883
 188895.01332363 -553643.23575427  733404.41842709
 188891.67680688 -553644.46661115  733404.40543862
 188888.33936843 -553645.69780823  733404.39244476
 188885.00249547 -553646.92879659  733404.37945134
 188881.66321283 -553648.16067398  733404.36644674
 188878.38637726 -553649.36951441  733404.35368361
 188874.64031828 -553650.75145373  733404.33909075
 188870.95188385 -553652.1121351   733404.32472018
 188867.26259773 -553653.47313057  733404.31034412
 188863.57444648 -553654.83370756  733404.2959703 
 188859.88657993 -553656.19417965  733404.2815954 
 188856.25520078 -553657.53381314  733404.26743857
 188852.62680301 -553658.87234684  733404.25329125
 188848.99691421 -553660.21143073  733404.239136  
 188845.42436681 -553661.52936099  733404.22520231
 188841.8515348  -553662.84739663  733404.21126544
 188838.28196804 -553664.16422737  733404.1973393 
 188834.71005854 -553665.48192259  733404.18340196
 188831.19875496 -553666.77726001  733404.16969911
 188827.68510707 -553668.07346206  733404.15598515
 188824.17167387 -553669.3695853   733404.14227003
 188820.66036803 -553670.66492366  733404.12856125
 188817.20463019 -553671.93976273  733404.11506749
 188813.75038268 -553673.21405225  733404.10157762
 188810.29677374 -553674.48810589  733404.08808836
 188806.90100097 -553675.74082376  733404.07482312
 188803.5053713  -553676.99348876  733404.0615566 
 188800.11051951 -553678.2458669   733404.04829128
 188796.71389662 -553679.49889857  733404.03501717
 188793.3776642  -553680.72965165  733404.02197729
 188789.57064582 -553682.13408034  733404.00709513
 188785.82366398 -553683.5163609   733403.99244542
 188782.07668454 -553684.89864127  733403.97779341
 188778.33034057 -553686.28068676  733403.96314169
 188774.58336114 -553687.66296702  733403.94848521
 188770.89492566 -553689.02364987  733403.93405555
 188767.20585392 -553690.38456763  733403.91962121
 188763.51741926 -553691.74525042  733403.90518719
 188759.82955243 -553693.10572386  733403.8907532 
 188756.19966408 -553694.44480875  733403.87654402
 188752.56921023 -553695.78410234  733403.8623305 
 188748.93988894 -553697.12297807  733403.84811932
 188745.36798141 -553698.44067364  733403.83413089
 188741.79727795 -553699.7579249   733403.82014514
 188738.2252989  -553701.07564712  733403.80615233
 188734.65516408 -553702.39268882  733403.79216472
 188731.14173053 -553703.68881307  733403.77839728
 188727.62687828 -553704.985461    733403.76462228
 188724.11408335 -553706.28134972  733403.75085338
 188720.60128846 -553707.57723868  733403.7370825 
 188717.14917181 -553708.85074321  733403.72354756
 188713.69485164 -553710.12506031  733403.71000209
 188710.2400368  -553711.39956039  733403.69645274
 188706.84497385 -553712.65201747  733403.68313589
 188703.44714344 -553713.90549569  733403.66980632
 188700.05414015 -553715.15719295  733403.65649386
 188696.65779929 -553716.41012159  733403.64316645
 188693.32128421 -553717.64098043  733403.63007198
 188689.98143384 -553718.87306938  733403.61696267
 188686.64697381 -553720.10317008  733403.60387272
 188683.30982094 -553721.33426406  733403.59077042
 188680.03121279 -553722.54376058  733403.57789625
 188676.7526047  -553723.75325744  733403.56502033
 188673.47399659 -553724.96275413  733403.5521427 
 188670.25272834 -553726.15109764  733403.53948864
 188667.03387448 -553727.33855101  733403.52684236
 188663.81111597 -553728.52744437  733403.51417911
 188660.59375164 -553729.71434805  733403.50153539
 188657.43074736 -553730.88119811  733403.48910367
 188654.26923338 -553732.04749829  733403.47667621
 188651.10771788 -553733.21379898  733403.46424716
 188647.94769269 -553734.37955004  733403.45182235
 188644.84472502 -553735.52425231  733403.43962034
 188641.741118   -553736.66919058  733403.42741426
 188638.63878895 -553737.8136573   733403.41521167
 188635.59436679 -553738.9367618   733403.40323536
 188632.54994464 -553740.05986644  733403.39125755
 188629.50460234 -553741.18331045  733403.37927465
 188626.46046491 -553742.30631041  733403.36729498
 188623.47522917 -553743.40758072  733403.3555457 
 188616.56581112 -553745.95650454  733403.32834613
 188613.111563   -553747.23079663  733403.31474528
 188609.71678592 -553748.48314941  733403.30137675
 188606.32016236 -553749.73618362  733403.28799908
 188602.92446206 -553750.988877    733403.27462322
 188599.52876099 -553752.24157068  733403.26124552
 188596.1922448  -553753.47243098  733403.24809916
 188592.8538844  -553754.70397145  733403.23494377
 188589.51673041 -553755.93506697  733403.22179134
 188586.17957721 -553757.16616238  733403.20863712
 188582.90153731 -553758.37545047  733403.19571419
 188579.62236183 -553759.58515767  733403.18278505
 188576.34375492 -553760.79465506  733403.16985643
 188573.12369349 -553761.98255452  733403.15715702
 188569.90420067 -553763.17024447  733403.14445817
 188566.68413928 -553764.3581442   733403.13175542
 188563.46407789 -553765.54604365  733403.11905103
 188560.30256433 -553766.71234493  733403.10657599
 188557.14105    -553767.87864627  733403.09409937
 188553.97953645 -553769.04494741  733403.08162114
 188550.81802293 -553770.21124878  733403.0691413 
 188547.71505411 -553771.35595235  733403.05689103
 188544.61208685 -553772.50065555  733403.04463921
 188541.5097582  -553773.64512328  733403.03238836
 188538.46469864 -553774.76846413  733403.02036216
 188534.95190538 -553776.0643546   733403.00648687
 188531.43911062 -553777.3602459   733402.99260957
 188527.92695598 -553778.65590095  733402.97873284
 188524.41352419 -553779.95202723  733402.96484909
 188520.95927725 -553781.22631992  733402.95119727
 188517.50446175 -553782.50082229  733402.93754132
 188514.05078418 -553783.77490497  733402.92388794
 188510.6550843  -553785.02759929  733402.91046191
 188507.25938367 -553786.28029412  733402.89703402
 188503.86432165 -553787.53275336  733402.88360681
 188500.46862181 -553788.78544779  733402.87017523
 188497.13082965 -553790.01677994  733402.85697091
 188493.79431391 -553791.24764106  733402.84376986
 188490.45652177 -553792.47897318  733402.83056196
 188487.11936904 -553793.71006967  733402.81735481
 188483.84140034 -553794.91933252  733402.80438016
 188480.56279308 -553796.12883099  733402.79140127
 188477.28390271 -553797.33843417  733402.77841952
 188474.06348626 -553798.52646573  733402.76566762
 188470.84136951 -553799.71512492  733402.75290729
 188467.62400526 -553800.90203092  733402.74016414
 188464.4039443  -553802.08993142  733402.72740866
 188461.24094009 -553803.25678358  733402.71487758
 188458.07942617 -553804.42308576  733402.70235081
 188454.91940258 -553805.58883849  733402.68982833
 188451.34806349 -553806.90632808  733402.67567397
 188447.77672285 -553808.22381799  733402.66151759
 188444.20538379 -553809.54130765  733402.64735915
 188440.63404552 -553810.8587971   733402.63319866
 188437.11976088 -553812.15523888  733402.61926243
 188433.60845764 -553813.45058107  733402.60533602
 188430.09474239 -553814.74681315  733402.59139807
 188426.58195122 -553816.04270446  733402.5774618 
 188423.12770395 -553817.31699832  733402.56375588
 188419.67345593 -553818.59129245  733402.55004806
 188416.2192095  -553819.86558633  733402.53633831
 188412.82351083 -553821.11828141  733402.52285908
 188409.42781062 -553822.37097691  733402.50937802
 188406.032112   -553823.62367227  733402.49589508
 188402.63641108 -553824.87636839  733402.4824103 
 188399.29868937 -553826.10767555  733402.46915397
 188395.96302809 -553827.33822283  733402.45590403
 188392.62495174 -553828.56966096  733402.44264272
 188389.28779863 -553829.80075838  733402.4293833 
 188386.00919179 -553831.01025778  733402.41635477
 188382.73058576 -553832.2197574   733402.40332448
 188379.45197894 -553833.42925687  733402.3902925 
 188376.23191915 -553834.61715808  733402.37749156
 188373.0118586  -553835.80505967  733402.36468895
 188369.32342667 -553837.16574657  733402.3500221 
 188365.69410877 -553838.50462576  733402.33558821
 188362.06308828 -553839.84413344  733402.32114541
 188358.43320185 -553841.18322257  733402.30670503
 188354.86243027 -553842.50050404  733402.29249775
 188351.29052383 -553843.81820397  733402.27828393
 188347.71975226 -553845.13548542  733402.26407257
 188344.14841292 -553846.45297639  733402.24985691
 188340.63562059 -553847.74886911  733402.2358723 
 188337.12077017 -553849.04552094  733402.22187752
 188333.61003596 -553850.34065434  733402.20789717
 188330.09518482 -553851.63730671  733402.19389842
 188326.64363546 -553852.91060642  733402.18014989
 188323.18818228 -553854.18534662  733402.16638387
 188319.73244753 -553855.46019048  733402.15261483
 188316.336747   -553856.71288748  733402.13908312
 188312.94367392 -553857.96461515  733402.12556005
 188309.54740563 -553859.21752161  733402.1120224 
 188306.15170668 -553860.47021812  733402.09848516
 188302.81519334 -553861.70108077  733402.08518207
 188299.47796833 -553862.93220589  733402.07187436
 188296.14024862 -553864.16351338  733402.05856291
 188292.80309674 -553865.39461183  733402.04525192
 188289.52449032 -553866.60411219  733402.03217273
 188285.7780796  -553867.98618882  733402.01722524
 188282.08964811 -553869.34687679  733402.00250687
 188278.40121509 -553870.70756519  733401.98778632
 188274.71221581 -553872.06846253  733401.97306134
 188271.02435217 -553873.42894113  733401.9583387 
 188267.39361525 -553874.76834528  733401.943842  
 188263.76457945 -553876.10712163  733401.92935   
 188260.13469506 -553877.44621142  733401.91485247
 188256.5633569  -553878.7637031   733401.90058672
 188252.99145019 -553880.08140454  733401.88631666
 188249.41926112 -553881.39921001  733401.87204345
 188245.84849006 -553882.71649276  733401.85777382
 188242.3366199  -553884.01204625  733401.84373761
 188238.82382807 -553885.30794003  733401.82969573
 188235.31096468 -553886.60386011  733401.8156516 
 188231.79817364 -553887.89975373  733401.80160576
 188228.34335948 -553889.17425909  733401.78778984
 188224.88975172 -553890.44831938  733401.77397683
 188221.43486759 -553891.72285079  733401.76015679
 188218.03888516 -553892.975653    733401.7465705 
 188214.64410913 -553894.22801003  733401.7329872 
 188211.24691955 -553895.48125766  733401.71939239
 188207.85207276 -553896.73364088  733401.70580512
 188204.51463661 -553897.96484515  733401.69244581
 188200.70911154 -553899.36873065  733401.67721064
 188196.96213501 -553900.75101729  733401.6622076 
 188193.21515463 -553902.13330521  733401.6472023 
 188189.46817815 -553903.51559203  733401.63219475
 188185.7212009  -553904.89787903  733401.61718496
 188182.03276912 -553906.25856825  733401.6024075 
 188178.34433814 -553907.61925726  733401.58762786
 188174.6564742  -553908.97973707  733401.57284832
 188170.96747546 -553910.34063565  733401.55806205
 188167.33759075 -553911.67972681  733401.54351058
 188163.70827308 -553913.01860844  733401.5289593 
 188160.07725277 -553914.35811835  733401.51439908
 188156.50648291 -553915.67540171  733401.50007838
 188152.9354284  -553916.99279004  733401.48575451
 188149.36174797 -553918.31114686  733401.47141807
 188145.79246766 -553919.62788068  733401.45709724
 188142.27967629 -553920.92377547  733401.44300105
 188138.76688414 -553922.21967057  733401.42890288
 188135.25409278 -553923.51556534  733401.41480275
 188131.73924335 -553924.81221944  733401.40069238
 188128.28705632 -553926.08575681  733401.38683164
 188124.83075313 -553927.36081289  733401.37295246
 188121.37913395 -553928.63414083  733401.35909019
 188117.98286652 -553929.88704924  733401.34544835
 188114.5877355  -553931.13953856  733401.33180923
 188111.19203824 -553932.39223691  733401.31816597
 188107.79371352 -553933.64590426  733401.30451034
 188104.45656249 -553934.87700459  733401.29109869
 188101.12146802 -553936.10734584  733401.27769357
 188097.78488406 -553937.338237    733401.26428064
 188094.44716295 -553938.56954733  733401.25086139
 188091.16912754 -553939.77883961  733401.23768033
 188087.89052202 -553940.98834205  733401.22449528
 188084.61134948 -553942.19805367  733401.21130622
 188081.39185799 -553943.38574847  733401.19835554
 188078.17179952 -553944.57365276  733401.18540089
 188074.95174025 -553945.76155702  733401.17244461
 188071.73168255 -553946.94946092  733401.15948666
 188068.57017032 -553948.11576711  733401.14676268
 188065.40808951 -553949.28228285  733401.13403483
 188062.24714509 -553950.4483795   733401.12130994
 188059.08535054 -553951.61478986  733401.10858003
 188055.98266769 -553952.75939341  733401.09608656
 188052.87885078 -553953.90441548  733401.08358698
 188049.77673653 -553955.04880924  733401.07109272
 188046.73231679 -553956.17191911  733401.05882934
 188043.68789862 -553957.29502873  733401.04656446
 188040.64347888 -553958.41813845  733401.03429813
 188037.59906075 -553959.54124812  733401.02203028
 188034.61176852 -553960.64328343  733401.00999119
 188031.15809245 -553961.91737146  733400.99607076
 188027.70384702 -553963.1916694   733400.98214612
 188024.24960316 -553964.46596677  733400.96821959
 188020.85475724 -553965.718352    733400.95453065
 188017.45849104 -553966.97126119  733400.94083415
 188014.06187097 -553968.22430117  733400.92713435
 188010.66737899 -553969.47655573  733400.91344133
 188007.32965984 -553970.70786678  733400.89997549
 188003.9925077  -553971.93896828  733400.88651018
 188000.65620808 -553973.1697556   733400.87304651
 187997.31848896 -553974.40106653  733400.85957534
 187994.03959994 -553975.61067448  733400.84633988
 187990.76099486 -553976.82017797  733400.83310382
 187987.48324226 -553978.02936685  733400.8198695 
 187984.26233247 -553979.21758614  733400.806863  
 187981.04227517 -553980.40549092  733400.79385829
 187977.82221556 -553981.59339635  733400.78085192
 187974.60215676 -553982.78130189  733400.76784388
 187971.44064493 -553983.94760878  733400.75507074
 187968.27913389 -553985.11391567  733400.74229599
 187965.11762132 -553986.28022287  733400.72951965
 187961.9540522  -553987.44728889  733400.7167334 
 187958.85314626 -553988.59123801  733400.70419885
 187955.75046384 -553989.73584259  733400.69165557
 187952.6472144  -553990.88065634  733400.67910847
 187949.60336363 -553992.00355736  733400.66680003
 187946.09000614 -553993.29966336  733400.6525912 
 187942.57778274 -553994.59535102  733400.63838498
 187939.06442449 -553995.89145714  733400.62417221
 187935.55099472 -553997.18758987  733400.60995715
 187932.09738912 -553998.46165316  733400.59598221
 187928.64314573 -553999.73595173  733400.58200277
 187925.18684345 -554001.01100967  733400.56801311
 187921.79320361 -554002.26295115  733400.55427521
 187918.39778958 -554003.51554704  733400.54052829
 187915.00209321 -554004.76824739  733400.52677835
 187911.60611064 -554006.02105321  733400.51302543
 187908.26895971 -554007.25215542  733400.49950897
 187904.9312418  -554008.48346724  733400.4859884 
 187901.59465869 -554009.71435992  733400.47247069
 187898.25750705 -554010.9454627   733400.45894886
 187894.97947021 -554012.15475764  733400.44566483
 187891.70086711 -554013.36426151  733400.43237677
 187888.42169387 -554014.57397544  733400.41908471
 187885.20220403 -554015.76167199  733400.40603288
 187881.9815786  -554016.94978756  733400.39297477
 187878.76208722 -554018.13748446  733400.37991964
 187875.54146335 -554019.32559961  733400.36685822
 187872.38051899 -554020.49169829  733400.35403722
 187869.21900759 -554021.65800615  733400.34121234
 187866.0569292  -554022.8245235   733400.32838353
 187862.48615921 -554024.14181038  733400.31389473
 187858.91482298 -554025.45930629  733400.29940157
 187855.34348675 -554026.77680214  733400.28490639
 187851.77214978 -554028.09429827  733400.27040916
 187848.25935902 -554029.39019641  733400.25614758
 187844.74656905 -554030.68609435  733400.24188403
 187841.23377832 -554031.98199245  733400.22761851
 187837.72042133 -554033.2780994   733400.21334872
 187834.26617684 -554034.55239954  733400.19931708
 187830.81164999 -554035.82680382  733400.18528238
 187827.35769096 -554037.10099854  733400.17124809
 187823.9625605  -554038.35349105  733400.15745097
 187820.56686457 -554039.60619236  733400.14364969
 187817.17059853 -554040.85910382  733400.12984426
 187813.77518574 -554042.11170055  733400.11604045
 187810.43746748 -554043.34301345  733400.10246939
 187807.10031701 -554044.57411667  733400.08889887
 187803.76316656 -554045.80522004  733400.07532656
 187800.42601615 -554047.03632364  733400.06175245
 187797.14741191 -554048.24582883  733400.04841476
 187793.86880694 -554049.4553345   733400.03507534
 187790.59020427 -554050.66483926  733400.02173421
 187787.36950771 -554051.8529821   733400.00862703
 187784.15008986 -554053.04065327  733399.99552339
 187780.46222633 -554054.40113771  733399.98051108
 187776.83177652 -554055.74044225  733399.96573032
 187773.20189375 -554057.07953758  733399.95094976
 187769.57201099 -554058.41863284  733399.93616712
 187766.00067444 -554059.7361301   733399.92162082
 187762.42933789 -554061.05362709  733399.9070725 
 187758.85856995 -554062.37091468  733399.89252443
 187755.28666641 -554063.6886211   733399.87796972
 187751.77387534 -554064.9845205   733399.86365386
 187748.26108581 -554066.28041913  733399.84933607
 187744.74858101 -554067.57621328  733399.83501741
 187741.23344952 -554068.87297606  733399.8206861 
 187737.78126512 -554070.14651732  733399.80660949
 187734.32758735 -554071.4206096   733399.79252488
 187730.87277628 -554072.69511965  733399.77843376
 187727.4749519  -554073.9486073   733399.76457318
 187724.07925485 -554075.20130976  733399.75071945
 187720.68568748 -554076.45322693  733399.73687256
 187717.2899905  -554077.70592977  733399.72301512
 187713.95284045 -554078.93703393  733399.70939482
 187710.61569044 -554080.16813844  733399.69577272
 187707.27853965 -554081.39924291  733399.68214886
 187703.94195825 -554082.63013774  733399.66852551
 187700.6633537  -554083.83964432  733399.65513715
 187696.91637891 -554085.2219366   733399.63983409
 187693.22794882 -554086.58263145  733399.62476793
 187689.53952027 -554087.94332586  733399.6096996 
 187685.851091   -554089.30402077  733399.59462906
 187682.16266327 -554090.664715    733399.57955636
 187678.53278019 -554092.0038115   733399.56472079
 187674.90204697 -554093.34322174  733399.54987963
 187671.2730164  -554094.68200399  733399.53504331
 187667.70018926 -554096.00005213  733399.52043473
 187664.13034425 -554097.31700022  733399.50583628
 187660.55751868 -554098.63504795  733399.49122361
 187656.98767219 -554099.95199682  733399.47662107
 187653.47396065 -554101.24823707  733399.46224615
 187649.96209409 -554102.54379663  733399.44787682
 187646.44845337 -554103.84001083  733399.43349824
 187642.93651374 -554105.13559722  733399.41912467
 187639.48134998 -554106.41023884  733399.40498152
 187636.02774732 -554107.68430459  733399.39084285
 187632.57293516 -554108.95881624  733399.37669734
 187629.17716856 -554110.21154585  733399.36279171
 187625.78182744 -554111.46411847  733399.34888597
 187622.38577541 -554112.71695312  733399.33497549
 187618.99008042 -554113.96965646  733399.3210646 
 187615.65300163 -554115.20073581  733399.30739205
 187611.84747958 -554116.60462791  733399.29179805
 187608.1004345  -554117.98694761  733399.27644139
 187604.35345943 -554119.36924127  733399.26108279
 187600.60591581 -554120.75174483  733399.2457196 
 187596.85957939 -554122.13380317  733399.23035911
 187593.17115056 -554123.49449889  733399.21523385
 187589.48272177 -554124.85519486  733399.2001064 
 187585.79429453 -554126.21589016  733399.18497679
 187582.10614966 -554127.5764813   733399.16984616
 187578.47598392 -554128.91568312  733399.15495128
 187574.84397326 -554130.25556601  733399.1400467 
 187571.2162219  -554131.59387753  733399.12515749
 187567.64516868 -554132.91127271  733399.11049892
 187564.07354921 -554134.22887671  733399.09583599
 187560.50278223 -554135.54616632  733399.08117452
 187556.93116279 -554136.8637704   733399.06650751
 187553.41801875 -554138.15980245  733399.05207863
 187549.90586877 -554139.45546776  733399.03765186
 187546.39038354 -554140.7523635   733399.02320942
 187542.88029092 -554142.04726996  733399.00878715
 187539.42604857 -554143.32157258  733398.99459245
 187535.97116922 -554144.59611078  733398.98039318
 187532.5169969  -554145.87038762  733398.96619495
 187529.12123    -554147.12311849  733398.9522349 
 187525.72553543 -554148.37582278  733398.9382733 
 187522.32990934 -554149.62850153  733398.92431016
 187518.93414246 -554150.88123239  733398.91034459
 187515.5976327  -554152.11210289  733398.89662091
 187512.26048436 -554153.34320902  733398.88289282
 187508.92333447 -554154.57431547  733398.86916296
 187505.58618461 -554155.80542205  733398.85543131
 187502.30701389 -554157.01513973  733398.84193649
 187499.02897958 -554158.2244383   733398.82844461
 187495.75037747 -554159.43394619  733398.81494869
 187492.53032154 -554160.62185591  733398.80169209
 187489.30962704 -554161.81000127  733398.7884312 
 187486.09020895 -554162.9976758   733398.7751739 
 187482.8701523  -554164.18558596  733398.76191231
 187479.70864335 -554165.35189726  733398.74889024
 187476.54713443 -554166.51820857  733398.73586657
 187473.38562399 -554167.68452074  733398.72284127
 187470.22411431 -554168.85083226  733398.7098144 
 187467.12115159 -554169.99554558  733398.69702719
 187464.01726562 -554171.14059947  733398.68423464
 187460.91522462 -554172.28497237  733398.67144819
 187457.87080811 -554173.40808766  733398.65889772
 187454.82639158 -554174.53120246  733398.6463458 
 187451.78169196 -554175.65442217  733398.63379119
 187448.73755938 -554176.77743254  733398.62123746
 187445.75168829 -554177.87894967  733398.60892255
 187442.29744717 -554179.15325327  733398.59467411
 187438.84228282 -554180.42789745  733398.58041995
 187435.38896265 -554181.7018611   733398.56617151
 187431.99326776 -554182.95456659  733398.55215894
 187428.59664962 -554184.20761267  733398.53814072
 187425.20123942 -554185.46021318  733398.52412564
 187421.80618237 -554186.71268331  733398.51011018
 187418.46810964 -554187.94413131  733398.49632817
 187415.13188422 -554189.17489801  733398.48255199
 187411.79381229 -554190.40634573  733398.46876642
 187408.45701911 -554191.63732209  733398.45498432
 187405.17834586 -554192.84685743  733398.44144054
 187401.89946029 -554194.05647114  733398.42789417
 187398.62149718 -554195.26574427  733398.4143499 
 187395.40080156 -554196.45389114  733398.40104057
 187392.18074685 -554197.64180168  733398.38773222
 187388.96069059 -554198.82971254  733398.37442222
 187385.74063513 -554200.01762329  733398.36111056
 187382.57948131 -554201.1838049   733398.34804076
 187379.41704876 -554202.35045783  733398.33496411
 187376.25610808 -554203.51656092  733398.32189199
 187373.09523663 -554204.682638    733398.3088186 
 187369.99163575 -554205.82758782  733398.29598049
 187366.88931127 -554206.97206671  733398.28314612
 187363.78606508 -554208.11688567  733398.2703064 
 187360.7412935  -554209.24013259  733398.25770713
 187357.22878978 -554210.53593094  733398.24317052
 187353.715719   -554211.83193816  733398.22862962
 187350.20293064 -554213.12784152  733398.21408789
 187346.68808496 -554214.42450398  733398.19953566
 187343.23618552 -554215.69794464  733398.18524214
 187339.78194414 -554216.97224964  733398.17093698
 187336.32536075 -554218.24741846  733398.15662023
 187332.93236298 -554219.49912995  733398.14256499
 187329.53666778 -554220.75183674  733398.12849671
 187326.14097338 -554222.00454329  733398.11442658
 187322.74492428 -554223.25738049  733398.10035316
 187319.40812916 -554224.48835828  733398.0865235 
 187316.06828506 -554225.72046136  733398.07267938
 187312.73319494 -554226.95081023  733398.05885322
 187309.39604596 -554228.18191878  733398.04501673
 187306.11808408 -554229.39119298  733398.03142388
 187302.83948052 -554230.6007035   733398.01782668
 187299.5608793  -554231.81021341  733398.00422776
 187296.340825   -554232.99812477  733397.99087   
 187293.12012982 -554234.18627251  733397.97750792
 187289.90071336 -554235.37394846  733397.9641495 
 187286.68065912 -554236.56186014  733397.95078674
 187283.51915026 -554237.72817363  733397.93766534
 187280.3573575  -554238.89459175  733397.92454117
 187277.19613334 -554240.06080025  733397.91141775
 187273.6247992  -554241.37830277  733397.89658988
 187270.05254181 -554242.69614586  733397.88175613
 187266.48213017 -554244.01330783  733397.86692803
 187262.91079606 -554245.33081025  733397.85209404
 187259.39801045 -554246.62671394  733397.83750123
 187255.88493787 -554247.92272323  733397.82290527
 187252.37151213 -554249.21886267  733397.80830587
 187248.85964751 -554250.51442655  733397.79371097
 187245.40476874 -554251.78896768  733397.77935097
 187241.95024313 -554253.06337864  733397.76499053
 187238.49692468 -554254.33734407  733397.75063321
 187235.10030821 -554255.59039186  733397.73650975
 187231.70553595 -554256.84275911  733397.72239213
 187228.30891872 -554258.09580722  733397.70826497
 187224.91322402 -554259.34851506  733397.69413981
 187221.57636012 -554260.57951932  733397.68025758
 187218.23892999 -554261.81073294  733397.66637119
 187214.90178067 -554263.04184256  733397.65248421
 187211.56527232 -554264.27271629  733397.63859808
 187208.28631527 -554265.4823584   733397.62494976
 187205.00686275 -554266.69218333  733397.61129766
 187201.72939679 -554267.90127545  733397.5976521 
 187198.50934294 -554269.08918786  733397.58424389
 187195.28928753 -554270.27710047  733397.57083404
 187191.6009323  -554271.63777435  733397.5554719 
 187187.97069697 -554272.97700708  733397.5403497 
 187184.34117103 -554274.31597803  733397.52522837
 187180.71065339 -554275.65531525  733397.51010076
 187177.13726161 -554276.97357788  733397.49520915
 187173.56798605 -554278.29032205  733397.48033264
 187169.9972202  -554279.60761597  733397.46544789
 187166.42531877 -554280.92532901  733397.45055635
 187162.91253284 -554282.22123374  733397.43590928
 187159.39974615 -554283.51713876  733397.42126023
 187155.88752653 -554284.81283477  733397.40661156
 187152.37211399 -554286.10970865  733397.3919476 
 187148.919363   -554287.38346575  733397.37754311
 187145.46625888 -554288.65735331  733397.36313524
 187142.01201844 -554289.93166057  733397.34872067
 187138.61632413 -554291.18436907  733397.3345486 
 187135.22006354 -554292.43728639  733397.32037232
 187131.82231117 -554293.69075447  733397.30618795
 187128.42931436 -554294.94246814  733397.29202158
 187125.09216625 -554296.17357851  733397.27808661
 187121.75438033 -554297.40492439  733397.26414716
 187118.41780083 -554298.6358253   733397.25021098
 187115.08036884 -554299.86704037  733397.23626948
 187111.80148379 -554301.07665717  733397.22257079
 187108.05507986 -554302.45874685  733397.20691677
 187104.3660857  -554303.81965745  733397.19150044
 187100.67829872 -554305.18012272  733397.17608698
 187096.9898024  -554306.54084976  733397.16066837
 187093.30144688 -554307.90152487  733397.14524817
 187089.67156749 -554309.2406275   733397.13007033
 187086.0416889  -554310.57973003  733397.11489036
 187082.41180879 -554311.91883299  733397.0997083 
 187078.84040405 -554313.23636394  733397.08476874
 187075.26821993 -554314.5541823   733397.06982388
 187071.69773847 -554315.87137267  733397.0548841 
 187068.1264061  -554317.18887691  733397.03993873
 187064.61361912 -554318.48478337  733397.02523634
 187061.09998042 -554319.78100386  733397.01052844
 187057.5880467  -554321.0765954   733396.99582569
 187054.07525976 -554322.37250187  733396.98111739
 187050.62101972 -554323.64680953  733396.96665232
 187047.16685203 -554324.92109085  733396.95218561
 187043.71253971 -554326.1954254   733396.93771641
 187040.31627804 -554327.4483444   733396.92348851
 187036.92030108 -554328.70115859  733396.90925993
 187033.52460803 -554329.95386802  733396.8950307 
 187030.12891346 -554331.20657807  733396.88079962
 187026.79233511 -554332.43747923  733396.86681452
 187022.98625066 -554333.84158699  733396.85085929
 187019.24012956 -554335.22357346  733396.83515317
 187015.49024772 -554336.6069473   733396.81942904
 187011.74533304 -554337.98848886  733396.80372349
 187007.99630373 -554339.37154834  733396.78799843
 187004.30993597 -554340.73149125  733396.77253401
 187000.62151015 -554342.09219359  733396.75705878
 186996.93308512 -554343.45289561  733396.74158137
 186993.24409149 -554344.81380701  733396.72609943
 186989.61534978 -554346.15249166  733396.71086816
 186985.98490157 -554347.49180541  733396.69562766
 186982.35502273 -554348.8309092   733396.68038744
 186978.78368925 -554350.148415    733396.66539096
 186975.21264199 -554351.46581519  733396.65039365
 186971.63896657 -554352.78418515  733396.63538324
 186968.06997669 -554354.10082657  733396.62039048
 186964.55747485 -554355.39662894  733396.60563302
 186961.04412053 -554356.69274556  733396.59087002
 186957.53133483 -554357.9886529   733396.5761074 
 186954.01883229 -554359.28445573  733396.56134401
 186950.56431035 -554360.55886863  733396.54682241
 186947.11063863 -554361.83296818  733396.53230244
 186943.65611443 -554363.10738199  733396.51777701
 186940.26070649 -554364.35998743  733396.50349826
 186936.86238567 -554365.61366714  733396.48920544
 186933.46669308 -554366.86637769  733396.4749218 
 186930.07334174 -554368.11822442  733396.46064618
 186926.73647998 -554369.34923158  733396.4466064 
 186923.39904889 -554370.58044876  733396.43256244
 186920.06161935 -554371.81166539  733396.41851671
 186916.72504077 -554373.0425682   733396.40447278
 186913.44644131 -554374.25208209  733396.39067112
 186910.16784027 -554375.4615961   733396.37686778
 186906.88924081 -554376.67110986  733396.36306271
 186903.66918748 -554377.85902513  733396.34950248
 186900.44913263 -554379.04694114  733396.33594058
 186897.22879622 -554380.23496124  733396.32237582
 186894.00902683 -554381.42277191  733396.30881181
 186890.84751967 -554382.58908911  733396.29549162
 186887.68601176 -554383.75540647  733396.28216983
 186884.5245054  -554384.92172349  733396.26884644
 186881.36214582 -554386.08835532  733396.25551785
 186878.26003808 -554387.23275943  733396.24244166
 186875.1570771  -554388.37747827  733396.22936034
 186872.05411614 -554389.52219733  733396.21627746
 186869.00913428 -554390.64552716  733396.20343755
 186865.96528726 -554391.76843838  733396.19060093
 186862.92087245 -554392.89155901  733396.17776044
 186859.87355017 -554394.01575252  733396.16490618
 186856.88974037 -554395.11651547  733396.1523184 
 186853.43493346 -554396.39103455  733396.13774187
 186849.98154612 -554397.66503063  733396.12316938
 186846.52787484 -554398.9391308   733396.10859382
 186843.13218347 -554400.191842    733396.09426106
 186839.73648978 -554401.44455399  733396.07992646
 186836.33994594 -554402.6975795   733396.06558642
 186832.94453773 -554403.95018615  733396.05124934
 186829.60795955 -554405.18108994  733396.03715885
 186826.27081434 -554406.41220279  733396.02306419
 186822.93281513 -554407.64363061  733396.00896415
 186819.59623701 -554408.8745345   733395.99486831
 186816.31735329 -554410.08415408  733395.98101449
 186813.03846958 -554411.29377369  733395.96715894
 186809.75987056 -554412.50328829  733395.95330288
 186806.53981846 -554413.69120456  733395.93969255
 186803.31976479 -554414.87912104  733395.92608058
 186800.09971192 -554416.06703741  733395.91246695
 186796.87994298 -554417.25484923  733395.89885285
 186793.71815158 -554418.42127228  733395.88548228
 186790.55664562 -554419.58758997  733395.87211134
 186787.39542282 -554420.75380334  733395.85873998
 186784.23391615 -554421.92012175  733395.84536579
 186781.13067246 -554423.06494611  733395.83223654
 186778.02827891 -554424.20945649  733395.81910937
 186774.9247521  -554425.35438525  733395.80597584
 186771.8809055  -554426.47729752  733395.79309335
 186768.36755211 -554427.77341617  733395.77822196
 186764.8553367  -554429.06911554  733395.76335337
 186761.34198259 -554430.36523471  733395.74847801
 186757.82919786 -554431.66114403  733395.73360306
 186754.37552703 -554432.93524526  733395.71897654
 186750.9210053  -554434.20966067  733395.70434448
 186747.46704985 -554435.48386733  733395.6897129 
 186744.07079114 -554436.73678893  733395.67532388
 186740.67566647 -554437.98929196  733395.66093783
 186737.27997401 -554439.24200443  733395.64654754
 186733.88428083 -554440.49471748  733395.63215538
 186730.54656751 -554441.72604113  733395.61800715
 186727.20999056 -554442.95694548  733395.60386197
 186723.87284508 -554444.18805981  733395.58971257
 186720.53570035 -554445.41917361  733395.57556142
 186717.25710021 -554446.62868971  733395.56165679
 186713.97850085 -554447.83820549  733395.54775044
 186710.69990153 -554449.04772162  733395.53384235
 186707.47984984 -554450.23563853  733395.52018096
 186704.25979663 -554451.42355617  733395.5065179 
 186701.03974421 -554452.61147349  733395.49285319
 186697.81969102 -554453.79939099  733395.47918682
 186694.65818474 -554454.96571025  733395.4657673 
 186691.49667845 -554456.13202921  733395.45234619
 186688.33517294 -554457.29834786  733395.4389235 
 186684.76384092 -554458.61585689  733395.42375887
 186681.19251046 -554459.93336536  733395.40859221
 186677.62032909 -554461.25118792  733395.39341988
 186674.04984804 -554462.5683829   733395.37825276
 186670.53706451 -554463.8642929   733395.36332872
 186667.02371162 -554465.16041271  733395.3484003 
 186663.51149514 -554466.45611341  733395.33347473
 186659.99871011 -554467.75202401  733395.31854475
 186656.54298243 -554469.02688529  733395.30385538
 186653.09023459 -554470.30064746  733395.28917674
 186649.63542869 -554471.57516906  733395.27448743
 186646.23973744 -554472.82788231  733395.26004763
 186642.84432936 -554474.08049134  733395.24560717
 186639.44806959 -554475.33341449  733395.23116125
 186636.05323007 -554476.58581344  733395.21671954
 186632.71459549 -554477.81747823  733395.2025151 
 186629.37744887 -554479.04859367  733395.18831523
 186626.0409432  -554480.27947312  733395.17411628
 186622.70379815 -554481.51058814  733395.15991285
 186619.42519924 -554482.72010517  733395.14595684
 186616.14688424 -554483.9295172   733395.13200033
 186612.86828457 -554485.13903431  733395.11804089
 186609.64794941 -554486.32705686  733395.10432786
 186606.42846599 -554487.51476545  733395.09061678
 186602.74004141 -554488.87547231  733395.07490655
 186599.10959746 -554490.2147895   733395.05944114
 186595.47971977 -554491.55389773  733395.04397605
 186591.84984213 -554492.8930061   733395.02850884
 186588.27851212 -554494.21051555  733395.01328904
 186584.70746526 -554495.52792049  733394.99806842
 186581.13613531 -554496.84543012  733394.98284453
 186577.56508923 -554498.16283469  733394.96761984
 186574.05230462 -554499.45874618  733394.95264152
 186570.53952003 -554500.75465771  733394.93766123
 186567.02673621 -554502.05056893  733394.92267897
 186563.51338462 -554503.34668968  733394.90769231
 186560.05971474 -554504.62079322  733394.8929583 
 186556.60490926 -554505.89531547  733394.87821755
 186553.15123941 -554507.16941907  733394.86347971
 186549.75554861 -554508.42213318  733394.84898746
 186546.35928851 -554509.67505752  733394.83449091
 186542.96359777 -554510.92777201  733394.81999494
 186539.56847483 -554512.18027694  733394.80549955
 186536.23133019 -554513.41139283  733394.79124991
 186532.89418557 -554514.64250894  733394.77699847
 186529.55704023 -554515.87362567  733394.76274522
 186526.2196125  -554517.10484609  733394.74848903
 186522.94129791 -554518.31425903  733394.73448359
 186519.19432923 -554519.69656468  733394.71847389
 186515.50590586 -554521.05727225  733394.70271214
 186511.81748331 -554522.41797961  733394.68694821
 186508.1290592  -554523.7786874   733394.67118211
 186504.43914562 -554525.139945    733394.65540744
 186500.81076025 -554526.47850395  733394.63989369
 186497.18088387 -554527.81761331  733394.62437144
 186493.55100746 -554529.15672218  733394.60884712
 186489.97818687 -554530.47478262  733394.59356474
 186486.40834691 -554531.7917437   733394.57829305
 186482.83644962 -554533.10946378  733394.56301052
 186479.2651186  -554534.42697468  733394.5477284 
 186475.74992247 -554535.72377716  733394.53268446
 186472.23926875 -554537.01890361  733394.51765801
 186468.72648388 -554538.31481646  733394.50262044
 186465.21455305 -554539.61041441  733394.48758455
 186461.76031507 -554540.88472858  733394.47279375
 186458.30458756 -554542.15959205  733394.45799468
 186454.85184068 -554543.43335646  733394.44320643
 186451.45529943 -554544.68638572  733394.42865705
 186448.05953679 -554545.93912757  733394.41410919
 186444.66384727 -554547.19184271  733394.39955977
 186441.26822701 -554548.44453215  733394.38500882
 186437.93136597 -554549.67554477  733394.37070785
 186434.12585087 -554551.0794501   733394.35439616
 186430.37916656 -554552.46165225  733394.33833437
 186426.63219757 -554553.84395896  733394.32226915
 186422.88459004 -554555.22650174  733394.3061989 
 186419.13762032 -554556.608809    733394.29012917
 186415.44926981 -554557.96949106  733394.27430863
 186411.76113166 -554559.33009482  733394.25848681
 186408.07242495 -554560.69090826  733394.24266039
 186404.38456996 -554562.05140745  733394.22683546
 186400.75469328 -554563.39051798  733394.21125716
 186397.12453425 -554564.72973266  733394.19567555
 186393.49430291 -554566.06897399  733394.18009153
 186389.9236117  -554567.38625019  733394.16476104
 186386.35228268 -554568.70376158  733394.14942579
 186382.78095293 -554570.02127347  733394.13408847
 186379.2089846  -554571.33902089  733394.11874637
 186375.69620095 -554572.63493446  733394.10365648
 186372.18377278 -554573.93071691  733394.08856615
 186368.67070604 -554575.22673499  733394.07347109
 186365.15820788 -554576.52254327  733394.0583765 
 186361.70425351 -554577.79675404  733394.04353158
 186358.24973366 -554579.07117349  733394.02868231
 186354.79578008 -554580.34538397  733394.01383356
 186351.40009101 -554581.59810005  733393.99923343
 186348.00440039 -554582.85081655  733393.98463147
 186344.60721953 -554584.10408309  733393.97002122
 186341.21273689 -554585.35635417  733393.95542075
 186337.87559242 -554586.58747258  733393.94106509
 186334.53873262 -554587.81848577  733393.92670889
 186331.20158818 -554589.04960424  733393.91234966
 186327.86444527 -554590.28072195  733393.89798868
 186324.58584769 -554591.49024174  733393.88387788
 186321.30668309 -554592.6999705   733393.86976294
 186318.02836866 -554593.90938568  733393.85564994
 186314.80831797 -554595.09730682  733393.84178607
 186311.58855119 -554596.28512318  733393.82792177
 186308.36701025 -554597.47359427  733393.81404815
 186305.14752583 -554598.66130617  733393.80018177
 186301.98694605 -554599.82728778  733393.78656745
 186298.82480215 -554600.9938465   733393.77294478
 186295.66393696 -554602.15993344  733393.75932603
 186292.50179231 -554603.32649237  733393.74570017
 186289.39919008 -554604.47108531  733393.73232933
 186286.29651555 -554605.61570499  733393.71895663
 186283.1926354  -554606.76076956  733393.70557719
 186280.14822303 -554607.88389527  733393.69245262
 186277.10381225 -554609.00702093  733393.67932653
 186274.05940071 -554610.13014675  733393.66619896
 186271.01591167 -554611.2529323   733393.65307389
 186268.0294784  -554612.35466906  733393.64019344
 186264.57488744 -554613.62911584  733393.62529205
 186261.1200826  -554614.90364126  733393.61038784
 186257.66641495 -554616.17774777  733393.59548658
 186254.27072557 -554617.43046518  733393.58083363
 186250.87567477 -554618.68294669  733393.56618162
 186247.47934528 -554619.93590018  733393.55152222
 186244.08429453 -554621.18838197  733393.53686649
 186240.74651192 -554622.41973685  733393.52245618
 186237.41000881 -554623.6506197   733393.50804961
 186234.0728656  -554624.88173899  733393.49363847
 186230.7357216  -554626.11285816  733393.47922559
 186227.45648588 -554627.32261429  733393.46506105
 186224.17788875 -554628.53213495  733393.45089756
 186220.89723433 -554629.74241481  733393.43672343
 186217.67924136 -554630.9295775   733393.42281839
 186214.45919036 -554632.11749994  733393.40890277
 186211.23977948 -554633.3051861   733393.39498827
 186208.01852209 -554634.4935534   733393.38106414
 186204.85758576 -554635.65966766  733393.36739911
 186201.69672023 -554636.82575584  733393.35373279
 186198.53486219 -554637.99221001  733393.34006059
 186195.37307418 -554639.15863845  733393.3263871 
 186192.27040005 -554640.30325889  733393.31296769
 186189.16744357 -554641.44798367  733393.29954551
 186186.0621428  -554642.59357331  733393.28611165
 186183.02014519 -554643.71580951  733393.27295015
 186179.50700704 -554645.01185618  733393.25774837
 186175.99486373 -554646.30753587  733393.24254892
 186172.48208339 -554647.60345072  733393.22734473
 186168.96894605 -554648.89949704  733393.21213704
 186165.51442485 -554650.17391953  733393.19718113
 186162.0608284  -554651.44800048  733393.18222734
 186158.60659265 -554652.72231753  733393.16726886
 186155.21090297 -554653.97503619  733393.15256204
 186151.81457547 -554655.22798993  733393.13785063
 186148.41952594 -554656.48047255  733393.12314289
 186145.02319773 -554657.73342691  733393.10842777
 186141.6866935  -554658.9643111   733393.09397007
 186138.34954996 -554660.1954315   733393.07950778
 186135.01240796 -554661.42655122  733393.06504374
 186131.67526444 -554662.65767157  733393.05057789
 186128.39666852 -554663.86719281  733393.03636412
 186125.11807107 -554665.07671459  733393.02214862
 186121.83883584 -554666.28647185  733393.00792862
 186118.61942462 -554667.47415936  733392.99396635
 186115.39873624 -554668.662318    733392.97999689
 186112.17932501 -554669.85000515  733392.96603134
 186108.95927525 -554671.03792825  733392.95206133
 186105.79777153 -554672.20425273  733392.93834371
 186102.63562927 -554673.37081306  733392.9246217 
 186099.47476415 -554674.53690189  733392.91090367
 186095.90343662 -554675.85441678  733392.89540228
 186092.3321083  -554677.17193154  733392.87989888
 186088.76077922 -554678.4894468   733392.86439343
 186085.18945173 -554679.80696159  733392.84888593
 186081.67638639 -554681.10298268  733392.83362942
 186078.1638881  -554682.39879455  733392.8183734 
 186074.65110671 -554683.69471102  733392.80311418
 186071.13740204 -554684.99096776  733392.78784899
 186067.6834514  -554686.2651808   733392.77284145
 186064.22985469 -554687.53926332  733392.75783353
 186060.77469769 -554688.81392133  733392.74281694
 186057.37900845 -554690.06664077  733392.72805694
 186053.98332002 -554691.3193602   733392.71329508
 186050.58762929 -554692.57208029  733392.69853138
 186047.19137384 -554693.82500883  733392.68376338
 186043.85479931 -554695.05592042  733392.66925307
 186040.5179401  -554696.28693678  733392.65473977
 186037.18115249 -554697.51792701  733392.64022497
 186033.84365627 -554698.74917854  733392.62570532
 186030.5654155  -554699.95857004  733392.61144172
 186027.28674849 -554701.16811862  733392.59717455
 186024.00701745 -554702.37805999  733392.58290101
 186020.78810136 -554703.56556568  733392.56889048
 186017.56805278 -554704.75348941  733392.55487335
 186013.87906419 -554706.11441186  733392.53881286
 186010.24982883 -554707.45329055  733392.52301039
 186006.6193171  -554708.79264035  733392.50720022
 186002.99008101 -554710.13151937  733392.49139353
 185999.41811536 -554711.4492708   733392.47583418
 185995.84742611 -554712.76655107  733392.46027839
 185992.27602827 -554714.08409287  733392.44471745
 185988.70413268 -554715.40181844  733392.4291523 
 185985.19135095 -554716.69773608  733392.41384275
 185981.67920937 -554717.99341767  733392.39853401
 185978.1663561  -554719.28936142  733392.38322022
 185974.65329051 -554720.58538388  733392.36790351
 185971.19877254 -554721.85980741  733392.35284013
 185967.74510549 -554723.13391682  733392.33777856
 185964.29087068 -554724.40823587  733392.3227126 
 185960.89518268 -554725.66095613  733392.30790013
 185957.4995655  -554726.91365043  733392.29308612
 185954.10387753 -554728.16637064  733392.27826997
 185950.70754868 -554729.41932748  733392.26344916
 185947.36955739 -554730.65076254  733392.24888114
 185944.03298255 -554731.88167536  733392.23431751
 185940.69669163 -554733.11248331  733392.21975334
 185937.35962057 -554734.34357934  733392.20518396
 185934.08038695 -554735.55333809  733392.19086538
 185930.3339876  -554736.93544129  733392.17450484
 185926.64414775 -554738.2966789   733392.1583891 
 185922.95657994 -554739.65707863  733392.14228109
 185919.26730795 -554741.01810692  733392.12616346
 185915.58037873 -554742.37827092  733392.1100539 
 185911.95050528 -554743.71738638  733392.0941915 
 185908.32063263 -554745.05650153  733392.078327  
 185904.68983598 -554746.39595772  733392.06245633
 185901.11907641 -554747.71326513  733392.04684606
 185897.54661424 -554749.03120091  733392.03122628
 185893.97677723 -554750.34816818  733392.01561595
 185890.40481131 -554751.66592069  733391.99999428
 185886.89174617 -554752.96194406  733391.9846282 
 185883.37839945 -554754.25807142  733391.96925891
 185879.86561746 -554755.55399042  733391.95389011
 185876.35134751 -554756.8504583   733391.93851283
 185872.89917046 -554758.12401933  733391.92340532
 185869.44522    -554759.39823445  733391.90828815
 185865.99126955 -554760.67244981  733391.89316905
 185862.59501421 -554761.92538046  733391.87830065
 185859.19932595 -554763.17810209  733391.86343288
 185855.80363845 -554764.43082342  733391.84856327
 185852.40851724 -554765.68333589  733391.8336943 
 185849.07080878 -554766.91466793  733391.81907496
 185845.26557993 -554768.31847526  733391.8024057 
 185841.51889792 -554769.70068422  733391.78599062
 185837.77136423 -554771.0832072   733391.76956957
 185834.02496615 -554772.46531134  733391.75315125
 185830.27743249 -554773.8478344   733391.73672571
 185826.58901344 -554775.20854928  733391.72055707
 185822.90116223 -554776.56905469  733391.70438874
 185819.21217465 -554777.92997928  733391.68821325
 185815.5240388  -554779.29058982  733391.67203932
 185811.89444977 -554780.62960156  733391.65612001
 185808.26457609 -554781.96871839  733391.64019734
 185804.63413616 -554783.30804416  733391.62427007
 185801.06337711 -554784.62535272  733391.60860258
 185797.49148324 -554785.94308007  733391.59292806
 185793.92072346 -554787.26038895  733391.57725649
 185790.34882884 -554788.57811642  733391.5615779 
 185786.83661744 -554789.87382614  733391.54615927
 185783.32355357 -554791.16985035  733391.53073492
 185779.81077284 -554792.46577003  733391.51530985
 185776.29827757 -554793.76158445  733391.49988407
 185772.84404368 -554795.03590547  733391.48471221
 185769.38952513 -554796.31033156  733391.46953719
 185765.93500815 -554797.58475709  733391.45436027
 185762.53988812 -554798.83727     733391.43944245
 185759.14420032 -554800.08999265  733391.42452027
 185755.74851406 -554801.34271464  733391.40959626
 185752.35254317 -554802.5955418   733391.39466915
 185749.01568456 -554803.82656129  733391.38000009
 185745.67854438 -554805.05768498  733391.36532798
 185742.34140347 -554806.28880904  733391.35065408
 185739.00426101 -554807.51993354  733391.33597841
 185735.7256661  -554808.72945864  733391.3215585 
 185732.44707357 -554809.93898346  733391.30713683
 185729.16819404 -554811.14861399  733391.2927122 
 185725.9484299  -554812.33643596  733391.27854595
 185722.72838032 -554813.52436303  733391.2643768 
 185719.50684281 -554814.71283952  733391.25019941
 185716.28679325 -554815.90076676  733391.23602694
 185713.1267831  -554817.06654453  733391.2221171 
 185709.96528193 -554818.23287269  733391.20819908
 185706.80321297 -554819.39941027  733391.19427697
 185703.64171026 -554820.56573877  733391.18035576
 185700.5379019  -554821.71078309  733391.16668704
 185697.43487523 -554822.85553901  733391.15302022
 185694.3319209  -554824.00026835  733391.13935216
 185691.28900212 -554825.12284943  733391.12594708
 185688.24459229 -554826.2459807   733391.11253394
 185685.19990091 -554827.36921627  733391.09911804
 185682.15428395 -554828.49279294  733391.08569661
 185679.16842248 -554829.59432483  733391.07253707
 185675.7141883  -554830.8686473   733391.05731148
 185672.26002566 -554832.14294301  733391.04208431
 185668.80572073 -554833.41729145  733391.0268546 
 185665.41124052 -554834.66956948  733391.01188679
 185662.01527004 -554835.92239756  733390.99691055
 185658.6192996  -554837.17522567  733390.98193247
 185655.22389619 -554838.42784458  733390.96695504
 185651.88647178 -554839.65907403  733390.95223157
 185648.5493313  -554840.89019892  733390.93750756
 185645.21155224 -554842.12155946  733390.92277895
 185641.87533425 -554843.35234401  733390.90805545
 185638.59702372 -554844.56176558  733390.89358578
 185635.31842931 -554845.77129197  733390.87911312
 185632.03926788 -554846.98102765  733390.86463624
 185628.81978731 -554848.16874609  733390.85042117
 185625.59711381 -554849.3576424   733390.83619034
 185622.37969213 -554850.54460125  733390.82198105
 185619.1596438  -554851.73252928  733390.80775848
 185615.99757523 -554852.89906761  733390.7937904 
 185612.83664153 -554854.06518753  733390.77982571
 185609.67514001 -554855.23151656  733390.76585694
 185606.5136385  -554856.39784574  733390.75188656
 185603.41068458 -554857.54257591  733390.73817334
 185600.30772757 -554858.6873071   733390.72445857
 185597.20477369 -554859.83203754  733390.71074224
 185594.16036425 -554860.95516956  733390.69728324
 185590.64758524 -554862.25109107  733390.68175176
 185587.13423845 -554863.54722201  733390.6662158 
 185583.6220257  -554864.84293439  733390.6506829 
 185580.10924752 -554866.13885577  733390.63514549
 185576.65501458 -554867.41317879  733390.61986512
 185573.20078166 -554868.68750184  733390.60458283
 185569.74654952 -554869.96182459  733390.58929865
 185566.35086186 -554871.21454932  733390.57427164
 185562.95517655 -554872.46727345  733390.55924279
 185559.55949046 -554873.71999766  733390.5442121 
 185556.16231334 -554874.97327216  733390.52917296
 185552.82581189 -554876.20416228  733390.51440063
 185549.48952278 -554877.43497412  733390.49962746
 185546.15089325 -554878.66664947  733390.48484215
 185542.81346936 -554879.89788022  733390.47006037
 185539.53515929 -554881.10730274  733390.45553869
 185536.25805561 -554882.31628031  733390.44102064
 185532.97917777 -554883.5259125   733390.42649299
 185529.75856204 -554884.71405067  733390.41222183
 185526.53936814 -554885.90166454  733390.3979553 
 185523.31931871 -554887.08959398  733390.38368331
 185520.09842067 -554888.27783666  733390.3694059 
 185516.93628021 -554889.44440242  733390.35538735
 185513.77336038 -554890.61125579  733390.34136373
 185510.61391897 -554891.77682649  733390.3273539 
 185507.04344297 -554893.0940341   733390.31151956
 185503.47211916 -554894.41155482  733390.29567939
 185499.89994288 -554895.72938991  733390.27983341
 185496.32861756 -554897.04691121  733390.26398915
 185492.81519967 -554898.34306949  733390.24839982
 185489.30305896 -554899.63875659  733390.23281418
 185485.79028123 -554900.93467885  733390.21722372
 185482.2768634  -554902.23083725  733390.20162846
 185478.82263094 -554903.50516137  733390.18629396
 185475.36988878 -554904.77893553  733390.17096419
 185471.91416683 -554906.05380907  733390.15561927
 185468.51968681 -554907.30608965  733390.14054442
 185465.1234326  -554908.55902445  733390.12545987
 185461.72710763 -554909.8119856   733390.11037314
 185458.3320614  -554911.06447517  733390.09529024
 185454.99548884 -554912.29539263  733390.08046533
 185451.65834851 -554913.52651983  733390.0656361 
 185448.31858382 -554914.75861494  733390.05079344
 185444.98144584 -554915.98974146  733390.03596064
 185441.7054759  -554917.19830168  733390.02139802
 185438.42631535 -554918.40803903  733390.00681949
 185435.14829121 -554919.61735749  733389.99224427
 185431.92554706 -554920.80628222  733389.97791317
 185428.70819703 -554921.99321681  733389.96360441
 185425.01977931 -554923.35393632  733389.94719858
 185421.38990836 -554924.69305686  733389.93105106
 185417.75946965 -554926.03238725  733389.91489887
 185414.13016575 -554927.37129862  733389.89874966
 185410.5561442  -554928.68981562  733389.88284436
 185406.98751678 -554930.0063428   733389.86696101
 185403.41562413 -554931.32407468  733389.85106108
 185399.84486786 -554932.64138713  733389.83516419
 185396.33059875 -554933.93786073  733389.81951677
 185392.81931023 -554935.23323464  733389.80388065
 185389.30504192 -554936.52970796  733389.78822929
 185385.79375421 -554937.82508169  733389.77258923
 185382.33803268 -554939.09995605  733389.75719475
 185378.88380148 -554940.37428086  733389.74180499
 185375.4295703  -554941.64860579  733389.7264133 
 185372.03537387 -554942.90078268  733389.71128728
 185368.63819765 -554944.15405907  733389.69614612
 185365.24400199 -554945.40623557  733389.68101643
 185361.8483161  -554946.65896222  733389.66587823
 185358.5081964  -554947.89118949  733389.65098594
 185355.17403786 -554949.12121758  733389.63611846
 185351.83540848 -554950.35289522  733389.62122925
 185348.49947578 -554951.58357786  733389.60635029
 185345.21967711 -554952.79355215  733389.59171994
 185341.47122198 -554954.17642135  733389.57499696
 185337.78578761 -554955.53604146  733389.55855292
 185334.09588006 -554956.89731168  733389.54208676
 185330.40838533 -554958.25769203  733389.52562916
 185326.71876173 -554959.61885772  733389.50915989
 185323.0876849  -554960.95842442  733389.49294984
 185319.46051038 -554962.2965516   733389.4767551 
 185315.83092467 -554963.63556854  733389.46054747
 185312.25874934 -554964.95340562  733389.44459416
 185308.68678715 -554966.27116426  733389.42863974
 185305.11397172 -554967.58923742  733389.41267949
 185301.54413845 -554968.90621082  733389.3967305 
 185298.03228337 -554970.20179497  733389.38103855
 185294.52007285 -554971.49751032  733389.36534304
 185291.00580425 -554972.7939848   733389.34963637
 185287.49423313 -554974.08946436  733389.33393976
 185284.03879599 -554975.36423503  733389.31849215
 185280.58456297 -554976.63856179  733389.303048  
 185277.13153863 -554977.91244232  733389.28760736
 185273.73585393 -554979.16516961  733389.27242124
 185270.34016846 -554980.41789708  733389.25723329
 185266.94178634 -554981.67161949  733389.24203142
 185263.54610245 -554982.92434643  733389.22683978
 185260.2116597  -554984.15448061  733389.21192031
 185256.40615012 -554985.55839949  733389.19489096
 185252.65890494 -554986.94082368  733389.17812007
 185248.91222452 -554988.32303962  733389.16134946
 185245.16526329 -554989.70535919  733389.14457534
 185241.4156031  -554991.08867446  733389.12778689
 185237.72839352 -554992.44895077  733389.11127585
 185234.04146709 -554993.80912267  733389.0947639 
 185230.35305038 -554995.16984432  733389.07824311
 185226.66463446 -554996.53056575  733389.06172013
 185223.03476452 -554997.86968843  733389.04545732
 185219.40340434 -554999.20936115  733389.02918569
 185215.77502474 -555000.5479342   733389.01292533
 185212.20370084 -555001.8654584   733388.99691859
 185208.6308867  -555003.18353264  733388.98090313
 185205.06105313 -555004.5005071   733388.96489899
 185201.48973005 -555005.81803117  733388.94888614
 185197.97546271 -555007.11450657  733388.93312709
 185194.46268488 -555008.41043236  733388.91737277
 185190.95139814 -555009.70580812  733388.90162315
 185187.43861958 -555011.00173433  733388.88586487
 185183.98290058 -555012.27661022  733388.87036063
 185180.52866881 -555013.55093776  733388.85486113
 185177.07592732 -555014.82471511  733388.83936644
 185173.67875204 -555016.07799335  733388.82411924
 185170.28306938 -555017.33072119  733388.80887687
 185166.88887392 -555018.58290015  733388.79363935
 185163.49318898 -555019.83562879  733388.77839329
 185160.15605078 -555021.06675831  733388.76340831
 185156.81742233 -555022.29843798  733388.74841483
 185153.48028416 -555023.52956756  733388.73342629
 185150.14463632 -555024.76014769  733388.71844262
 185146.86604415 -555025.96967862  733388.70371355
 185143.58745202 -555027.17920991  733388.68898274
 185140.30737191 -555028.38929008  733388.67424351
 185137.08732578 -555029.5772226   733388.65977239
 185133.86727887 -555030.7651553   733388.64529961
 185127.42718821 -555033.14102023  733388.61634905
 185124.26568887 -555034.30735402  733388.60213453
 185121.10269848 -555035.47423768  733388.58791172
 185117.94268946 -555036.64002184  733388.57370069
 185114.7811917  -555037.80635512  733388.55948137
 185111.67674812 -555038.95164032  733388.54551709
 185108.57649072 -555040.09538087  733388.53157013
 185105.47290115 -555041.24035089  733388.51760663
 185102.42792606 -555042.36369715  733388.50390532
 185099.38203001 -555043.48738295  733388.49019842
 185096.33968081 -555044.60976026  733388.47650598
 185093.29321623 -555045.73365595  733388.46279354
 185090.30884524 -555046.83464429  733388.44935914
 185086.85461546 -555048.10897209  733388.43380784
 185083.40038493 -555049.38330006  733388.41825464
 185079.94615518 -555050.65762781  733388.40269954
 185076.55167782 -555051.90991198  733388.38741164
 185073.15599254 -555053.16264178  733388.37211645
 185069.75967022 -555054.41560664  733388.35681655
 185066.36341794 -555055.66854565  733388.34151512
 185063.02684801 -555056.89946673  733388.3264808 
 185059.68914325 -555058.13080661  733388.31143956
 185056.35200477 -555059.36193739  733388.29639911
 185053.01607351 -555060.59262338  733388.28136228
 185049.73748256 -555061.80215502  733388.26658222
 185046.45739981 -555063.0122372   733388.25179369
 185043.17909204 -555064.22166454  733388.23701145
 185039.95876399 -555065.40970231  733388.22248896
 185036.73871829 -555066.59763569  733388.20796611
 185033.5201637  -555067.78501935  733388.19344828
 185030.29862853 -555068.97350245  733388.17891538
 185027.1386207  -555070.1392871   733388.16465841
 185023.97712257 -555071.30562149  733388.15039312
 185020.81413188 -555072.47250665  733388.13611949
 185017.65348469 -555073.63852693  733388.12185486
 185014.54847605 -555074.78402179  733388.10783974
 185011.44821907 -555075.92776313  733388.09384456
 185008.34377593 -555077.07304918  733388.07982892
 185005.29936982 -555078.19618647  733388.06608284
 185001.78659373 -555079.49211401  733388.05022013
 184998.27381687 -555080.78804174  733388.03435546
 184994.76253112 -555082.08341964  733388.01849553
 184991.2497543  -555083.37934764  733388.00262689
 184987.7940347  -555084.65422594  733387.98701409
 184984.33980389 -555085.92855527  733387.97140609
 184980.8870657  -555087.20233409  733387.95580292
 184977.49138088 -555088.45506486  733387.94045572
 184974.09569762 -555089.70779506  733387.92510668
 184970.69852408 -555090.9610751   733387.90974906
 184967.30432959 -555092.21325606  733387.89440306
 184963.96570281 -555093.44493719  733387.8793065 
 184960.62970116 -555094.67564977  733387.86422003
 184957.29142756 -555095.90720075  733387.84912149
 184953.95429112 -555097.13833217  733387.83402632
 184950.67569911 -555098.34786546  733387.81919423
 184947.39710866 -555099.5573984   733387.80436041
 184944.11972461 -555100.76648616  733387.78953034
 184940.89904153 -555101.95465571  733387.77495518
 184937.67842852 -555103.14279974  733387.76037866
 184934.45838407 -555104.33073396  733387.74580305
 184931.23833962 -555105.5186681   733387.7312258 
 184928.07684119 -555106.68500394  733387.71691193
 184924.91385323 -555107.85188905  733387.70258975
 184921.75384355 -555109.01767553  733387.68827944
 184918.1810324  -555110.33575204  733387.67209783
 184914.61233515 -555111.65231113  733387.65593279
 184911.03838611 -555112.97080746  733387.63974193
 184907.46912341 -555114.28757528  733387.62357025
 184903.95578    -555115.58371334  733387.60764994
 184900.44300363 -555116.87964197  733387.59173024
 184896.93107901 -555118.17525676  733387.57581241
 184893.41596224 -555119.47204928  733387.55987812
 184889.96173189 -555120.74637958  733387.54421792
 184886.50750234 -555122.02070966  733387.52855581
 184883.05597023 -555123.29404462  733387.51290402
 184879.65908026 -555124.54722102  733387.49749816
 184876.26453307 -555125.79953321  733387.48210108
 184872.86828173 -555127.05247439  733387.46669441
 184869.47203194 -555128.3054149   733387.4512859 
 184866.13546216 -555129.53633795  733387.43614639
 184862.79832538 -555130.76747062  733387.4210025 
 184859.46182643 -555131.99836796  733387.40585972
 184856.12320018 -555133.23005035  733387.39070548
 184852.84609889 -555134.43903458  733387.37582882
 184849.56481223 -555135.64956329  733387.3609314 
 184846.28891737 -555136.85810268  733387.34605675
 184843.06738308 -555138.04658778  733387.33142724
 184839.84875857 -555139.23399909  733387.31680931
 184836.15771878 -555140.59569339  733387.30004378
 184832.52785088 -555141.93482046  733387.28355396
 184828.8991886  -555143.27350262  733387.26706753
 184825.27081181 -555144.61207982  733387.25058026
 184821.69799883 -555145.9301582   733387.23434343
 184818.12667849 -555147.24768606  733387.21811134
 184814.55535584 -555148.56521482  733387.20187719
 184810.98552505 -555149.88219331  733387.18564779
 184807.47125888 -555151.17867302  733387.16966899
 184803.95848378 -555152.47460272  733387.153695  
 184800.44570869 -555153.77053225  733387.13771905
 184796.93144334 -555155.06701183  733387.12173433
 184793.47870375 -555156.3407932   733387.10602755
 184790.02596495 -555157.61457447  733387.09031885
 184786.57024558 -555158.88945528  733387.07459469
 184783.17598275 -555160.1416637   733387.0591483 
 184779.77888092 -555161.39491965  733387.04368713
 184776.38468813 -555162.64710229  733387.02823737
 184772.98751553 -555163.90038421  733387.0127722 
 184769.65037922 -555165.1315179   733386.99757852
 184766.31324288 -555166.36265131  733386.98238308
 184762.97724142 -555167.59336631  733386.96719101
 184759.63776312 -555168.82536379  733386.95198134
 184756.36037917 -555170.03445361  733386.93705273
 184752.61192952 -555171.41732882  733386.91997629
 184748.92500563 -555172.77750601  733386.90317793
 184745.23510196 -555174.13878262  733386.88636381
 184741.54817809 -555175.49895969  733386.86956112
 184737.86033332 -555176.85947681  733386.85275203
 184734.22989733 -555178.19881449  733386.83620251
 184730.59974528 -555179.53804761  733386.81965215
 184726.97073039 -555180.87686117  733386.80310488
 184723.39735012 -555182.19515018  733386.78680922
 184719.82751979 -555183.51212963  733386.7705277 
 184716.2561992  -555184.82965893  733386.75423734
 184712.6845924  -555186.14729369  733386.73794365
 184709.17181932 -555187.44322389  733386.72191634
 184705.65783832 -555188.73959952  733386.70588156
 184702.14740418 -555190.03466665  733386.68986099
 184698.63228762 -555191.33146145  733386.67381707
 184695.1792646  -555192.60534853  733386.65805464
 184691.72503678 -555193.87968046  733386.64228479
 184688.26960334 -555195.15445699  733386.62650753
 184684.87597726 -555196.40643163  733386.61101062
 184681.48058009 -555197.65905993  733386.59550376
 184678.08376188 -555198.91221225  733386.57998858
 184674.68949877 -555200.1644218   733386.56448324
 184671.34973778 -555201.39652481  733386.54922504
 184667.54685652 -555202.79948198  733386.53184884
 184663.79989608 -555204.18180874  733386.51472591
 184660.05151847 -555205.56465851  733386.49759423
 184656.30597758 -555206.94646187  733386.48047327
 184652.55639284 -555208.32975686  733386.46333159
 184648.87060584 -555209.6895158   733386.44647937
 184645.18219221 -555211.05024404  733386.42961294
 184641.4922883  -555212.41152181  733386.41273755
 184637.80394626 -555213.77222357  733386.3958671 
 184634.1754981  -555215.11082922  733386.37926849
 184630.54421174 -555216.45048206  733386.36265479
 184626.9143449  -555217.78961135  733386.34604546
 184623.34387648 -555219.10682732  733386.32970587
 184619.77312418 -555220.42414824  733386.31336293
 184616.20031225 -555221.74222868  733386.29700855
 184612.63048171 -555223.05920972  733386.28066573
 184609.11628807 -555224.35566494  733386.26457566
 184605.60493348 -555225.6510731   733386.24849658
 184602.09066833 -555226.94755486  733386.23240222
 184598.57938377 -555228.24293702  733386.21631954
 184595.1237369  -555229.51779333  733386.20048977
 184591.6709283  -555230.79160272  733386.18467108
 184588.2152107  -555232.06648553  733386.16883714
 184584.81952855 -555233.31921989  733386.15327643
 184581.42384718 -555234.57195393  733386.13771389
 184578.02823662 -555235.82466211  733386.1221498 
 184574.6325545  -555237.07739635  733386.10658357
 184571.29541834 -555238.30853225  733386.0912839 
 184567.95821219 -555239.53969394  733386.07598212
 184564.62107683 -555240.77082944  733386.06067889
 184561.28401303 -555242.00193851  733386.04537422
 184558.00393258 -555243.21202552  733386.03032913
 184554.72676423 -555244.42103812  733386.01529569
 184551.44675458 -555245.6310991   733386.00024748
 184548.2282022  -555246.81848707  733385.98547958
 184545.00872736 -555248.0062157   733385.97070575
 184541.78662663 -555249.19491297  733385.95591823
 184538.56864131 -555250.38209179  733385.94114795
 184535.40508733 -555251.54919025  733385.92662586
 184532.24508093 -555252.71497966  733385.91211848
 184529.08415208 -555253.88110953  733385.89760526
 184525.92208684 -555255.04765845  733385.88308523
 184522.81764819 -555256.19294832  733385.86882822
 184519.71618701 -555257.3371395   733385.85458337
 184516.61174679 -555258.4824295   733385.84032331
 184513.56734281 -555259.60557113  733385.82633751
 184510.52293809 -555260.72871332  733385.81235021
 184507.48002519 -555261.85130482  733385.7983683 
 184504.43555048 -555262.97447274  733385.78437772
 184501.45089809 -555264.07557099  733385.77066061
 184497.99638729 -555265.35000928  733385.75478232
 184494.53981767 -555266.62520738  733385.73889263
 184491.08700802 -555267.89901831  733385.72301833
 184487.69253429 -555269.15130824  733385.70741034
 184484.2953631  -555270.40459318  733385.69178812
 184480.90117173 -555271.65677855  733385.67617778
 184477.5049223  -555272.90972349  733385.6605561 
 184474.16835518 -555274.1406506   733385.64520714
 184470.82972997 -555275.37233673  733385.62984695
 184467.49259509 -555276.6034734   733385.6144918 
 184464.15695048 -555277.83405998  733385.59914176
 184460.87687126 -555279.0441477   733385.58404566
 184457.59828387 -555280.25368503  733385.5689547 
 184454.31969495 -555281.4632229   733385.55386203
 184451.10114224 -555282.65061204  733385.53904406
 184447.8796082  -555283.83910119  733385.5242107 
 184444.65956679 -555285.02703993  733385.50938254
 184441.43952459 -555286.21497863  733385.49455274
 184438.27802837 -555287.38131916  733385.47999091
 184435.1153973  -555288.54807793  733385.46542228
 184431.95475202 -555289.71410425  733385.4508612 
 184428.79353973 -555290.88033985  733385.4362959 
 184425.69059098 -555292.02508063  733385.42199751
 184422.58622043 -555293.1703461   733385.40769102
 184419.48618074 -555294.31401399  733385.39340293
 184416.43851273 -555295.438361    733385.37935472
 184412.92900329 -555296.73309049  733385.36317584
 184409.41566238 -555298.02923379  733385.3469773 
 184405.90196678 -555299.32550782  733385.33077516
 184402.38919371 -555300.6214417   733385.31457528
 184398.93496576 -555301.89577681  733385.2986435 
 184395.4807394  -555303.17011166  733385.28270979
 184392.02800255 -555304.44389677  733385.26678106
 184388.63083185 -555305.69718277  733385.25110679
 184385.23373115 -555306.95044284  733385.235431  
 184381.83947104 -555308.20265504  733385.21976648
 184378.44229882 -555309.45594142  733385.20408668
 184375.1066539  -555310.68652954  733385.18868904
 184371.76952099 -555311.91766636  733385.17328277
 184368.43238582 -555313.14880424  733385.15787469
 184365.09617312 -555314.37960154  733385.14246911
 184361.81517186 -555315.59003042  733385.12731672
 184358.53807522 -555316.79901881  733385.11218066
 184355.25806649 -555318.00908158  733385.09702941
 184352.03802472 -555319.19702133  733385.0821535 
 184348.81940248 -555320.38443753  733385.06728248
 184345.59907607 -555321.57248219  733385.05240194
 184342.37931904 -555322.76031719  733385.03752235
 184339.21782324 -555323.92665833  733385.02291039
 184336.05753386 -555325.09255459  733385.0083024 
 184332.89334064 -555326.25989075  733384.99367479
 184329.32351231 -555327.57687432  733384.97717005
 184325.75077343 -555328.89493168  733384.96064981
 184322.17938328 -555330.21249127  733384.94413377
 184318.60927111 -555331.52957987  733384.92762158
 184315.09798953 -555332.82496448  733384.91137951
 184311.58464756 -555334.12110918  733384.89512593
 184308.06946141 -555335.4179344   733384.87886184
 184304.55846378 -555336.71321443  733384.86261515
 184301.10423632 -555337.98755054  733384.84662925
 184297.64852015 -555339.2624362   733384.83063453
 184294.19549913 -555340.53632747  733384.81465038
 184290.79981839 -555341.78906467  733384.79892981
 184287.40442237 -555343.04169707  733384.7832087 
 184284.00994885 -555344.29398919  733384.76749001
 184280.61277866 -555345.54727628  733384.75175698
 184277.27713419 -555346.77786515  733384.73630709
 184273.93850993 -555348.00955311  733384.72084165
 184270.60286626 -555349.24014182  733384.7053882 
 184267.26573233 -555350.47128036  733384.68992607
 184263.98565325 -555351.68137001  733384.67472657
 184260.7058604  -555352.89135437  733384.65952665
 184257.42996987 -555354.09989918  733384.64434309
 184254.20694797 -555355.28893928  733384.62940294
 184250.9898857  -555356.47578098  733384.61448873
 184247.29998466 -555357.83706291  733384.59738041
 184243.67011903 -555359.17619645  733384.58054833
 184240.04025498 -555360.51532964  733384.56371413
 184236.41038941 -555361.85446336  733384.54687782
 184232.83907129 -555363.17199776  733384.53031101
 184229.26775316 -555364.48953198  733384.51374216
 184225.69643354 -555365.80706695  733384.49717127
 184222.12511468 -555367.1246016   733384.48059834
 184218.61234408 -555368.42053689  733384.46429509
 184215.10013821 -555369.71626379  733384.44799249
 184211.58679751 -555371.01240919  733384.43168267
 184208.07402694 -555372.30834437  733384.41537351
 184204.61951608 -555373.58278646  733384.3993329 
 184201.16557303 -555374.857019    733384.38329304
 184197.71134687 -555376.13135601  733384.36724994
 184194.31566816 -555377.3840939   733384.35147689
 184190.91998793 -555378.63683221  733384.335702  
 184187.52430925 -555379.88956996  733384.31992527
 184184.12862829 -555381.14230869  733384.30414668
 184180.79149553 -555382.37344762  733384.28863835
 184177.45556842 -555383.60414214  733384.27313382
 184174.11573671 -555384.83627681  733384.25760939
 184170.7800943  -555386.06686635  733384.24210262
 184167.50150674 -555387.27640688  733384.22685937
 184163.75454975 -555388.65873893  733384.2094364 
 184160.06464915 -555390.02002172  733384.19227655
 184156.3762381  -555391.38075508  733384.17512144
 184152.68782861 -555392.74148798  733384.15796414
 184148.99941682 -555394.10222167  733384.14080468
 184145.3689847  -555395.44156561  733384.12391281
 184141.7408938  -555396.78004574  733384.10702973
 184138.11102951 -555398.11918026  733384.09013628
 184134.54027892 -555399.43650645  733384.0735159 
 184130.96839273 -555400.75425145  733384.0568882 
 184127.39856544 -555402.07123726  733384.04026802
 184123.82724711 -555403.38877316  733384.02363886
 184120.31177876 -555404.68570446  733384.00726779
 184116.79900635 -555405.98164154  733383.99090727
 184113.28836362 -555407.27679309  733383.97455468
 184109.77346313 -555408.57351521  733383.95818031
 184106.32044381 -555409.84740815  733383.94209228
 184102.86501172 -555411.12219115  733383.92599111
 184099.41199323 -555412.39608411  733383.90989925
 184096.0145385  -555413.64947812  733383.89406448
 184092.62212321 -555414.901013    733383.87825136
 184089.22644502 -555416.15375184  733383.86242118
 184085.82927501 -555417.40704102  733383.84658219
 184082.49214196 -555418.63818137  733383.83102132
 184078.68663956 -555420.04211327  733383.8132743 
 184074.93968384 -555421.42444616  733383.79579804
 184071.19421763 -555422.80622933  733383.7783265 
 184067.4457709  -555424.18911257  733383.76083877
 184063.69732339 -555425.57199568  733383.74334882
 184060.01040469 -555426.93217989  733383.72614374
 184056.32199339 -555428.29291459  733383.70892954
 184052.63507318 -555429.65309926  733383.69172011
 184048.94517317 -555431.01438314  733383.67449461
 184045.31679965 -555432.35296896  733383.65755417
 184041.68544557 -555433.69265412  733383.64059773
 184038.05409074 -555435.03233978  733383.62363917
 184034.48518718 -555436.3489859   733383.60697019
 184030.91294683 -555437.66686287  733383.5902836 
 184027.34013872 -555438.9849496   733383.5735923 
 184023.77031117 -555440.30193653  733383.5569129 
 184020.25903032 -555441.59732456  733383.54050504
 184016.74327782 -555442.8943621   733383.52407432
 184013.231997   -555444.18975018  733383.50766252
 184009.71922512 -555445.48568827  733383.49124177
 184006.2650007  -555446.7600271   733383.47509277
 184002.81077551 -555448.0343662   733383.45894187
 183999.35655033 -555449.30870524  733383.44278906
 183995.9617943  -555450.56110485  733383.42691248
 183992.5651918  -555451.81418591  733383.4110254 
 183989.16802303 -555453.0674757   733383.39513385
 183985.77383485 -555454.31966591  733383.37925439
 183982.43521123 -555455.55135742  733383.36363307
 183979.10042069 -555456.78163478  733383.34802791
 183975.76243645 -555458.01309039  733383.33240602
 183972.42587247 -555459.24402178  733383.31678902
 183969.14522777 -555460.45432375  733383.30143198
 183965.86664191 -555461.66386589  733383.28608288
 183962.58805533 -555462.87340862  733383.27073204
 183959.37071128 -555464.06035753  733383.25566627
 183956.14946498 -555465.24874616  733383.24058058
 183952.92736697 -555466.43744893  733383.22548924
 183949.70789411 -555467.62518347  733383.21040851
 183946.54760724 -555468.7910827   733383.19560344
 183943.38639717 -555469.95732303  733383.18079241
 183940.22490318 -555471.12366779  733383.16597848
 183937.06397702 -555472.28980318  733383.1511656 
 183933.96046112 -555473.43475857  733383.1366202 
 183930.85722917 -555474.57960938  733383.12207459
 183927.75456579 -555475.72425049  733383.1075301 
 183924.71137154 -555476.84695203  733383.0932629 
 183921.66697017 -555477.97009918  733383.07898853
 183918.61987134 -555479.09424121  733383.06470006
 183915.57667635 -555480.21694309  733383.0504284 
 183912.58961527 -555481.31893615  733383.03641854
 183909.13808723 -555482.59228138  733383.02022846
 183905.68386252 -555483.86662148  733383.00402383
 183902.22963782 -555485.14096141  733382.98781731
 183898.83246951 -555486.39425222  733382.9718766 
 183895.438281   -555487.64644367  733382.95594804
 183892.04260378 -555488.89918459  733382.94001062
 183888.64692348 -555490.15192632  733382.92407138
 183885.30830188 -555491.38361828  733382.90839814
 183881.97117056 -555492.61476017  733382.89273013
 183878.63403695 -555493.84590302  733382.87706032
 183875.29541539 -555495.07759489  733382.86138173
 183872.0183195  -555496.28658857  733382.84599035
 183868.73973333 -555497.496132    733382.83059025
 183865.46114721 -555498.70567567  733382.81518842
 183862.24110849 -555499.89361983  733382.80005995
 183859.02255854 -555501.08101482  733382.78493682
 183855.79953851 -555502.27005902  733382.76979102
 183852.58155636 -555503.45724436  733382.75466725
 183849.41800548 -555504.62434892  733382.73979768
 183846.25949251 -555505.78959513  733382.72495017
 183843.0950184  -555506.95704052  733382.71007304
 183839.93501517 -555508.1228365   733382.69521533
 183836.83206752 -555509.26758338  733382.68062434
 183833.72912065 -555510.41232994  733382.6660318 
 183830.62617304 -555511.55707698  733382.65143772
 183827.58177206 -555512.68022476  733382.6371175 
 183824.07049221 -555513.97561492  733382.62059933
 183820.556231   -555515.27210468  733382.60406517
 183817.04197058 -555516.56859422  733382.58752904
 183813.53069001 -555517.86398473  733382.57100494
 183810.07646656 -555519.13832556  733382.55474743
 183806.62224233 -555520.41266646  733382.53848802
 183803.16652787 -555521.68755751  733382.52221966
 183799.77085108 -555522.94029914  733382.50623209
 183796.375172   -555524.19304155  733382.49024268
 183792.98098323 -555525.44523428  733382.47425843
 183789.58530575 -555526.69797647  733382.4582653 
 183786.24668537 -555527.92966886  733382.44253912
 183782.90955301 -555529.16081252  733382.42681815
 183779.57242066 -555530.3919561   733382.41109541
 183776.23798729 -555531.62210395  733382.3953836 
 183772.95791132 -555532.83219844  733382.37992617
 183769.67811845 -555534.04218798  733382.36446839
 183766.40102386 -555535.25118253  733382.34902158
 183763.18098406 -555536.43912824  733382.33384202
 183759.95945476 -555537.62762333  733382.3186538 
 183756.74204087 -555538.81460018  733382.30348332
 183753.52086706 -555540.00296438  733382.28829343
 183750.35788365 -555541.16986072  733382.27337635
 183747.19901646 -555542.33523878  733382.25847706
 183744.03752414 -555543.5015851   733382.24356381
 183740.46358113 -555544.82009399  733382.22670302
 183736.89347117 -555546.13718865  733382.20985829
 183733.32215561 -555547.45472831  733382.19300582
 183729.75084009 -555548.772268    733382.17615131
 183726.23686328 -555550.06865425  733382.15956539
 183722.7267903  -555551.36360013  733382.14299595
 183719.21401915 -555552.65954157  733382.12641179
 183715.70125029 -555553.95548201  733382.10982568
 183712.24702578 -555555.22982432  733382.09351405
 183708.79131334 -555556.50471584  733382.07719347
 183705.33857913 -555557.7785082   733382.06088508
 183701.94283129 -555559.03127738  733382.04484397
 183698.54573396 -555560.28454423  733382.02879465
 183695.15154801 -555561.5367374   733382.01275721
 183691.75288886 -555562.79058037  733381.99669683
 183688.41866674 -555564.02065145  733381.98093912
 183685.08011765 -555565.25231883  733381.96515918
 183681.74298497 -555566.48346341  733381.94938417
 183678.40734493 -555567.7140577   733381.93361441
 183675.12876048 -555568.92360296  733381.91811265
 183671.84868498 -555570.13369821  733381.90260213
 183668.56974432 -555571.34337473  733381.88709526
 183665.35006043 -555572.5311902   733381.87186695
 183662.1300211  -555573.71913676  733381.8566353 
 183658.44161348 -555575.07987528  733381.83918609
 183654.8117517  -555576.41901478  733381.82201175
 183651.1803989  -555577.75870447  733381.80482823
 183647.55202825 -555579.0972943   733381.78765669
 183643.98071393 -555580.41483455  733381.77075313
 183640.40790627 -555581.73292584  733381.75384046
 183636.83659121 -555583.05046631  733381.73693282
 183633.26527541 -555584.36800737  733381.72002312
 183629.75250624 -555585.66394915  733381.70338864
 183626.24122737 -555586.95934115  733381.68675925
 183622.7269672  -555588.25583315  733381.67011376
 183619.2153329  -555589.55135629  733381.65347874
 183615.75997559 -555590.82611774  733381.63710837
 183612.30780968 -555592.09970186  733381.62075121
 183608.85152759 -555593.37480433  733381.60437266
 183605.45847767 -555594.62657941  733381.58829185
 183602.06223252 -555595.87953301  733381.57219409
 183598.6659874  -555597.13248675  733381.55609446
 183595.26882057 -555598.3857806   733381.53998862
 183591.93431654 -555599.61595662  733381.52417807
 183588.59455923 -555600.8480709   733381.50834082
 183585.25891886 -555602.07866624  733381.49252131
 183581.92178824 -555603.30981163  733381.47669294
 183578.642848   -555604.51948892  733381.46113886
 183574.8959673  -555605.90180062  733381.44336292
 183571.20635222 -555607.26298571  733381.42585646
 183567.52057096 -555608.62275652  733381.40836602
 183563.82953719 -555609.98446502  733381.39084847
 183560.14113008 -555611.34520462  733381.37334121
 183556.51389394 -555612.6833766   733381.3561222 
 183552.88261324 -555614.02304131  733381.33888183
 183549.25154565 -555615.36262715  733381.32164038
 183545.6802303  -555616.68016893  733381.30468061
 183542.11154009 -555617.99674238  733381.28773126
 183538.53873525 -555619.31483379  733381.27076032
 183534.96891101 -555620.63182562  733381.2538015 
 183531.45465129 -555621.92831847  733381.23710465
 183527.94337293 -555623.22371159  733381.22041998
 183524.42911401 -555624.52020427  733381.20371918
 183520.91634539 -555625.81614718  733381.18702348
 183517.46276045 -555627.09025586  733381.17060715
 183514.0079699  -555628.36480934  733381.15418319
 183510.55367562 -555629.63917982  733381.13775966
 183507.15949058 -555630.89137466  733381.12162006
 183503.76296279 -555632.14443381  733381.10546748
 183500.36671814 -555633.39738854  733381.0893144 
 183496.97246159 -555634.64960986  733381.07316893
 183493.63242082 -555635.88182955  733381.05727956
 183489.82834117 -555637.28524446  733381.03918044
 183486.07996913 -555638.66810756  733381.02134411
 183482.33535706 -555640.04958338  733381.00352344
 183478.58897315 -555641.43171322  733380.98569207
 183474.84059962 -555642.81457684  733380.96784899
 183471.15212145 -555644.17534386  733380.95028882
 183467.46229533 -555645.53660795  733380.93272008
 183463.77388875 -555646.8973486   733380.9151559 
 183460.08782341 -555648.2572255   733380.8976007 
 183456.4556207  -555649.59723125  733380.88029989
 183452.8272503  -555650.9358234   733380.86301521
 183449.19738885 -555652.27496545  733380.84572134
 183445.62600323 -555653.59253438  733380.82870401
 183442.05326892 -555654.91060106  733380.81167821
 183438.48337518 -555656.22761986  733380.79466389
 183434.91269899 -555657.5449273   733380.77764381
 183431.39787196 -555658.84163059  733380.76088795
 183427.88510384 -555660.13757456  733380.74413992
 183424.37233494 -555661.4335187   733380.72738991
 183420.85956761 -555662.72946239  733380.71063794
 183417.40534457 -555664.0038076   733380.69416323
 183413.95112235 -555665.27815291  733380.6776866 
 183410.4969009  -555666.5524977   733380.66120808
 183407.10122449 -555667.80524365  733380.645007  
 183403.70668375 -555669.05757104  733380.62880946
 183400.30987258 -555670.31073603  733380.61259926
 183396.91419702 -555671.56348204  733380.59639263
 183393.57855679 -555672.7940794   733380.58047075
 183390.24135632 -555674.02525279  733380.56453961
 183386.90216855 -555675.2571591   733380.54859722
 183383.56830336 -555676.48710211  733380.53267844
 183380.28822924 -555677.69720007  733380.51701479
 183377.00992932 -555678.90664355  733380.50135788
 183373.73255113 -555680.1157471   733380.48570366
 183370.50953492 -555681.30479531  733380.4703074 
 183367.29098725 -555682.49219475  733380.45493085
 183364.06981451 -555683.6805631   733380.43954007
 183360.8509122  -555684.86809362  733380.4241585 
 183357.69091193 -555686.03389364  733380.40905679
 183354.52942063 -555687.20024395  733380.39394633
 183351.36792934 -555688.36659408  733380.3788343 
 183348.20494704 -555689.53349472  733380.3637135 
 183345.10086677 -555690.67866475  733380.34887275
 183341.99792214 -555691.82341601  733380.33403588
 183338.89497827 -555692.96816685  733380.31919748
 183335.85171353 -555694.09090074  733380.30464296
 183332.80731473 -555695.21405275  733380.29008156
 183329.76412237 -555696.33676019  733380.27552441
 183326.71851722 -555697.46035758  733380.26095425
 183323.73415536 -555698.56136101  733380.24667562
 183320.27844328 -555699.83625656  733380.23014008
 183316.82244658 -555701.11125751  733380.21360125
 183313.36850876 -555702.38549894  733380.19707034
 183309.97432468 -555703.63769576  733380.18082357
 183306.57864801 -555704.89044307  733380.16456783
 183303.18446398 -555706.14263995  733380.14831736
 183299.78729708 -555707.39593736  733380.13205078
 183296.44874908 -555708.62760859  733380.11606309
 183293.11303938 -555709.85823321  733380.10008718
 183289.77654951 -555711.08914541  733380.08410577
 183286.43878019 -555712.32052971  733380.06811644
 183283.16019837 -555713.53007829  733380.05240892
 183279.88012473 -555714.74017722  733380.03669253
 183276.60161141 -555715.94970071  733380.02098187
 183273.38448369 -555717.13657744  733380.00556373
 183270.16146641 -555718.3256272   733379.99011568
 183266.94143047 -555719.51357691  733379.97468027
 183263.72082521 -555720.70173686  733379.95924045
 183260.55997291 -555721.86785222  733379.94408551
 183257.39848208 -555723.03420354  733379.92892588
 183254.23692125 -555724.20058077  733379.91376431
 183251.07550044 -555725.36690607  733379.89860182
 183247.97461352 -555726.51089901  733379.88372811
 183244.87046372 -555727.65609592  733379.8688372 
 183241.76929292 -555728.80019353  733379.85395905
 183238.72226869 -555729.92431562  733379.83933915
 183235.20914684 -555731.22039218  733379.82248105
 183231.69666283 -555732.51623362  733379.80562403
 183228.18510286 -555733.81173419  733379.78876947
 183224.67112939 -555735.10812527  733379.77190134
 183221.21633879 -555736.38268243  733379.75531538
 183217.76275689 -555737.65679355  733379.73873332
 183214.30846409 -555738.93116706  733379.72214593
 183210.91399584 -555740.1834698   733379.70584396
 183207.51924448 -555741.43587715  733379.68953878
 183204.12413613 -555742.68841609  733379.67323004
 183200.72725517 -555743.94160928  733379.65691092
 183197.391332   -555745.17231326  733379.64088289
 183194.05420405 -555746.40346233  733379.62484724
 183190.71437863 -555747.63560607  733379.60879689
 183187.37994659 -555748.8657603   733379.59277066
 183184.10136293 -555750.0753108   733379.57701111
 183180.8201557  -555751.28582909  733379.56123723
 183177.54157208 -555752.49537965  733379.54547424
 183174.32267219 -555753.68291143  733379.52999652
 183171.10263515 -555754.87086255  733379.5145117 
 183167.88203035 -555756.0590234   733379.49902246
 183164.66256193 -555757.24676492  733379.48353704
 183161.49993669 -555758.41353569  733379.4683234 
 183158.3395819  -555759.57946893  733379.45311909
 183155.1795818  -555760.74527107  733379.4379149 
 183151.60621043 -555762.06357651  733379.42071985
 183148.03695601 -555763.38036291  733379.40354258
 183144.4626614  -555764.69900889  733379.386339  
 183140.89283999 -555766.01600471  733379.3691549 
 183137.3815621  -555767.31140235  733379.35225064
 183133.8673044  -555768.60789933  733379.33533005
 183130.35510635 -555769.90363642  733379.31841741
 183126.84326148 -555771.19924343  733379.30150448
 183123.38847366 -555772.47380063  733379.28486442
 183119.9333312  -555773.7484888   733379.26822073
 183116.47733551 -555775.02349178  733379.25157101
 183113.08194525 -555776.27613583  733379.23521142
 183109.6877614  -555777.5283349   733379.21885579
 183106.29059622 -555778.78163377  733379.20248396
 183102.89641164 -555780.03383327  733379.18612463
 183099.55779151 -555781.26553339  733379.17003133
 183096.2206648  -555782.49668305  733379.15394341
 183092.8835373  -555783.72783269  733379.13785373
 183089.54938888 -555784.95788353  733379.12177663
 183086.26931695 -555786.16798418  733379.10595853
 183082.98924424 -555787.37808501  733379.09013873
 183079.71307384 -555788.58674618  733379.07433603
 183076.49062528 -555789.77558838  733379.05879075
 183073.27058947 -555790.96354017  733379.04325548
 183069.58218502 -555792.32428509  733379.02545848
 183065.95232483 -555793.66343158  733379.00794184
 183062.32516363 -555795.00158223  733378.99043613
 183058.69530581 -555796.34072827  733378.97291526
 183055.12250118 -555797.65882539  733378.95566776
 183051.54998357 -555798.9768171   733378.93841957
 183047.9801603  -555800.29381443  733378.92118237
 183044.40678951 -555801.6121211   733378.90392597
 183040.89459192 -555802.90785912  733378.88696301
 183037.38452245 -555804.20281219  733378.87000835
 183033.86905967 -555805.49975506  733378.85302566
 183030.35629281 -555806.79570338  733378.83605402
 183026.90327967 -555808.06960705  733378.81936915
 183023.44905939 -555809.34395592  733378.80267655
 183019.99363122 -555810.61875074  733378.78597617
 183016.59795831 -555811.8715002   733378.76956276
 183013.20498054 -555813.12325526  733378.75316053
 183009.80930691 -555814.37600524  733378.7367434 
 183006.4109374  -555815.62974984  733378.72031139
 183003.07650393 -555816.85990673  733378.70418674
 182999.73788737 -555818.09160674  733378.68804009
 182996.40075885 -555819.32275823  733378.67189882
 182993.06185765 -555820.55456325  733378.65574723
 182989.7850491  -555821.76346101  733378.63989425
 182986.03689217 -555823.14625138  733378.6217588 
 182982.34969455 -555824.50655203  733378.60391613
 182978.6612898  -555825.86729819  733378.58606543
 182974.9716787  -555827.2284895   733378.56820671
 182971.28448194 -555828.58879034  733378.55035747
 182967.65611331 -555829.92738761  733378.53279093
 182964.02327464 -555831.26763421  733378.51520062
 182960.39575855 -555832.60591731  733378.49763397
 182956.82359458 -555833.9237797   733378.4803333 
 182953.2507928  -555835.24187727  733378.46302751
 182949.68097006 -555836.55887573  733378.44573412
 182946.10965784 -555837.87642392  733378.42843146
 182942.59689297 -555839.17237265  733378.41141045
 182939.08412655 -555840.46832161  733378.39438749
 182935.57136095 -555841.76427066  733378.37736253
 182932.05710507 -555843.06076958  733378.36032837
 182928.6028845  -555844.33511964  733378.34358331
 182925.14866474 -555845.60946982  733378.32683631
 182921.69593603 -555846.88326975  733378.31009465
 182918.29877257 -555848.13657047  733378.29362053
 182914.90309864 -555849.38932154  733378.2771518 
 182911.50891577 -555850.64152259  733378.26068846
 182908.11324187 -555851.89427384  733378.24421604
 182904.77611452 -555853.12542557  733378.22802584
 182900.97061787 -555854.52937101  733378.20956113
 182897.22217827 -555855.91226651  733378.19137102
 182893.4752282  -555857.2946127   733378.17318588
 182889.72976845 -555858.67640909  733378.15500573
 182885.98281843 -555860.05875535  733378.13681609
 182882.2944142  -555861.41950245  733378.11890848
 182878.60750106 -555862.77969962  733378.10100592
 182874.9176066  -555864.14099672  733378.08308671
 182871.22920321 -555865.5017438   733378.06517256
 182867.59906094 -555866.84099685  733378.04753925
 182863.97069367 -555868.17959528  733378.02991244
 182860.33962973 -555869.51918839  733378.01227044
 182856.76682767 -555870.83728711  733377.99490946
 182853.19672309 -555872.1543909   733377.97755953
 182849.62541139 -555873.47194031  733377.96020168
 182846.05409891 -555874.7894898   733377.94284179
 182842.54218547 -555876.08512519  733377.92576868
 182839.02857021 -555877.38138906  733377.90868526
 182835.51580279 -555878.67733978  733377.89160403
 182832.00452878 -555879.97273984  733377.87452806
 182828.54881998 -555881.24764036  733377.8577204 
 182825.09339356 -555882.52243681  733377.84091219
 182821.63860728 -555883.79699697  733377.8241052 
 182818.24619907 -555885.04854454  733377.80759979
 182814.85052564 -555886.30129671  733377.79107666
 182811.45158774 -555887.55525316  733377.77453579
 182808.05768928 -555888.80735033  733377.75801762
 182804.72056244 -555890.03850325  733377.74177394
 182801.38492511 -555891.26910641  733377.72553575
 182798.04630803 -555892.50080931  733377.70928124
 182794.70918125 -555893.73196233  733377.6930322 
 182791.43180737 -555894.94107068  733377.67707241
 182788.15052975 -555896.15161989  733377.66109183
 182784.87343905 -555897.36062396  733377.64512996
 182781.65163044 -555898.54923303  733377.62943568
 182778.43336945 -555899.73653355  733377.61375701
 182775.21333584 -555900.92448803  733377.59806804
 182771.99330148 -555902.11244287  733377.58237741
 182768.83330317 -555903.27824871  733377.56697772
 182765.67032354 -555904.44515445  733377.5515619 
 182762.50883577 -555905.61151013  733377.53615173
 182759.34585695 -555906.77841579  733377.5207327 
 182756.2444029  -555907.92262291  733377.50561207
 182753.14146249 -555909.06737916  733377.4904826 
 182750.03936993 -555910.21182225  733377.47535576
 182746.99561387 -555911.3347436   733377.46051187
 182743.94972666 -555912.45845127  733377.44565611
 182740.90653768 -555913.58116363  733377.43081201
 182737.86093441 -555914.70476664  733377.41595466
 182734.87508404 -555915.80632497  733377.40138738
 182731.41937495 -555917.08122673  733377.38452597
 182727.96721428 -555918.35481968  733377.36767994
 182724.51299629 -555919.62917144  733377.35082199
 182721.11526523 -555920.88268356  733377.33423786
 182717.72108334 -555922.13488675  733377.31766917
 182714.32541117 -555923.38763947  733377.3010914 
 182710.92824875 -555924.64094225  733377.28450447
 182707.59381826 -555925.87110134  733377.26822207
 182704.25662111 -555927.10228114  733377.25192437
 182700.91949403 -555928.33343542  733377.23562521
 182697.58179992 -555929.56479889  733377.2193215 
 182694.30116205 -555930.77511262  733377.20329478
 182691.02229764 -555931.98477232  733377.18727498
 182687.74634225 -555933.19335877  733377.17126767
 182684.52666375 -555934.3811834   733377.15553367
 182681.30513951 -555935.56968861  733377.13978902
 182678.08389921 -555936.75808936  733377.12404407
 182674.86648965 -555937.9450769   733377.10831618
 182671.70237639 -555939.11240193  733377.09284722
 182668.54088827 -555940.27875852  733377.0773895 
 182665.38202682 -555941.44414617  733377.06194301
 182662.21912001 -555942.61102637  733377.04647513
 182659.1176672  -555943.75523433  733377.03130625
 182656.0140871  -555944.90022747  733377.01612541
 182652.91171338 -555946.04477542  733377.00094893
 182649.86589738 -555947.1684578   733376.98604762
 182646.35313325 -555948.46440974  733376.96885998
 182642.84036994 -555949.76036157  733376.95167037
 182639.32902458 -555951.05579012  733376.93448572
 182635.81625897 -555952.35174277  733376.91729215
 182632.35884778 -555953.62727367  733376.90036759
 182628.90640368 -555954.90097202  733376.88346544
 182625.45360495 -555956.17480164  733376.86655961
 182622.05473955 -555957.42873362  733376.84991601
 182618.66084127 -555958.68083302  733376.8332949 
 182615.26517037 -555959.93358648  733376.81666326
 182611.87091744 -555961.18581699  733376.8000367 
 182608.5323713  -555962.41749577  733376.78368123
 182605.19673571 -555963.64810061  733376.76733824
 182601.85812112 -555964.87980475  733376.75097886
 182598.52156232 -555966.11075054  733376.73462777
 182595.24092419 -555967.32106556  733376.71854899
 182591.9653247  -555968.52952178  733376.70249319
 182588.68497049 -555969.73973228  733376.68641235
 182585.46522013 -555970.92758434  733376.67062694
 182582.24341248 -555972.1161954   733376.65482978
 182579.02366369 -555973.30404692  733376.63904105
 182575.80511976 -555974.49145406  733376.62325656
 182572.64448303 -555975.65749768  733376.60775446
 182569.48214368 -555976.82416949  733376.59224239
 182566.3206568  -555977.99052678  733376.57673292
 182562.74991363 -555979.30786983  733376.5592138 
 182559.17803718 -555980.62563098  733376.54168708
 182555.60729558 -555981.94297361  733376.52416388
 182552.03541685 -555983.26073557  733376.50663308
 182548.52116296 -555984.55723834  733376.4893831 
 182545.00839859 -555985.85319156  733376.47213845
 182541.49712529 -555987.14859477  733376.45489915
 182537.98287222 -555988.44509739  733376.43764324
 182534.52865367 -555989.71945167  733376.42068018
 182531.07443588 -555990.99380553  733376.40371524
 182527.61957957 -555992.26839546  733376.38674521
 182524.22426302 -555993.52101916  733376.37006581
 182520.83036447 -555994.7731199   733376.35339152
 182517.43469482 -555996.02587409  733376.33670668
 182514.03753184 -555997.27917933  733376.32001265
 182510.70012177 -555998.51044008  733376.30361046
 182507.36271403 -555999.74170001  733376.28720649
 182504.02736208 -556000.9722016   733376.27081085
 182500.69165546 -556002.20283393  733376.25441169
 182497.41307665 -556003.41239055  733376.23829163
 182494.13130415 -556004.62312521  733376.22215416
 182490.85329164 -556005.83247299  733376.20603344
 182487.63439499 -556007.02001117  733376.19020178
 182484.41436121 -556008.20796888  733376.17436287
 182480.72744946 -556009.56817072  733376.1562254 
 182477.09645835 -556010.90774179  733376.13836091
 182473.46773846 -556012.24647499  733376.12050549
 182469.83461852 -556013.58683158  733376.1026263 
 182466.26657407 -556014.90318031  733376.08506529
 182462.69498049 -556016.22083826  733376.06748478
 182459.12395394 -556017.538287    733376.04990502
 182455.55264506 -556018.85583998  733376.03232183
 182452.0366175  -556020.15299846  733376.0150088 
 182448.52569938 -556021.44827181  733375.99771897
 182445.01144526 -556022.74477599  733375.98041073
 182441.50159197 -556024.03965641  733375.9631222 
 182438.04737468 -556025.31401142  733375.94610578
 182434.59166788 -556026.58891594  733375.92908012
 182431.13574722 -556027.8638993   733375.9120515 
 182427.74327094 -556029.11547653  733375.89533361
 182424.34759791 -556030.36823299  733375.87859815
 182420.95192722 -556031.62098885  733375.86186083
 182417.55483549 -556032.87426873  733375.84511468
 182414.21856226 -556034.10511117  733375.82866653
 182410.88051565 -556035.33660801  733375.81220784
 182407.54338999 -556036.56776507  733375.79575192
 182404.20718914 -556037.79858099  733375.77929877
 182400.92832613 -556039.00824348  733375.76312666
 182397.1793207  -556040.39135413  733375.74463361
 182393.49233863 -556041.75158293  733375.72644429
 182389.80514425 -556043.1118902   733375.70825175
 182386.11674272 -556044.47264277  733375.69005107
 182382.42571613 -556045.83436406  733375.67183525
 182378.79791923 -556047.17275806  733375.65392936
 182375.16863051 -556048.51170221  733375.63601402
 182371.53849245 -556049.85096006  733375.61809236
 182367.96448737 -556051.16950889  733375.60044576
 182364.39353288 -556052.48693226  733375.58281219
 182360.82222375 -556053.80448669  733375.5651748 
 182357.25297271 -556055.12128172  733375.54754555
 182353.73751344 -556056.41823161  733375.53017999
 182350.22801532 -556057.71298216  733375.51284192
 182346.71525199 -556059.00893753  733375.49548573
 182343.20192164 -556060.3051021   733375.47812476
 182339.74500817 -556061.58045284  733375.46104065
 182336.29256482 -556062.8541546   733375.44397672
 182332.83983911 -556064.12796062  733375.42690948
 182329.44267783 -556065.38126746  733375.41011503
 182326.04523342 -556066.63467867  733375.39331734
 182322.64991788 -556067.88730438  733375.37652834
 182319.25453082 -556069.1399566   733375.35973714
 182315.92003074 -556070.37014618  733375.34324523
 182312.11333256 -556071.77454272  733375.32441573
 182308.36468231 -556073.15752364  733375.3058711 
 182304.61915499 -556074.53935249  733375.28733968
 182300.87369927 -556075.92115522  733375.26880635
 182297.12526143 -556077.30405782  733375.25025603
 182293.43835145 -556078.66426123  733375.23200801
 182289.74938344 -556080.02522421  733375.21374759
 182286.06155104 -556081.38576822  733375.19549063
 182282.3701695  -556082.74762144  733375.17721393
 182278.7400304  -556084.08688078  733375.15923832
 182275.11344121 -556085.42483041  733375.14127819
 182271.48032158 -556086.76518957  733375.12328359
 182267.90936838 -556088.08261369  733375.10559484
 182264.33947847 -556089.39964557  733375.08790933
 182260.7681706  -556090.71720048  733375.07021475
 182257.19686278 -556092.03475563  733375.05251811
 182253.68409917 -556093.33071222  733375.03510959
 182250.1722596  -556094.62632803  733375.01770366
 182246.66006535 -556095.92207469  733375.00029401
 182243.14581304 -556097.21858049  733374.98287219
 182239.69159754 -556098.49293737  733374.96574604
 182236.23738126 -556099.76729422  733374.94861802
 182232.78408748 -556101.04131089  733374.93149265
 182229.38813309 -556102.2941736   733374.91464975
 182225.99182402 -556103.54716716  733374.89780326
 182222.59615354 -556104.79992514  733374.88095809
 182219.20048464 -556106.05268276  733374.86411107
 182215.8633607  -556107.28384134  733374.84755273
 182212.52623599 -556108.51500009  733374.83099261
 182209.18911287 -556109.74615881  733374.81443067
 182205.85262602 -556110.97708236  733374.79787015
 182202.57404861 -556112.18664161  733374.78159531
 182199.29334237 -556113.39698632  733374.76530819
 182196.01447957 -556114.60665082  733374.7490285 
 182192.79622292 -556115.79395637  733374.73304802
 182189.57682914 -556116.98168146  733374.71706025
 182186.35466868 -556118.17042708  733374.70105708
 182183.13733301 -556119.3573928   733374.68507621
 182179.97464234 -556120.52419854  733374.66936516
 182176.8143629  -556121.69011477  733374.65366447
 182173.65081746 -556122.85723578  733374.63794598
 182170.49139207 -556124.02283691  733374.62224634
 182167.38639316 -556125.1683587   733374.6068156 
 182164.28281531 -556126.31335621  733374.59139038
 182161.17930671 -556127.45832814  733374.57596397
 182158.13817764 -556128.58028641  733374.56084613
 182155.09051968 -556129.70465371  733374.54569434
 182152.04790112 -556130.82716161  733374.53056612
 182149.00230126 -556131.95076965  733374.51542159
 182146.01886627 -556133.05144321  733374.50058474
 182142.5649344  -556134.32569652  733374.4834063 
 182139.11071861 -556135.60005435  733374.46622454
 182135.65650288 -556136.87441252  733374.44904086
 182132.26026657 -556138.1273801   733374.43214377
 182128.86488049 -556139.38003442  733374.41524904
 182125.46892738 -556140.63289792  733374.39834964
 182122.07382522 -556141.88544749  733374.38145263
 182118.73670021 -556143.11660752  733374.36484238
 182115.3995783  -556144.34776648  733374.34823036
 182112.0624541  -556145.57892643  733374.33161654
 182108.72476367 -556146.81029542  733374.31499811
 182105.44675299 -556148.01964659  733374.29867511
 182102.16789221 -556149.22931171  733374.28234613
 182098.88959847 -556150.43876759  733374.26601826
 182095.66956731 -556151.62672863  733374.24997892
 182092.44804588 -556152.81523962  733374.23393047
 182089.228014   -556154.00320127  733374.21788778
 182086.0094724  -556155.19061292  733374.20185087
 182082.84798703 -556156.35697505  733374.18609662
 182079.68501214 -556157.52388667  733374.17033336
 182076.52501708 -556158.68969903  733374.15458335
 182073.36204068 -556159.8566111   733374.13881689
 182070.26059212 -556161.00082414  733374.12335555
 182067.15765407 -556162.14558666  733374.10788525
 182064.05322423 -556163.29089974  733374.09240595
 182061.00883112 -556164.41406312  733374.07722455
 182057.49606774 -556165.71002198  733374.05970566
 182053.98330904 -556167.00597938  733374.04218481
 182050.47054724 -556168.3019377   733374.02466199
 182046.95778546 -556169.59789606  733374.00713719
 182043.50477735 -556170.87180981  733373.98990855
 182040.0493557  -556172.14661376  733373.97266599
 182036.59634682 -556173.42052761  733373.95543355
 182033.19947093 -556174.67373259  733373.93847937
 182029.80500782 -556175.92604759  733373.92153538
 182026.40635856 -556177.1799069   733373.90456866
 182023.01189469 -556178.43222199  733373.88762099
 182019.67505715 -556179.6632772   733373.87095923
 182016.33672705 -556180.8948832   733373.85428823
 182013.00258467 -556182.12494401  733373.83763637
 182009.66453926 -556183.35644514  733373.82096322
 182006.38390399 -556184.56676594  733373.80457509
 182003.10532757 -556185.77632711  733373.78819553
 181999.82880847 -556186.98512921  733373.77182454
 181996.60941639 -556188.17285588  733373.75573728
 181993.38668906 -556189.36181281  733373.73963172
 181990.16935432 -556190.54878046  733373.72355143
 181986.94726482 -556191.73750209  733373.70744573
 181983.78457507 -556192.90430976  733373.6916353 
 181980.6230894  -556194.07067297  733373.67582931
 181977.46217233 -556195.23682678  733373.66002454
 181973.89356264 -556196.55338965  733373.64217941
 181970.32225633 -556197.87094781  733373.62431872
 181966.75094853 -556199.18850671  733373.60645597
 181963.17935834 -556200.50616944  733373.58858979
 181959.6668817  -556201.80202375  733373.57101731
 181956.1541204  -556203.09798315  733373.55344142
 181952.63986961 -556204.39449206  733373.53585611
 181949.12859862 -556205.68990149  733373.51828375
 181945.67289357 -556206.96481152  733373.50098751
 181942.2201691  -556208.23862163  733373.48370431
 181938.76446485 -556209.51353116  733373.46640428
 181935.37028687 -556210.76574193  733373.44941039
 181931.97312758 -556212.01905252  733373.43239974
 181928.57568443 -556213.27246814  733373.4153858 
 181925.18178963 -556214.52457457  733373.39838779
 181921.84466793 -556215.75573587  733373.38167233
 181918.50903649 -556216.98634719  733373.36496256
 181915.17127469 -556218.21774469  733373.34824032
 181911.83330055 -556219.44922044  733373.33151524
 181908.55472304 -556220.658783    733373.31508605
 181905.27614635 -556221.86834556  733373.29865511
 181901.99608091 -556223.07845726  733373.282215  
 181898.77874582 -556224.26542591  733373.26608764
 181895.55899954 -556225.45328434  733373.24994651
 181891.86762015 -556226.8151418   733373.23143898
 181888.23925886 -556228.15375017  733373.21324528
 181884.60940578 -556229.49290899  733373.19504198
 181880.97955426 -556230.83206726  733373.17683659
 181877.40824691 -556232.14962699  733373.15892275
 181873.83750968 -556233.4669762   733373.14100975
 181870.26563457 -556234.78474552  733373.12308898
 181866.69581987 -556236.10175469  733373.1051765 
 181863.18007772 -556237.39881483  733373.08753337
 181859.668808   -556238.69422526  733373.06991069
 181856.15753902 -556239.98963506  733373.05228606
 181852.6417977  -556241.28669506  733373.03463699
 181849.18758264 -556242.56105618  733373.01729487
 181845.73485867 -556243.83486747  733372.99995831
 181842.28064519 -556245.10922817  733372.98261236
 181838.88348638 -556246.36253977  733372.96555106
 181835.48987595 -556247.61454239  733372.94850573
 181832.09484757 -556248.86706814  733372.93145144
 181828.69648165 -556250.12082512  733372.91437855
 181825.36170239 -556251.35112324  733372.8976233 
 181822.02167063 -556252.58335942  733372.88083985
 181818.68781233 -556253.81331757  733372.86408569
 181815.34948402 -556255.0449254   733372.84730724
 181812.07183101 -556256.25414808  733372.83083201
 181808.32190638 -556257.63760573  733372.81198081
 181804.63641705 -556258.9972913   733372.79345132
 181800.94773639 -556260.35815451  733372.7749036 
 181797.25997667 -556261.71867783  733372.75635835
 181793.57094058 -556263.07967218  733372.73780449
 181789.941088   -556264.41883191  733372.71954618
 181786.31066919 -556265.75820068  733372.70128289
 181782.67875934 -556267.09811957  733372.68301   
 181779.1092267  -556268.4150257   733372.66504888
 181775.5394117  -556269.73203598  733372.64708431
 181771.96746709 -556271.04983197  733372.62910698
 181768.39353521 -556272.36836122  733372.61111759
 181764.88403939 -556273.66311824  733372.59345055
 181761.37128065 -556274.95907916  733372.5757651 
 181757.85852117 -556276.25504035  733372.55807768
 181754.34426986 -556277.55155168  733372.54038079
 181750.89005686 -556278.8259134   733372.52298428
 181747.4358431  -556280.10027531  733372.50558588
 181743.98312119 -556281.37408691  733372.48819307
 181740.5859621  -556282.62739987  733372.47107829
 181737.19178513 -556283.8796126   733372.45397669
 181733.79313732 -556285.13347462  733372.43685074
 181730.39895885 -556286.38568803  733372.41974544
 181727.0633284  -556287.61630153  733372.40293339
 181723.25634732 -556289.02080997  733372.38374351
 181719.50940378 -556290.40316916  733372.36485398
 181715.76246022 -556291.78552798  733372.34596224
 181712.01700775 -556293.16733696  733372.32707574
 181708.26857399 -556294.55024599  733372.30817196
 181704.58074479 -556295.91079627  733372.28957161
 181700.89327027 -556297.27121569  733372.27097088
 181697.20487175 -556298.63197596  733372.25236332
 181693.51498452 -556299.9932857   733372.23374604
 181689.88513248 -556301.3324465   733372.21542957
 181686.25528124 -556302.67160707  733372.19711099
 181682.62628249 -556304.01045325  733372.1787946 
 181679.05497696 -556305.3280147   733372.16076734
 181675.48367145 -556306.64557619  733372.14273804
 181671.91300454 -556307.962902    733372.12470992
 181668.34020879 -556309.28101339  733372.10666901
 181664.82801759 -556310.57676604  733372.08893213
 181661.31554329 -556311.87262327  733372.07119183
 181657.80313822 -556313.16845462  733372.05344993
 181654.28974069 -556314.46465239  733372.03570103
 181650.83346935 -556315.73977447  733372.0182388 
 181647.37925613 -556317.01413781  733372.00078502
 181640.52937613 -556319.54126406  733371.96616771
 181637.1357667  -556320.79326864  733371.94901459
 181633.7403839  -556322.04592763  733371.93185066
 181630.34358003 -556323.29911055  733371.91467772
 181627.00610511 -556324.53040565  733371.8978029 
 181623.67019126 -556325.76112476  733371.8809342 
 181620.33370807 -556326.99205369  733371.86406085
 181616.99389044 -556328.22421317  733371.84716884
 181613.71801183 -556329.43278347  733371.83059849
 181610.43794628 -556330.64289858  733371.81400523
 181607.15937103 -556331.8524639   733371.79741779
 181603.94076174 -556333.03990596  733371.78113207
 181600.71782396 -556334.22894515  733371.76482277
 181597.50070419 -556335.41583759  733371.74854128
 181594.28074623 -556336.60377734  733371.73224375
 181591.11805679 -556337.77058914  733371.71623447
 181587.95778012 -556338.93651072  733371.70023579
 181584.79480604 -556340.10342753  733371.68422186
 181581.63445862 -556341.26937528  733371.66821964
 181578.53095504 -556342.41435186  733371.65250366
 181575.42744915 -556343.5593291   733371.63678615
 181572.32479572 -556344.70399172  733371.62107142
 181569.28012253 -556345.82726421  733371.60564883
 181566.2357309  -556346.95043224  733371.59022622
 181563.19283114 -556348.07305041  733371.57480965
 181560.14694926 -556349.19676854  733371.5593765 
 181557.16252286 -556350.29781393  733371.54425331
 181553.70689138 -556351.57270135  733371.52674054
 181550.25416893 -556352.84651552  733371.50924062
 181546.79669175 -556354.12208379  733371.49171469
 181543.40421839 -556355.37367029  733371.4745164 
 181540.00770121 -556356.62674877  733371.45729575
 181536.61295592 -556357.87917349  733371.44008225
 181533.21579941 -556359.1324878   733371.42285469
 181529.88016994 -556360.36310312  733371.40593732
 181526.5400681  -556361.59536854  733371.38899548
 181523.20500644 -556362.8257742   733371.37207745
 181519.86880844 -556364.05659937  733371.35515185
 181516.58874335 -556365.26671528  733371.33850931
 181513.31165885 -556366.47573177  733371.32188016
 181510.03216158 -556367.68563823  733371.30523705
 181506.81305496 -556368.87326473  733371.28889876
 181503.59004533 -556370.06233145  733371.27253897
 181497.14998953 -556372.43826484  733371.23984469
 181493.99113281 -556373.60366358  733371.22380567
 181490.83000489 -556374.76990016  733371.20775353
 181487.66816765 -556375.93639881  733371.19169617
 181484.50555027 -556377.10318513  733371.17563325
 181481.40374899 -556378.24753457  733371.15987766
 181478.30116603 -556379.39217238  733371.14411657
 181475.19787603 -556380.5370711   733371.12835033
 181472.15348484 -556381.66024018  733371.11288185
 181468.64015907 -556382.95641375  733371.09502886
 181465.12477601 -556384.25334644  733371.07716342
 181461.61407537 -556385.54855149  733371.05931983
 181458.09982719 -556386.84506558  733371.04145621
 181454.64561416 -556388.11943058  733371.02389587
 181451.1940286  -556389.39282671  733371.00634694
 181447.73868079 -556390.66761054  733370.98877699
 181444.34386673 -556391.9200618   733370.97151298
 181440.94699384 -556393.17327278  733370.95423664
 181437.55225061 -556394.42569799  733370.93696929
 181434.15715191 -556395.6782542   733370.91969831
 181430.81974797 -556396.90952526  733370.90271901
 181427.48291262 -556398.1405866   733370.88574081
 181424.14579106 -556399.3717533   733370.8687594 
 181420.80867108 -556400.60291975  733370.85177619
 181417.53009754 -556401.81248674  733370.83508919
 181414.25152325 -556403.022054    733370.81840046
 181410.97152944 -556404.23214471  733370.80170281
 181407.7529211  -556405.41958872  733370.78531597
 181404.53175766 -556406.60797528  733370.76891447
 181401.31201453 -556407.79583801  733370.75251852
 181398.09134659 -556408.98404184  733370.73611623
 181394.93135553 -556410.14986036  733370.7200213 
 181391.76987416 -556411.31622832  733370.70391723
 181388.60810739 -556412.48270191  733370.68781008
 181385.03566785 -556413.80068556  733370.66960888
 181381.46578263 -556415.11772655  733370.65141867
 181377.89306077 -556416.43581425  733370.63321196
 181374.32317561 -556417.75285554  733370.61501766
 181370.80956644 -556419.04913481  733370.59710818
 181367.2976607  -556420.34478571  733370.57920542
 181363.78348378 -556421.64127445  733370.5612891 
 181360.27214586 -556422.93671592  733370.54338528
 181356.81502435 -556424.21215529  733370.52575597
 181353.36372322 -556425.48544781  733370.5081544 
 181349.90809122 -556426.76033747  733370.49052889
 181346.5132769  -556428.01279005  733370.47321169
 181343.11668917 -556429.26589685  733370.4558836 
 181339.72017225 -556430.51897766  733370.43855401
 181336.32542875 -556431.77140424  733370.42123163
 181332.98823763 -556433.00259771  733370.40420114
 181329.6511181  -556434.23376494  733370.38716923
 181326.31371467 -556435.4650368   733370.37013409
 181322.97694987 -556436.69607351  733370.3531004 
 181319.69837603 -556437.90564157  733370.33636205
 181316.42122248 -556439.11468561  733370.31962922
 181313.14208088 -556440.32446325  733370.30288453
 181309.92113102 -556441.5127721   733370.28643531
 181306.70081976 -556442.70084537  733370.2699877 
 181303.01277964 -556444.06147858  733370.25114912
 181299.38378144 -556445.40032953  733370.23261   
 181295.75421546 -556446.73938981  733370.21406589
 181292.12379855 -556448.07876397  733370.19551532
 181288.55043779 -556449.39708838  733370.17725424
 181284.98147635 -556450.71378993  733370.15901358
 181281.41045688 -556452.03125103  733370.14076035
 181277.83915427 -556453.34881643  733370.12250365
 181274.32639732 -556454.64478238  733370.10454425
 181270.81250479 -556455.94116739  733370.08657707
 181267.29939242 -556457.23726468  733370.06861189
 181263.78812505 -556458.53268148  733370.05065416
 181260.3339138  -556459.80704819  733370.03298634
 181256.87792917 -556461.08206932  733370.01530752
 181253.42492515 -556462.35599115  733369.99764201
 181250.02833634 -556463.60909936  733369.98026329
 181246.6341611  -556464.86131721  733369.96289507
 181243.23700607 -556466.11463429  733369.94550976
 181239.84283163 -556467.36685208  733369.92813784
 181236.50571335 -556468.59802007  733369.91105614
 181233.16710325 -556469.82973832  733369.89396504
 181229.83147527 -556471.06035657  733369.8768874 
 181226.4940708  -556472.29163001  733369.85979891
 181223.21549822 -556473.50119875  733369.8430099 
 181219.4682728  -556474.88366826  733369.8238189 
 181215.77782041 -556476.24519256  733369.80491646
 181212.092052   -556477.60498884  733369.78603582
 181208.40280603 -556478.96606819  733369.76713519
 181204.71497801 -556480.32662405  733369.74823967
 181201.08541332 -556481.66568519  733369.72964053
 181197.45407446 -556483.00540089  733369.71103019
 181193.82571692 -556484.34401642  733369.69243303
 181190.25292377 -556485.66213312  733369.67411857
 181186.6802006  -556486.98022346  733369.65580247
 181183.10975019 -556488.29747554  733369.63749597
 181179.5396545  -556489.61459694  733369.61918923
 181176.02625872 -556490.91079987  733369.60117125
 181172.51442401 -556492.2064269   733369.58315931
 181169.00074513 -556493.50273436  733369.56513593
 181165.48798879 -556494.79870174  733369.54711529
 181162.03441738 -556496.07283348  733369.52939637
 181158.5802067  -556497.34720163  733369.51167223
 181155.12599522 -556498.62156966  733369.49394621
 181151.7303302  -556499.87433838  733369.47651875
 181148.33402659 -556501.12734265  733369.45908617
 181144.93836312 -556502.38011074  733369.44165503
 181141.54269814 -556503.63287956  733369.42422203
 181138.20557879 -556504.86404881  733369.40708782
 181134.40009444 -556506.26801311  733369.38754662
 181130.65286953 -556507.65048369  733369.36830232
 181126.90621243 -556509.03274471  733369.34905869
 181123.15898987 -556510.41521453  733369.32980991
 181119.41353919 -556511.79703051  733369.31056799
 181115.72486156 -556513.15790146  733369.29161552
 181112.03675094 -556514.51856309  733369.2726638 
 181104.65996274 -556517.24009551  733369.23475091
 181101.02983079 -556518.57936712  733369.2160907 
 181097.40026665 -556519.91842925  733369.1974313 
 181093.77041785 -556521.25759626  733369.17876834
 181086.62781469 -556523.89273101  733369.14203828
 181083.05651158 -556525.21029893  733369.12367018
 181079.48464226 -556526.52807601  733369.10529711
 181075.97124777 -556527.82427973  733369.08722284
 181072.45941359 -556529.11990767  733369.06915464
 181068.94694162 -556530.41577103  733369.05108118
 181065.43269551 -556531.71228916  733369.03299659
 181061.97997557 -556532.98610816  733369.01522671
 181058.52548226 -556534.26058146  733368.99744579
 181055.07155522 -556535.534846    733368.97966587
 181051.67589225 -556536.78761523  733368.96218401
 181048.27696249 -556538.04158937  733368.9446835 
 181044.88427779 -556539.29325975  733368.92721329
 181041.48889797 -556540.5459243   733368.90972737
 181038.15178068 -556541.77709435  733368.89253967
 181034.81381096 -556543.00857887  733368.87534579
 181031.47605355 -556544.23998477  733368.85815126
 181028.13893632 -556545.47115482  733368.84095822
 181024.8615703  -556546.68028059  733368.82407129
 181021.58179155 -556547.89029642  733368.80717022
 181018.30471026 -556549.0993173   733368.79028131
 181015.08468431 -556550.28728873  733368.77368477
 181011.86380515 -556551.47557487  733368.75708218
 181008.64314064 -556552.66378176  733368.74047903
 181002.26284165 -556555.01768012  733368.70758243
 180999.10015424 -556556.18449743  733368.69127334
 180995.93867477 -556557.35086925  733368.67496885
 180992.77570505 -556558.51779125  733368.65865506
 180989.67489931 -556559.6617785   733368.64266037
 180986.57253253 -556560.80634182  733368.62665608
 180983.46839158 -556561.95155971  733368.61064109
 180980.42520904 -556563.07428825  733368.5949391 
 180974.33522794 -556565.32107949  733368.563512  
 180971.2920454  -556566.4438078   733368.54780558
 180968.30620293 -556567.545382    733368.53239362
 180964.85199321 -556568.81975171  733368.51456236
 180961.39572547 -556570.09488097  733368.49671853
 180957.94300686 -556571.36870087  733368.47889113
 180954.54762596 -556572.621367    733368.46135792
 180951.15196351 -556573.87413721  733368.44382139
 180947.75566168 -556575.12714301  733368.42627974
 180944.36028082 -556576.37980914  733368.40874101
 180941.02231232 -556577.61129422  733368.39149701
 180937.68696818 -556578.84181121  733368.37426479
 180934.34956826 -556580.07308641  733368.35702017
 180931.01095892 -556581.30480795  733368.33976752
 180927.73331105 -556582.51403906  733368.32282815
 180924.4540998  -556583.72384657  733368.305879  
 180921.17673353 -556584.93297358  733368.28893766
 180917.95670884 -556586.12094578  733368.27229103
 180911.51665716 -556588.49689046  733368.23899282
 180908.29663173 -556589.68486279  733368.22234122
 180905.13515195 -556590.8512359   733368.20599075
 180901.97338902 -556592.01771329  733368.18963724
 180898.81219315 -556593.18398156  733368.17328505
 180895.65071263 -556594.35035501  733368.15692978
 180889.44484514 -556596.63990205  733368.12482036
 180886.34042152 -556597.78522538  733368.10875562
 180883.2975241  -556598.90784983  733368.09300776
 180879.78476845 -556600.20382007  733368.07482644
 180876.27172972 -556601.49989502  733368.05664165
 180872.75776775 -556602.79631057  733368.03845011
 180869.2462201  -556604.09183551  733368.02026909
 180865.79023596 -556605.36686108  733368.00237384
 180858.88295325 -556607.91518399  733367.96660185
 180855.48672349 -556609.16816454  733367.94901037
 180852.0910592  -556610.42093639  733367.93141998
 180848.69539724 -556611.67370731  733367.91382777
 180845.30030157 -556612.92626945  733367.89623664
 180841.9631845  -556614.15744166  733367.8789441 
 180838.62698991 -556615.38827336  733367.86165457
 180835.28958819 -556616.61955047  733367.84435701
 180831.95275583 -556617.85061751  733367.82706061
 180828.67269493 -556619.06074007  733367.81005672
 180822.11611995 -556621.47967608  733367.77606222
 180818.89609495 -556622.66764914  733367.75936454
 180812.45547569 -556625.04380576  733367.7259612 
 180809.23545151 -556626.23177866  733367.70925854
 180806.07546248 -556627.39760297  733367.69286564
 180802.91249288 -556628.56452664  733367.67645571
 180799.75193605 -556629.73056021  733367.66005669
 180796.18056372 -556631.04815723  733367.64152416
 180789.03711205 -556633.6836124   733367.60444931
 180785.46581133 -556635.00118317  733367.58591102
 180781.95390792 -556636.29684032  733367.56767908
 180778.44115435 -556637.59281101  733367.54944075
 180774.92811615 -556638.88888699  733367.53119896
 180771.41599891 -556640.18462318  733367.51295997
 180767.96058463 -556641.45943985  733367.49501352
 180764.50758314 -556642.7333665   733367.47707769
 180761.05188422 -556644.00828818  733367.45912595
 180757.65650511 -556645.26095611  733367.44148568
 180754.26055819 -556646.51383327  733367.42384064
 180750.86489599 -556647.76660572  733367.4061952 
 180747.46923301 -556649.01937813  733367.38854795
 180740.79499908 -556651.48172441  733367.35385655
 180737.45816721 -556652.71279256  733367.33650965
 180734.12225704 -556653.94352038  733367.31916578
 180730.84368614 -556655.1530944   733367.30211825
 180727.56390887 -556656.36311326  733367.28506274
 180724.28562185 -556657.57258212  733367.26801329
 180721.06502953 -556658.7607656   733367.2512622 
 180714.15810302 -556661.3089606   733367.21533197
 180710.52825865 -556662.64813104  733367.19644625
 180706.89841122 -556663.9873026   733367.1775584 
 180703.26856611 -556665.32647337  733367.15866846
 180699.69726508 -556666.64404529  733367.14008113
 180696.12561015 -556667.96174781  733367.12148991
 180692.55317587 -556669.27973797  733367.10289259
 180688.98187489 -556670.5973099   733367.08429913
 180685.47061057 -556671.89273252  733367.06601625
 180681.95608259 -556673.18935929  733367.04771439
 180678.44361347 -556674.4852264   733367.02942128
 180674.93085892 -556675.78119885  733367.01112472
 180671.47814106 -556677.05502209  733366.99313891
 180668.02244185 -556678.32994485  733366.9751357 
 180664.56823372 -556679.60431767  733366.95713833
 180661.17406303 -556680.85654104  733366.93945188
 180657.7784005  -556682.10931435  733366.92175586
 180654.38124774 -556683.36263772  733366.9040502 
 180650.98558682 -556684.61541091  733366.88635046
 180647.64846995 -556685.84658516  733366.86895409
 180644.31192167 -556687.07754956  733366.85155891
 180634.359403   -556690.74936742  733366.79966059
 180630.61161391 -556692.13205273  733366.78011327
 180623.23483107 -556694.85359552  733366.74163171
 180619.54757567 -556696.21394779  733366.72239359
 180615.85925548 -556697.5746931   733366.70314772
 180608.59835686 -556700.25348301  733366.66525356
 180604.96908009 -556701.59244531  733366.64630945
 180594.25574952 -556705.54495375  733366.59037564
 180590.68388126 -556706.86273612  733366.57172302
 180587.17176731 -556708.15847334  733366.55338042
 180583.65865779 -556709.45457779  733366.53503067
 180580.14477049 -556710.75096948  733366.51667485
 180576.63229959 -556712.04683848  733366.49832447
 180569.72360042 -556714.59569092  733366.46222523
 180566.26939282 -556715.87006495  733366.44417347
 180562.87515106 -556717.12231545  733366.42643325
 180559.47948828 -556718.37509007  733366.40868376
 180552.68674715 -556720.88116212  733366.37317182
 180549.35112184 -556722.11178723  733366.35573072
 180545.54563857 -556723.51575881  733366.33583068
 180541.79870242 -556724.89813043  733366.31623454
 180534.30482869 -556727.66287461  733366.27703548
 180530.55725325 -556729.04548211  733366.25742925
 180526.86914591 -556730.40615004  733366.23813194
 180523.18103935 -556731.76681764  733366.21883247
 180515.80283745 -556734.48888672  733366.18021656
 180512.17441214 -556735.82753624  733366.16122296
 180508.54456734 -556737.1667093   733366.14221983
 180504.91330306 -556738.50640613  733366.12320715
 180501.34314025 -556739.82356071  733366.10451233
 180497.77070469 -556741.14155354  733366.08580359
 180494.20082658 -556742.45860315  733366.06710617
 180490.62895812 -556743.7763871   733366.04839629
 180487.11684393 -556745.07212561  733366.02999743
 180483.60409118 -556746.36809977  733366.01159324
 180480.08984816 -556747.66462369  733365.99317927
 180476.57794717 -556748.96028392  733365.97477558
 180473.12373849 -556750.23465907  733365.95667232
 180469.66868045 -556751.50934781  733365.93856269
 180466.21532585 -556752.78340849  733365.92046005
 180462.81938045 -556754.03628865  733365.90265651
 180459.42315192 -556755.28927317  733365.88484966
 180456.02834293 -556756.54173422  733365.86704838
 180442.62197562 -556761.48780175  733365.7967317 
 180439.28450512 -556762.71910873  733365.77922213
 180429.4487968  -556766.34783849  733365.72761007
 180426.22820591 -556767.53602464  733365.71070694
 180416.56813602 -556771.09995571  733365.65999648
 180413.40460128 -556772.26709234  733365.64338627
 180410.24312385 -556773.43346992  733365.62678527
 180407.0842723  -556774.59887857  733365.61019647
 180400.81986385 -556776.9100342   733365.57729399
 180391.56904778 -556780.32297814  733365.52869458
 180388.52522939 -556781.44594767  733365.51270078
 180379.45061953 -556784.79388365  733365.46500932
 180375.9958451  -556786.0684688   733365.44684935
 180369.08658023 -556788.61753478  733365.41052516
 180365.69233951 -556789.86978732  733365.39267775
 180362.29667774 -556791.12256381  733365.37482106
 180358.90101753 -556792.37533992  733365.35696251
 180355.50393788 -556793.62864     733365.33909463
 180345.49401286 -556797.32164711  733365.28643396
 180342.15548036 -556798.55334719  733365.26886687
 180338.8783301  -556799.76240117  733365.25162106
 180335.59827087 -556800.97252848  733365.2343582 
 180332.3197735  -556802.18207973  733365.21710184
 180329.10088572 -556803.36963873  733365.20015757
 180319.44110114 -556806.93346761  733365.14929837
 180313.11672773 -556809.26674834  733365.11599214
 180306.7949102  -556811.59908601  733365.08269299
 180300.58904825 -556813.8886437   733365.0499984 
 180287.41594385 -556818.74865964  733364.98057753
 180283.90262437 -556820.04484536  733364.96205802
 180280.39015658 -556821.34071669  733364.94354103
 180276.93538194 -556822.61530338  733364.92532624
 180270.02753761 -556825.16384764  733364.88889993
 180266.63187866 -556826.41662442  733364.87099122
 180253.10835178 -556831.40592486  733364.79964975
 180249.7706699  -556832.63731211  733364.78203777
 180246.43412365 -556833.86828061  733364.76442999
 180243.09438372 -556835.10042715  733364.74680359
 180236.53930485 -556837.51882454  733364.71220216
 180233.26073717 -556838.72840275  733364.69489342
 180230.04014651 -556839.91659129  733364.67788909
 180226.82126001 -556841.1041511   733364.66089209
 180223.59974687 -556842.29267982  733364.64387958
 180210.89621861 -556846.97945617  733364.57677719
 180196.61159696 -556852.24955393  733364.5012923 
 180193.09856185 -556853.54563566  733364.48272321
 180189.5846043  -556854.84205796  733364.46414725
 180186.0718516  -556856.13803577  733364.44557569
 180182.56059149 -556857.43346273  733364.42701007
 180179.10581812 -556858.70805005  733364.40874116
 180175.65218037 -556859.9822185   733364.39047635
 180172.19797559 -556861.25659592  733364.37220665
 180168.80231484 -556862.50937453  733364.35424472
 180165.40516537 -556863.7627025   733364.33627307
 180162.01014401 -556865.0152454   733364.31831083
 180155.2782222  -556867.49888853  733364.28268838
 180151.9411086  -556868.73006712  733364.26502713
 180148.60250477 -556869.96179568  733364.2473562 
 180145.26539198 -556871.1929742   733364.22969138
 180141.98774647 -556872.40221321  733364.21233961
 180138.70825602 -556873.6121329   733364.19497635
 180135.43061055 -556874.82137197  733364.17762113
 180132.20966645 -556876.009692    733364.16056447
 180121.67205099 -556879.89739036  733364.10475046
 180110.84163724 -556883.89311304  733364.04736704
 180103.69904471 -556886.52826816  733364.00951275
 180100.12746302 -556887.84595091  733363.99058104
 180093.1019617  -556890.4379074   733363.95333531
 180089.58949494 -556891.73378069  733363.93471101
 180086.07645966 -556893.02986396  733363.9160817 
 180082.62133134 -556894.30458332  733363.89775754
 180079.16833345 -556895.57851688  733363.87944276
 180075.71292202 -556896.85334054  733363.86111329
 180072.31726332 -556898.10611971  733363.8430989 
 180068.92131996 -556899.35900385  733363.82508115
 180058.79317343 -556903.09563704  733363.77133362
 180052.11958585 -556905.55776073  733363.7359096 
 180041.7572536  -556909.38079401  733363.68089122
 180030.69145112 -556913.46336279  733363.62211882
 180019.74281145 -556917.50270648  733363.56394939
 180016.11445966 -556918.84133513  733363.54466794
 180012.54167286 -556920.15946367  733363.52567973
 180008.97158349 -556921.47659716  733363.5067038 
 180005.40028701 -556922.79417606  733363.48771942
 179980.86986334 -556931.84432708  733363.3572648 
 179974.01851111 -556934.37203634  733363.32081159
 179963.83153433 -556938.13037758  733363.26659699
 179945.44814285 -556944.91267095  733363.16871942
 179934.32535677 -556949.01626663  733363.10947278
 179919.68918103 -556954.41607893  733363.03148152
 179894.74865883 -556963.61753752  733362.89850281
 179891.23590691 -556964.91351828  733362.87976543
 179887.72315814 -556966.20949839  733362.86102605
 179877.35933976 -556970.03308586  733362.80572694
 179837.37225582 -556984.78577085  733362.59220325
 179834.15315736 -556985.97341317  733362.57500272
 179808.86193007 -556995.30426691  733362.43980698
 179802.7131281  -556997.57278401  733362.40692272
 179799.66874462 -556998.69596783  733362.3906389 
 179783.6857367  -557004.59268268  733362.30512443
 179776.83587607 -557007.11984637  733362.26846285
 179756.63813543 -557014.57153168  733362.16031748
 179743.46532742 -557019.43146295  733362.08975073
 179730.58588577 -557024.18316121  733362.02072868
 179724.26173193 -557026.51637394  733361.98682724
 179698.55862847 -557035.99919344  733361.84897663
 179695.04829269 -557037.2942853   733361.83014184
 179691.53433783 -557038.5907128   733361.81128563
 179684.62742217 -557041.1389285   733361.77421672
 179681.17172972 -557042.41386081  733361.75566741
 179674.38190593 -557044.91887706  733361.71921574
 179657.57897408 -557051.11809905  733361.62897618
 179654.24065744 -557052.34972757  733361.61104247
 179644.40467701 -557055.97858419  733361.55819246
 179637.96492176 -557058.35444827  733361.5235824 
 179604.24225402 -557070.79599059  733361.34223365
 179600.73128021 -557072.09131946  733361.32334237
 179597.21817675 -557073.38743364  733361.30443769
 179590.25009075 -557075.95821975  733361.2669352 
 179586.79560439 -557077.23270801  733361.24834017
 179583.34168587 -557078.50698711  733361.22974626
 179579.94659676 -557079.75956176  733361.21146721
 179576.55094062 -557081.01234561  733361.19318326
 179563.08483949 -557085.98049204  733361.12065666
 179556.41033373 -557088.44296601  733361.08469792
 179497.2220227  -557110.27974782  733360.7655101 
 179493.76781997 -557111.55413256  733360.74686514
 179483.46368972 -557115.35571304  733360.69123449
 179459.92742864 -557124.03912429  733360.56410157
 179388.55926207 -557150.36953569  733360.17805854
 179268.24768602 -557194.75705881  733359.52542545
 179261.57339721 -557197.21945988  733359.48915273
 179223.10882544 -557211.41051685  733359.27997061
